instanceIndex,vpcGenerator,terms,lpBound,disjunctiveDualBound,lpBoundPostVpc,rootDualBound,dualBound,primalBound,vpcGenerationTime,rootDualBoundTime,bestSolutionTime,terminationTime,nodes,iterations,maxTime,actualTerms,numCuts,cutLimit,mipSolver,providePrimalBound
0,None,64,25501658.708008,25501658.708008,25501658.708008,25771463.925943,25779856.371698,25779856.371698,0.000003,1.720003,124.428003,124.448003,4510,41941,300.000000,0,0,0,CBC,1
1,None,64,25773054.384270,25773054.384270,25773054.384270,26275709.688647,26276792.645247,100000000000000007629769841091887003294964970946560.000000,0.000003,1.568003,0.000003,300.024003,8783,77206,300.000000,0,0,0,CBC,1
