instanceIndex,vpcGenerator,terms,lpBound,disjunctiveDualBound,lpBoundPostVpc,rootDualBound,dualBound,primalBound,vpcGenerationTime,rootDualBoundTime,bestSolutionTime,terminationTime,nodes,iterations,maxTime,actualTerms,numCuts,cutLimit,mipSolver,providePrimalBound
0,New,256,25490184.451460,25525079.988598,25500687.938864,25680005.073148,25680205.336781,100000000000000007629769841091887003294964970946560.000000,489.544865,490.508865,489.544865,490.564865,0,617,300.000000,404,14,730,CBC,1
1,New,256,25488536.037623,25523461.513291,25498918.879367,25683415.548110,25683441.169855,100000000000000007629769841091887003294964970946560.000000,573.287941,574.283941,573.287941,574.331941,0,638,300.000000,409,17,730,CBC,1
2,New,256,25490344.232253,25525239.769391,25499105.127286,25671611.474630,25671670.145652,100000000000000007629769841091887003294964970946560.000000,513.663541,514.635541,513.663541,514.683541,0,607,300.000000,404,15,730,CBC,1
3,New,256,25490003.333764,25524916.829170,25500285.728209,25686742.396421,25687468.790525,100000000000000007629769841091887003294964970946560.000000,645.367617,646.367617,645.367617,646.419617,0,698,300.000000,404,20,730,CBC,1
4,New,256,25489070.111979,25523935.812927,25499893.796592,25685465.753546,25685573.372767,100000000000000007629769841091887003294964970946560.000000,516.234087,517.222087,516.234087,517.270087,0,611,300.000000,404,15,730,CBC,1
5,New,256,25489809.456148,25524704.993285,25498670.863028,25683852.389962,25684490.710754,100000000000000007629769841091887003294964970946560.000000,513.337546,514.345546,513.337546,514.405546,0,661,300.000000,404,15,730,CBC,1
