instanceIndex,vpcGenerator,terms,lpBound,disjunctiveDualBound,lpBoundPostVpc,rootDualBound,dualBound,primalBound,vpcGenerationTime,rootDualBoundTime,bestSolutionTime,terminationTime,nodes,iterations,maxTime,actualTerms,numCuts,cutLimit,mipSolver,providePrimalBound
0,New,256,25490184.451460,25525079.988598,25500687.938864,25680005.073148,25680205.336781,100000000000000007629769841091887003294964970946560.000000,486.015808,486.975808,486.015808,487.031808,0,617,300.000000,404,14,730,CBC,1
1,New,256,30294907.034770,31211112.409930,30395015.036681,31922425.834470,31922617.934774,100000000000000007629769841091887003294964970946560.000000,289.337080,298.013080,289.337080,300.065080,15,3466,300.000000,461,4,1170,CBC,1
2,New,256,33468707.271156,33475260.671156,33475260.671156,34962581.720571,34962587.614722,100000000000000007629769841091887003294964970946560.000000,242.500481,246.848481,242.500481,300.048481,1531,12100,300.000000,499,3,840,CBC,1
3,New,256,25803144.208629,27264983.970835,26921282.370689,28437221.107310,28437221.107310,100000000000000007629769841091887003294964970946560.000000,184.358206,185.226206,184.358206,300.010206,4378,24682,300.000000,373,2,930,CBC,1
