instanceIndex,vpcGenerator,terms,lpBound,disjunctiveDualBound,lpBoundPostVpc,rootDualBound,dualBound,primalBound,vpcGenerationTime,rootDualBoundTime,bestSolutionTime,terminationTime,nodes,iterations,maxTime,actualTerms,numCuts,cutLimit,mipSolver,providePrimalBound
0,New,64,25490184.451460,25525079.988598,25507928.093382,25694477.893173,25694782.171565,100000000000000007629769841091887003294964970946560.000000,81.654932,84.578932,81.654932,300.026932,7991,48923,300.000000,103,8,730,CBC,1
1,Old,64,27859742.358269,27893689.857040,27885878.881384,29730868.535875,29730868.535875,100000000000000007629769841091887003294964970946560.000000,19.434251,21.946251,19.434251,300.014251,9840,51202,300.000000,103,38,0,CBC,1
2,Old,64,29054222.935408,29090658.168471,29065069.114791,30904135.031428,30907654.589280,30907654.589280,27.519960,29.355960,41.783960,41.803960,353,4702,300.000000,103,10,0,CBC,1
3,Old,64,27354674.883716,27396197.961763,27363555.020273,28847074.516549,28847111.406763,100000000000000007629769841091887003294964970946560.000000,31.215965,34.751965,31.215965,300.031965,9990,48379,300.000000,103,73,0,CBC,1
4,Old,64,30975278.008772,31009909.696246,30991636.546629,33306605.230602,33306605.230602,100000000000000007629769841091887003294964970946560.000000,31.900390,34.004390,31.900390,300.024390,9572,56055,300.000000,103,13,0,CBC,1
