instanceIndex,vpcGenerator,terms,lpBound,disjunctiveDualBound,lpBoundPostVpc,rootDualBound,dualBound,primalBound,vpcGenerationTime,rootDualBoundTime,bestSolutionTime,terminationTime,nodes,iterations,maxTime,actualTerms,numCuts,cutLimit,mipSolver,providePrimalBound
0,New,64,27900674.901759,27944304.375749,27929115.069495,27940954.054922,27942827.028631,100000000000000007629769841091887003294964970946560.000000,1142.417714,1143.385714,1142.417714,1143.513714,0,326,300.000000,101,137,590,CBC,1
1,Farkas,64,29820884.265605,29836859.648391,29820884.265605,30666023.267483,30707828.396472,30707828.396472,18.018135,19.430135,36.802135,36.830135,572,6781,300.000000,101,137,0,CBC,1
2,Farkas,64,28416578.935545,28431600.526979,28416578.935545,29420093.761217,29448687.149890,29448687.149890,18.301846,19.953846,78.281846,78.305846,2172,20863,300.000000,101,137,0,CBC,1
