instanceIndex,vpcGenerator,terms,lpBound,disjunctiveDualBound,lpBoundPostVpc,rootDualBound,dualBound,primalBound,vpcGenerationTime,rootDualBoundTime,bestSolutionTime,terminationTime,nodes,iterations,maxTime,actualTerms,numCuts,cutLimit,mipSolver,providePrimalBound
0,New,256,-61651.227098,-59327.667915,-60982.115755,-55036.720727,-55036.720727,100000000000000007629769841091887003294964970946560.000000,786.644062,786.748062,786.644062,787.648062,116,406,300.000000,1830,10,750,CBC,1
1,New,256,-61650.480590,-59227.393545,-60790.681071,-53883.223796,-53883.223796,100000000000000007629769841091887003294964970946560.000000,907.415313,907.547313,907.415313,908.423313,70,884,300.000000,1695,12,750,CBC,1
2,New,256,-61647.249192,-59245.941079,-61329.558398,-54258.567019,-54258.567019,100000000000000007629769841091887003294964970946560.000000,467.987066,468.115066,467.987066,468.991066,87,433,300.000000,469,4,750,CBC,1
3,New,256,-61737.817600,-59422.004889,-60825.713730,-56874.210018,-56874.210018,100000000000000007629769841091887003294964970946560.000000,919.017733,919.097733,919.017733,920.021733,105,536,300.000000,1693,13,750,CBC,1
