instanceIndex,vpcGenerator,terms,lpBound,disjunctiveDualBound,lpBoundPostVpc,rootDualBound,dualBound,primalBound,vpcGenerationTime,rootDualBoundTime,bestSolutionTime,terminationTime,nodes,iterations,maxTime,actualTerms,numCuts,cutLimit,mipSolver,providePrimalBound
0,New,256,291.089439,296.120104,294.613017,301.405022,301.405022,100000000000000007629769841091887003294964970946560.000000,416.538213,417.210213,416.538213,417.542213,51,500,300.000000,268,18,60,CBC,1
1,Old,256,290.883135,295.308638,295.229788,301.214071,301.214071,100000000000000007629769841091887003294964970946560.000000,310.414227,310.946227,310.414227,311.418227,73,660,300.000000,268,14,0,CBC,1
2,Old,256,289.000803,295.238665,294.722040,299.024718,299.024718,100000000000000007629769841091887003294964970946560.000000,305.779365,306.171365,305.779365,306.787365,80,562,300.000000,268,31,0,CBC,1
3,Old,256,290.773873,295.871442,295.747752,300.073376,300.073376,100000000000000007629769841091887003294964970946560.000000,303.156362,303.620362,303.156362,304.160362,96,637,300.000000,268,18,0,CBC,1
4,Old,256,289.028186,294.578267,292.476518,298.577520,298.577520,100000000000000007629769841091887003294964970946560.000000,304.720546,305.004546,304.720546,305.720546,90,472,300.000000,268,30,0,CBC,1
5,Old,256,290.317861,295.192561,294.935191,299.181205,299.181205,100000000000000007629769841091887003294964970946560.000000,307.315533,307.779533,307.315533,308.319533,101,731,300.000000,268,9,0,CBC,1
6,Old,256,289.003356,293.229915,292.366747,297.178974,297.178974,100000000000000007629769841091887003294964970946560.000000,307.749302,308.109302,307.749302,308.753302,105,595,300.000000,268,28,0,CBC,1
