instanceIndex,vpcGenerator,terms,lpBound,disjunctiveDualBound,lpBoundPostVpc,rootDualBound,dualBound,primalBound,vpcGenerationTime,rootDualBoundTime,bestSolutionTime,terminationTime,nodes,iterations,maxTime,actualTerms,numCuts,cutLimit,mipSolver,providePrimalBound
0,New,256,291.089439,296.120104,294.613017,301.405022,301.405022,100000000000000007629769841091887003294964970946560.000000,416.933588,417.609588,416.933588,417.941588,51,500,300.000000,268,18,60,CBC,1
1,Farkas,256,290.883135,295.308638,294.178031,300.239289,307.000000,307.000000,3.590336,4.102336,44.806336,44.810336,8446,31519,300.000000,268,18,0,CBC,1
2,Farkas,256,289.000803,295.238665,293.422872,299.480687,304.000000,304.000000,3.552504,3.908504,8.424504,8.428504,932,4121,300.000000,268,18,0,CBC,1
3,Farkas,256,290.773873,295.871442,293.749648,299.839514,307.000000,307.000000,3.590815,4.018815,23.474815,23.478815,3772,16843,300.000000,268,18,0,CBC,1
4,Farkas,256,289.028186,294.578267,292.627825,298.432243,305.000000,305.000000,3.577943,3.857943,15.201943,15.205943,2148,9726,300.000000,268,18,0,CBC,1
5,Farkas,256,290.317861,295.192561,293.563352,299.646114,306.000000,306.000000,3.598549,4.094549,14.614549,14.618549,2020,9154,300.000000,268,18,0,CBC,1
6,Farkas,256,289.003356,293.229915,291.529458,299.336083,305.000000,305.000000,3.571656,4.119656,22.823656,22.827656,3718,15571,300.000000,268,18,0,CBC,1
