instanceIndex,vpcGenerator,terms,lpBound,disjunctiveDualBound,lpBoundPostVpc,rootDualBound,dualBound,primalBound,vpcGenerationTime,rootDualBoundTime,bestSolutionTime,terminationTime,nodes,iterations,maxTime,actualTerms,numCuts,cutLimit,mipSolver,providePrimalBound
0,None,64,46.441955,46.441955,46.441955,47.278843,47.696044,49.000000,0.000003,1.404003,300.028003,300.052003,11532,241925,300.000000,0,0,0,CBC,1
1,None,64,47.164944,47.164944,47.164944,48.791807,49.718383,51.000000,0.000004,0.640004,300.032004,300.052004,13433,229267,300.000000,0,0,0,CBC,1
2,None,64,49.565112,49.565112,49.565112,50.431646,51.137383,52.000000,0.000003,0.804003,300.072003,300.092003,14613,223777,300.000000,0,0,0,CBC,1
3,None,64,48.113750,48.113750,48.113750,48.708848,49.467921,100000000000000007629769841091887003294964970946560.000000,0.000003,0.700003,0.000003,300.008003,11347,286510,300.000000,0,0,0,CBC,1
