instanceIndex,vpcGenerator,terms,lpBound,disjunctiveDualBound,lpBoundPostVpc,rootDualBound,dualBound,primalBound,vpcGenerationTime,rootDualBoundTime,bestSolutionTime,terminationTime,nodes,iterations,maxTime,actualTerms,numCuts,cutLimit,mipSolver,providePrimalBound
0,None,256,46.441955,46.441955,46.441955,47.278843,47.695056,49.000000,0.000038,1.440038,300.028038,300.052038,11527,241771,300.000000,0,0,0,CBC,1
1,None,256,46.864777,46.864777,46.864777,48.220985,48.220992,51.000000,0.000004,0.676004,300.028004,300.048004,10204,233991,300.000000,0,0,0,CBC,1
2,None,256,46.930485,46.930485,46.930485,48.813454,49.758531,52.000000,0.000004,1.968004,300.052004,300.092004,11299,200933,300.000000,0,0,0,CBC,1
3,None,256,47.343229,47.343229,47.343229,48.995673,48.995673,51.000000,0.000006,1.104006,300.032006,300.060006,10493,276247,300.000000,0,0,0,CBC,1
4,None,256,46.117260,46.117260,46.117260,48.209920,49.000000,49.000000,0.000003,1.076003,34.240003,34.260003,1241,29952,300.000000,0,0,0,CBC,1
