instanceIndex,vpcGenerator,terms,lpBound,disjunctiveDualBound,lpBoundPostVpc,rootDualBound,dualBound,primalBound,vpcGenerationTime,rootDualBoundTime,bestSolutionTime,terminationTime,nodes,iterations,maxTime,actualTerms,numCuts,cutLimit,mipSolver,providePrimalBound
0,New,64,141.886250,142.486875,142.391927,144.558240,144.597573,100000000000000007629769841091887003294964970946560.000000,77.475899,79.323899,77.475899,300.031899,9178,177693,300.000000,107,2,330,CBC,1
1,Old,64,155.938927,155.948334,155.948334,171.863801,171.870103,100000000000000007629769841091887003294964970946560.000000,310.639556,311.619556,310.639556,311.655556,0,1351,300.000000,107,399,0,CBC,1
2,Old,64,145.824251,146.571988,146.389273,156.384118,156.483525,100000000000000007629769841091887003294964970946560.000000,308.382315,309.358315,308.382315,309.402315,0,668,300.000000,107,149,0,CBC,1
3,Old,64,140.429115,141.106149,141.098172,143.591017,143.591045,100000000000000007629769841091887003294964970946560.000000,308.354438,309.358438,308.354438,309.386438,0,474,300.000000,107,107,0,CBC,1
4,Old,64,145.358379,146.096509,146.017275,161.400629,165.000000,165.000000,59.981870,62.225870,89.637870,89.669870,1034,25899,300.000000,107,13,0,CBC,1
5,Old,64,145.187508,146.514905,146.178988,150.845421,150.895647,100000000000000007629769841091887003294964970946560.000000,309.566804,310.550804,309.566804,310.598804,0,666,300.000000,107,172,0,CBC,1
6,Old,64,137.578743,138.228426,138.172850,144.108724,144.145974,100000000000000007629769841091887003294964970946560.000000,307.460225,308.452225,307.460225,308.492225,0,676,300.000000,107,168,0,CBC,1
7,Old,64,144.601378,145.024348,144.778133,147.792458,147.795882,100000000000000007629769841091887003294964970946560.000000,272.816876,274.644876,272.816876,300.056876,1103,20767,300.000000,107,1,0,CBC,1
