instanceIndex,vpcGenerator,terms,lpBound,disjunctiveDualBound,lpBoundPostVpc,rootDualBound,dualBound,primalBound,vpcGenerationTime,rootDualBoundTime,bestSolutionTime,terminationTime,nodes,iterations,maxTime,actualTerms,numCuts,cutLimit,mipSolver,providePrimalBound
0,None,4,-2501.144925,-2501.144925,-2501.144925,-2030.189437,-2030.167687,100000000000000007629769841091887003294964970946560.000000,0.000003,26.924003,0.000003,300.248003,645,41770,300.000000,0,0,0,CBC,1
1,None,4,-6006.452406,-6006.452406,-6006.452406,-5513.313479,-5513.311018,100000000000000007629769841091887003294964970946560.000000,0.000002,17.492002,0.000002,300.096002,2236,104194,300.000000,0,0,0,CBC,1
2,None,4,-1175.053383,-1175.053383,-1175.053383,-463.661520,-463.649772,100000000000000007629769841091887003294964970946560.000000,0.000003,19.432003,0.000003,300.172003,931,35460,300.000000,0,0,0,CBC,1
3,None,4,-2180.531816,-2180.531816,-2180.531816,-1864.775418,-1864.775070,100000000000000007629769841091887003294964970946560.000000,0.000005,24.448005,0.000005,300.144005,982,42866,300.000000,0,0,0,CBC,1
4,None,4,-1748.371668,-1748.371668,-1748.371668,-1310.309147,-1310.297249,100000000000000007629769841091887003294964970946560.000000,0.000004,24.368004,0.000004,300.172004,1266,50287,300.000000,0,0,0,CBC,1
5,None,4,-8480.260477,-8480.260477,-8480.260477,-7603.229466,-7603.211619,100000000000000007629769841091887003294964970946560.000000,0.000002,18.464002,0.000002,300.112002,922,67548,300.000000,0,0,0,CBC,1
6,None,4,-2881.837257,-2881.837257,-2881.837257,-2553.431122,-2553.419854,100000000000000007629769841091887003294964970946560.000000,0.000004,27.284004,0.000004,300.140004,1044,59475,300.000000,0,0,0,CBC,1
