instanceIndex,vpcGenerator,terms,lpBound,disjunctiveDualBound,lpBoundPostVpc,rootDualBound,dualBound,primalBound,vpcGenerationTime,rootDualBoundTime,bestSolutionTime,terminationTime,nodes,iterations,maxTime,actualTerms,numCuts,cutLimit,mipSolver,providePrimalBound
0,None,4,2718.191338,2718.191338,2718.191338,3118.994303,3124.000000,3124.000000,0.000003,1.336003,2.716003,2.736003,70,873,300.000000,0,0,0,CBC,1
1,None,4,2720.081311,2720.081311,2720.081311,3119.012178,3124.000000,3124.000000,0.000003,1.220003,22.496003,22.512003,1777,8930,300.000000,0,0,0,CBC,1
2,None,4,2721.914849,2721.914849,2721.914849,3118.994303,3124.000000,3124.000000,0.000003,1.320003,2.700003,2.720003,70,880,300.000000,0,0,0,CBC,1
3,None,4,2758.573040,2758.573040,2758.573040,3119.665480,3122.000000,3122.000000,0.000002,1.012002,1.144002,1.164002,5,311,300.000000,0,0,0,CBC,1
