lpBound,disjunctiveDualBound,lpBoundPostVpc,rootDualBound,dualBound,heuristicPrimalBound,primalBound,vpcGenerationTime,heuristicTime,rootDualBoundTime,firstSolutionTime,bestSolutionTime,terminationTime,maxTime,vpcGenerator,terms,iterations,nodes
38893.903641,38924.292248,38916.483000,38916.483000,39374.727818,40560.054142,40005.054142,2.080172,2.514630,2.538597,2.514543,211.847450,303.715153,300.000000,New,4,344119,59664
0.000222,0.000223,0.000223,0.000000,0.000230,0.000230,0.000230,1.909058,1.969856,0.000000,1.969859,1.969854,1.973084,300.000000,New,4,0,0
0.000215,0.000215,0.000215,0.000000,0.000230,0.000230,0.000230,1.887496,1.959669,0.000000,1.959675,1.959670,1.961502,300.000000,New,4,0,0
0.000216,0.000216,0.000216,0.000000,0.000230,0.000230,0.000230,1.770238,1.829854,0.000000,1.829868,1.829868,1.831692,300.000000,New,4,0,0
0.000215,0.000215,0.000215,0.000000,0.000220,0.000220,0.000220,1.880978,1.919867,0.000000,1.919881,1.919881,1.923097,300.000000,New,4,0,0
