lpBound,disjunctiveDualBound,lpBoundPostVpc,rootDualBound,dualBound,heuristicPrimalBound,primalBound,vpcGenerationTime,heuristicTime,rootDualBoundTime,firstSolutionTime,bestSolutionTime,terminationTime,maxTime,vpcGenerator,terms,iterations,nodes
44.555312,45.570972,44.555312,46.645330,46.645330,53.000000,49.000000,109.913058,110.908481,114.271604,110.908498,119.810099,300.094861,300.000000,New,64,86258,5361
44.404979,44.515963,44.404979,45.972139,45.972139,50.000000,50.000000,146.950936,147.850968,150.156355,147.850983,150.265311,300.094130,300.000000,Old,64,61282,5909
44.497752,44.762726,44.497752,0.000000,44.497752,0.000000,100000000000000007629769841091887003294964970946560.000000,314.042968,0.000000,0.000000,0.000000,0.000000,314.062384,300.000000,Old,64,0,0
44.667127,45.132757,44.667127,0.000000,44.667127,0.000000,100000000000000007629769841091887003294964970946560.000000,308.140842,0.000000,0.000000,0.000000,0.000000,308.159881,300.000000,Old,64,0,0
44.572431,44.865729,44.572431,0.000000,44.572431,0.000000,100000000000000007629769841091887003294964970946560.000000,310.924193,0.000000,0.000000,0.000000,0.000000,310.942868,300.000000,Old,64,0,0
44.630406,44.869309,44.630406,46.850014,46.850014,50.000000,49.000000,95.875330,97.084792,100.671569,97.084806,101.225099,300.047232,300.000000,Old,64,108492,6609
45.320892,45.429050,45.320892,46.984871,46.984871,52.000000,50.000000,96.165460,97.226072,101.133136,97.226079,101.304662,300.045575,300.000000,Old,64,90751,7832
