lpBound,disjunctiveDualBound,lpBoundPostVpc,rootDualBound,dualBound,heuristicPrimalBound,primalBound,vpcGenerationTime,heuristicTime,rootDualBoundTime,firstSolutionTime,bestSolutionTime,terminationTime,maxTime,vpcGenerator,terms,iterations,nodes
8877.000000,10186.285714,10168.357465,10353.827675,10740.928571,17928.000000,14787.000000,98.159934,100.033486,104.961320,100.033443,215.672671,300.248092,300.000000,New,64,121278,12824
10127.642857,10139.071429,10174.333451,11223.999813,11631.000000,11648.000000,11631.000000,45.249399,46.228173,46.338215,46.228176,46.351838,55.461550,300.000000,Old,64,9397,816
