instanceIndex,vpcGenerator,terms,lpBound,disjunctiveDualBound,lpBoundPostVpc,rootDualBound,dualBound,primalBound,vpcGenerationTime,rootDualBoundTime,bestSolutionTime,terminationTime,nodes,iterations,maxTime,actualTerms,numCuts,mipSolver,providePrimalBound
0,New,4,862578.643492,866345.914533,866305.636695,873132.800217,878430.316000,878430.316000,0.987072,1.075072,124.871072,124.875072,58322,122287,300.000000,24,3,CBC,1
1,New,4,874449.312447,1280847.352381,1280847.352381,1353913.041416,1359576.171159,1406757.033750,0.442851,0.758851,300.462851,300.466851,82648,130895,300.000000,29,1,CBC,1
2,New,4,862534.744682,867375.722881,867332.312726,872803.884747,878413.471250,878413.471250,0.850611,0.898611,157.454611,157.458611,63917,200412,300.000000,24,6,CBC,1
3,New,4,862623.286349,867464.264548,867404.746734,872817.021756,878465.575000,878465.575000,0.778056,0.822056,127.678056,127.678056,57261,148311,300.000000,24,5,CBC,1
