instanceIndex,vpcGenerator,terms,lpBound,disjunctiveDualBound,lpBoundPostVpc,rootDualBound,dualBound,primalBound,vpcGenerationTime,rootDualBoundTime,bestSolutionTime,terminationTime,nodes,iterations,maxTime,actualTerms,numCuts,mipSolver,providePrimalBound
0,None,4,8608417.946508,8608417.946508,8608417.946508,8696888.572758,8920510.419720,100000000000000007629769841091887003294964970946560.000000,0.008011,0.256011,0.008011,300.040011,91736,211148,300.000000,0,0,CBC,1
1,None,4,8610143.262364,8610143.262364,8610143.262364,8662024.255150,8933920.516023,8950679.601490,0.000970,0.032970,300.208970,300.208970,99347,167778,300.000000,0,0,CBC,1
