instanceIndex,vpcGenerator,terms,lpBound,disjunctiveDualBound,lpBoundPostVpc,rootDualBound,dualBound,primalBound,vpcGenerationTime,rootDualBoundTime,bestSolutionTime,terminationTime,nodes,iterations,maxTime,actualTerms,numCuts,mipSolver,providePrimalBound
0,None,16,6.915675,6.915675,6.915675,7.072200,7.598985,7.598985,0.020711,0.440711,64.976711,64.984711,9055,48326,300.000000,0,0,CBC,1
1,None,16,11.906374,11.906374,11.906374,13.255330,14.632112,17.657483,0.002076,1.058076,300.090076,300.110076,22526,189348,300.000000,0,0,CBC,1
2,None,16,7.449201,7.449201,7.449201,8.803410,9.221100,10.514081,0.002077,1.494077,300.034077,300.046077,26374,129471,300.000000,0,0,CBC,1
3,None,16,15.329370,15.329370,15.329370,30.240685,34.849413,46.012719,0.002718,0.274718,300.050718,300.054718,22957,148296,300.000000,0,0,CBC,1
4,None,16,6.944785,6.944785,6.944785,8.474092,9.517554,9.674568,0.002084,2.086084,300.050084,300.078084,27146,174492,300.000000,0,0,CBC,1
5,None,16,9.415061,9.415061,9.415061,11.877472,12.988321,17.292140,0.002730,1.142730,300.122730,300.142730,23273,159655,300.000000,0,0,CBC,1
6,None,16,10.190531,10.190531,10.190531,11.287365,11.967261,11.967261,0.002036,1.542036,214.194036,214.214036,15232,93328,300.000000,0,0,CBC,1
