instanceIndex,vpcGenerator,terms,lpBound,disjunctiveDualBound,lpBoundPostVpc,rootDualBound,dualBound,primalBound,vpcGenerationTime,rootDualBoundTime,bestSolutionTime,terminationTime,nodes,iterations,maxTime,actualTerms,numCuts,mipSolver,providePrimalBound
0,New,4,149.588766,189.267699,154.643792,567.951205,568.100700,568.100700,0.847469,0.943469,0.979469,0.983469,10,203,300.000000,9,1,CBC,1
1,Farkas,4,132.553934,167.921626,137.608960,545.350804,575.815890,575.815890,0.056036,0.156036,1.492036,1.496036,400,1513,300.000000,9,1,CBC,1
2,Farkas,4,159.200001,183.222336,163.120052,574.431869,597.631130,597.631130,0.065756,0.525756,2.965756,2.969756,602,3087,300.000000,9,1,CBC,1
3,Farkas,4,186.910548,231.532726,191.965574,616.846841,650.290560,650.290560,0.059474,0.683474,2.167474,2.175474,399,1950,300.000000,9,1,CBC,1
4,Farkas,4,192.385521,227.551324,197.430766,612.665981,612.666480,612.666480,0.084772,0.228772,0.256772,0.260772,6,297,300.000000,9,1,CBC,1
