instanceIndex,vpcGenerator,terms,lpBound,disjunctiveDualBound,lpBoundPostVpc,rootDualBound,dualBound,primalBound,vpcGenerationTime,rootDualBoundTime,bestSolutionTime,terminationTime,nodes,iterations,maxTime,actualTerms,numCuts,mipSolver,providePrimalBound
0,New,4,1167185.725592,1170620.000000,1170620.000000,1172518.723050,1201500.000000,1201500.000000,1.052082,1.148082,1.672082,1.672082,298,928,300.000000,6,5,CBC,1
1,New,4,1167134.001438,1170578.125000,1170578.125000,1172163.481823,1201440.000000,1201440.000000,0.074203,0.134203,0.502203,0.506203,220,575,300.000000,6,5,CBC,1
2,New,4,1170008.371630,1172636.250000,1172328.071809,1175109.114852,1202940.000000,1202940.000000,0.057851,0.149851,0.813851,0.817851,492,1098,300.000000,6,3,CBC,1
3,New,4,1170435.696615,1174070.666667,1174070.666667,1175072.623866,1206000.000000,1206000.000000,0.080302,0.176302,1.032302,1.032302,478,1357,300.000000,7,5,CBC,1
4,New,4,1167156.087623,1170560.000000,1170560.000000,1173009.629714,1201500.000000,1201500.000000,0.077610,0.137610,0.713610,0.713610,370,904,300.000000,6,5,CBC,1
