instanceIndex,vpcGenerator,terms,lpBound,disjunctiveDualBound,lpBoundPostVpc,rootDualBound,dualBound,primalBound,vpcGenerationTime,rootDualBoundTime,bestSolutionTime,terminationTime,nodes,iterations,maxTime,actualTerms,numCuts,mipSolver,providePrimalBound
0,New,64,834.682353,960.814135,950.261526,1042.384480,1120.000000,1120.000000,10.642645,10.706645,15.622645,15.622645,1711,6792,300.000000,165,12,CBC,1
1,Old,64,835.245650,964.584584,956.150381,1046.930870,1128.000000,1128.000000,2.862965,2.926965,10.786965,10.786965,3521,11476,300.000000,165,12,CBC,1
2,Old,64,834.924038,960.981442,947.888758,1081.005122,1148.000000,1148.000000,1.947916,2.611916,61.079916,61.087916,24576,80297,300.000000,165,12,CBC,1
3,Old,64,834.235161,962.718425,956.210855,1079.548703,1128.000000,1128.000000,1.880662,2.576662,25.444662,25.452662,10097,36236,300.000000,165,12,CBC,1
4,Old,64,834.308613,964.112534,942.532325,1071.946806,1120.000000,1120.000000,2.498241,3.126241,6.050241,6.054241,1184,5656,300.000000,165,8,CBC,1
5,Old,64,842.292927,938.683310,904.629612,1088.317569,1129.000000,1129.000000,2.568531,3.168531,5.432531,5.440531,837,4258,300.000000,165,11,CBC,1
6,Old,64,834.509856,960.539746,922.891323,1064.333441,1120.000000,1120.000000,2.586029,3.318029,17.002029,17.010029,5696,21491,300.000000,165,8,CBC,1
7,Old,64,838.907754,968.873880,952.902805,1107.042707,1185.000000,1185.000000,2.480704,2.552704,18.624704,18.624704,6783,23076,300.000000,165,12,CBC,1
8,Old,64,834.586093,938.990019,928.934661,1061.999272,1106.000000,1106.000000,2.538364,3.154364,8.046364,8.050364,1643,7460,300.000000,165,10,CBC,1
