instanceIndex,vpcGenerator,terms,lpBound,disjunctiveDualBound,lpBoundPostVpc,rootDualBound,dualBound,primalBound,vpcGenerationTime,rootDualBoundTime,bestSolutionTime,terminationTime,nodes,iterations,maxTime,actualTerms,numCuts,mipSolver,providePrimalBound
0,New,64,38893.903641,39041.736508,39039.710779,39039.710779,39190.333889,100000000000000007629769841091887003294964970946560.000000,34.214717,34.246717,34.214717,300.034717,60399,367766,300.000000,65,11,CBC,1
6,New,64,18136.633139,19129.904257,19049.169961,19049.169961,20101.948810,20101.948810,30.530853,30.550853,44.058853,44.058853,2719,14476,300.000000,97,10,CBC,1
