instanceIndex,vpcGenerator,terms,lpBound,disjunctiveDualBound,lpBoundPostVpc,rootDualBound,dualBound,primalBound,vpcGenerationTime,rootDualBoundTime,bestSolutionTime,terminationTime,nodes,iterations,maxTime,actualTerms,numCuts,mipSolver,providePrimalBound
0,New,64,1415.000000,1506.666667,1503.004634,1505.947254,1505.947867,100000000000000007629769841091887003294964970946560.000000,344.284530,345.296530,344.284530,345.320530,0,690,300.000000,522,26,CBC,1
1,Old,64,1470.000000,1536.666667,1533.811732,1533.965141,1533.965141,2735.000000,117.686346,118.018346,300.054346,300.062346,5427,115470,300.000000,522,24,CBC,1
