instanceIndex,vpcGenerator,terms,lpBound,disjunctiveDualBound,lpBoundPostVpc,rootDualBound,dualBound,primalBound,vpcGenerationTime,rootDualBoundTime,bestSolutionTime,terminationTime,nodes,iterations,maxTime,actualTerms,numCuts,mipSolver,providePrimalBound
0,None,16,0.000000,0.000000,0.000000,0.000000,0.595814,100000000000000007629769841091887003294964970946560.000000,0.010594,0.062594,0.010594,300.026594,50582,826439,300.000000,0,0,CBC,1
1,None,16,2.000000,2.000000,2.000000,2.000000,5.221150,16.000000,0.001368,0.021368,300.145368,300.149368,39546,595571,300.000000,0,0,CBC,1
