instanceIndex,vpcGenerator,terms,lpBound,disjunctiveDualBound,lpBoundPostVpc,rootDualBound,dualBound,primalBound,vpcGenerationTime,rootDualBoundTime,bestSolutionTime,terminationTime,nodes,iterations,maxTime,actualTerms,numCuts,cutLimit,mipSolver,providePrimalBound
0,New,16,7649.866134,7867.860624,7860.396258,7863.309182,8090.000000,8090.000000,24.824933,25.690328,32.631386,32.800604,1768,47806,3600.000000,18,75,75,GUROBI,1
1,New,16,7524.046523,7759.131582,7630.920719,7785.444525,7948.000000,7948.000000,2.145041,3.741926,4.115728,4.219769,86,2722,3600.000000,18,2,66,GUROBI,1
2,New,16,6906.394198,7415.028640,7073.243789,7624.802884,7870.000000,7870.000000,6.139434,7.644866,8.514535,8.783832,250,7551,3600.000000,46,11,66,GUROBI,1
