instanceIndex,vpcGenerator,terms,lpBound,disjunctiveDualBound,lpBoundPostVpc,rootDualBound,dualBound,primalBound,vpcGenerationTime,rootDualBoundTime,bestSolutionTime,terminationTime,nodes,iterations,maxTime,actualTerms,numCuts,cutLimit,mipSolver,providePrimalBound
0,New,4,7649.866134,7799.912563,7770.875044,7790.990007,8090.000000,8090.000000,3.738475,4.259025,5.211435,5.485505,846,14844,3600.000000,4,75,75,GUROBI,1
1,Farkas,4,7649.866134,7799.912563,7770.875044,7793.000000,8089.624339,8090.000000,0.035744,0.773982,2.590887,2.591005,1362,25874,3600.000000,4,75,0,GUROBI,1
2,Farkas,4,7649.866134,7799.912563,7770.875044,7793.000000,8089.387309,8090.000000,0.037327,0.781843,1.733515,2.347830,924,23937,3600.000000,4,75,0,GUROBI,1
3,Farkas,4,7649.862511,7799.909859,7770.871307,7793.995110,8089.603277,8090.000000,0.036691,0.712799,2.339113,2.382613,1340,21966,3600.000000,4,75,0,GUROBI,1
4,Farkas,4,7649.866134,7799.912563,7770.875044,7791.999972,8089.750000,8090.000000,0.036235,0.797716,1.442162,2.268171,1021,17087,3600.000000,4,75,0,GUROBI,1
