instanceIndex,vpcGenerator,terms,lpBound,disjunctiveDualBound,lpBoundPostVpc,rootDualBound,dualBound,primalBound,vpcGenerationTime,rootDualBoundTime,bestSolutionTime,terminationTime,nodes,iterations,maxTime,actualTerms,numCuts,cutLimit,mipSolver,providePrimalBound
0,New,16,7649.866134,7867.860624,7861.476877,7867.127604,8090.000000,8090.000000,23.154170,24.096496,24.513708,26.226142,1280,23923,3600.000000,16,75,75,GUROBI,1
1,Old,16,7699.072646,7900.163330,7887.306182,7894.242116,8135.000000,8135.000000,19.410582,20.391239,22.677988,22.743162,1152,27962,3600.000000,16,75,0,GUROBI,1
2,Old,16,7674.871361,7870.629682,7869.140111,7877.633661,8116.000000,8116.000000,19.918283,21.043287,22.687986,22.688102,950,17535,3600.000000,16,76,0,GUROBI,1
3,Old,16,7640.408724,7804.421000,7791.656294,7812.869980,7998.000000,7998.000000,20.174086,21.101990,22.103434,22.246832,513,12582,3600.000000,16,72,0,GUROBI,1
4,Old,16,7736.352942,7912.079861,7900.198308,7905.964679,8170.000000,8170.000000,15.306686,16.538069,19.590910,19.674476,2317,35579,3600.000000,16,66,0,GUROBI,1
