instanceIndex,vpcGenerator,terms,lpBound,disjunctiveDualBound,lpBoundPostVpc,rootDualBound,dualBound,primalBound,vpcGenerationTime,rootDualBoundTime,bestSolutionTime,terminationTime,nodes,iterations,maxTime,actualTerms,numCuts,cutLimit,mipSolver,providePrimalBound
0,New,16,7649.866134,7867.860624,7861.476877,7867.127604,8090.000000,8090.000000,23.173355,24.083429,24.578714,26.267807,1280,23923,3600.000000,16,75,75,GUROBI,1
1,Farkas,16,7649.866134,7867.860624,7861.476877,7863.000000,8089.246381,8090.000000,0.135835,0.718477,1.891841,2.618878,1268,26645,3600.000000,16,75,0,GUROBI,1
2,Farkas,16,7649.866134,7867.860624,7861.476877,7863.000000,8090.000000,8090.000000,0.136315,0.926425,3.130018,3.140899,1167,26450,3600.000000,16,75,0,GUROBI,1
3,Farkas,16,7649.862511,7867.855975,7861.474508,7864.995710,8090.000000,8090.000000,0.124725,0.675961,1.087457,3.318408,1439,31673,3600.000000,16,75,0,GUROBI,1
4,Farkas,16,7649.866134,7867.860624,7861.476877,7864.999930,8089.490035,8090.000000,0.152817,0.808971,3.140150,3.187346,1410,26345,3600.000000,16,75,0,GUROBI,1
