instanceIndex,vpcGenerator,terms,lpBound,disjunctiveDualBound,lpBoundPostVpc,rootDualBound,dualBound,primalBound,vpcGenerationTime,rootDualBoundTime,bestSolutionTime,terminationTime,nodes,iterations,maxTime,actualTerms,numCuts,cutLimit,mipSolver,providePrimalBound
0,None,4,7649.866134,7649.866134,7649.866134,7770.367871,8090.000000,8090.000000,0.000001,0.824990,1.105062,1.782602,568,12393,3600.000000,0,0,0,GUROBI,1
1,None,4,5313.000000,5313.000000,5313.000000,5313.000000,5526.000000,5526.000000,0.000002,0.394349,48.807193,64.128323,50487,1096411,3600.000000,0,0,0,GUROBI,1
2,None,4,6963.333867,6963.333867,6963.333867,7587.181150,7944.000000,7944.000000,0.000003,0.858494,2.275196,2.891308,1463,32979,3600.000000,0,0,0,GUROBI,1
