instanceIndex,vpcGenerator,terms,lpBound,disjunctiveDualBound,lpBoundPostVpc,rootDualBound,dualBound,primalBound,vpcGenerationTime,rootDualBoundTime,bestSolutionTime,terminationTime,nodes,iterations,maxTime,actualTerms,numCuts,cutLimit,mipSolver,providePrimalBound
0,New,16,7649.866134,7867.860624,7862.272414,7867.487629,8090.000000,8090.000000,24.686153,25.216394,26.039572,28.881008,1491,68123,3600.000000,17,75,75,GUROBI,1
1,Old,16,5313.000000,5313.000000,5313.000000,5313.000000,5526.000000,5526.000000,0.453585,0.646063,35.762934,37.815666,38906,626894,3600.000000,17,2,0,GUROBI,1
2,Old,16,6963.333867,7067.755747,7064.906414,7569.440115,7944.000000,7944.000000,11.796199,12.367037,16.765425,16.765536,2098,38679,3600.000000,17,71,0,GUROBI,1
