instanceIndex,vpcGenerator,terms,lpBound,disjunctiveDualBound,lpBoundPostVpc,rootDualBound,dualBound,primalBound,vpcGenerationTime,rootDualBoundTime,bestSolutionTime,terminationTime,nodes,iterations,maxTime,actualTerms,numCuts,cutLimit,mipSolver,providePrimalBound,infeasibleTerms,feasibleToInfeasibleTerms,infeasibleToFeasibleTerms
0,None,64,4649.667605,4649.667605,4649.667605,10704.512761,11502.319090,11503.444125,0.000003,3.058041,2341.949637,2358.770608,46483,4488074,3600.000000,0,0,0,GUROBI,1,0,0,0
1,None,64,487.882468,487.882468,487.882468,6487.971361,7044.734487,7045.174074,0.000004,3.331891,332.073591,332.073859,9602,819169,3600.000000,0,0,0,GUROBI,1,0,0,0
2,None,64,1527.771917,1527.771917,1527.771917,7296.792580,7986.504500,7987.121562,0.000004,3.507903,318.738402,318.739975,9608,792565,3600.000000,0,0,0,GUROBI,1,0,0,0
3,None,64,3535.709181,3535.709181,3535.709181,9347.806100,10185.608358,10186.402403,0.000003,3.943234,1284.245729,1600.441766,26179,3111538,3600.000000,0,0,0,GUROBI,1,0,0,0
4,None,64,1483.822517,1483.822517,1483.822517,7567.145950,8264.599151,8265.302854,0.000004,3.627171,702.566912,708.031810,15307,1297548,3600.000000,0,0,0,GUROBI,1,0,0,0
