instanceIndex,vpcGenerator,terms,lpBound,disjunctiveDualBound,lpBoundPostVpc,rootDualBound,dualBound,primalBound,vpcGenerationTime,rootDualBoundTime,bestSolutionTime,terminationTime,nodes,iterations,maxTime,actualTerms,numCuts,cutLimit,mipSolver,providePrimalBound
0,New,64,4649.667605,4985.201862,4770.394012,10666.590728,11502.300259,11503.444125,42.097502,45.116684,2127.778437,2127.779058,51593,4885936,3600.000000,64,3,155,GUROBI,1
1,Old,64,5050.393992,5372.046770,5117.537268,16438.186390,16583.963812,16583.963812,9.197862,9.989580,10.057725,10.381791,136,2873,3600.000000,64,3,0,GUROBI,1
2,Old,64,4844.791568,5185.286638,4845.563870,13779.174304,14218.124997,14218.124997,14.999139,16.188810,32.162495,32.162948,1275,41960,3600.000000,64,1,0,GUROBI,1
