instanceIndex,vpcGenerator,terms,lpBound,disjunctiveDualBound,lpBoundPostVpc,rootDualBound,dualBound,primalBound,vpcGenerationTime,rootDualBoundTime,bestSolutionTime,terminationTime,nodes,iterations,maxTime,actualTerms,numCuts,cutLimit,mipSolver,providePrimalBound
0,New,4,4649.667605,4772.930096,4695.429902,10749.785194,11502.296972,11503.444125,1.814405,5.204522,1999.832054,2030.775276,41999,4407569,3600.000000,4,4,155,GUROBI,1
1,Old,4,4690.309265,4813.716981,4715.181566,14506.275982,14742.610642,14743.569687,1.405419,2.752840,3.881804,4.695350,285,8707,3600.000000,4,3,0,GUROBI,1
2,Old,4,4803.322319,4923.749481,4824.780507,15302.730607,15621.503432,15621.929714,1.391101,2.544186,13.790027,13.790309,1900,46160,3600.000000,4,3,0,GUROBI,1
3,Old,4,5334.414539,5455.187964,5335.091176,16628.797511,16786.113231,16786.876062,1.378203,2.058618,2.308147,2.308420,66,2519,3600.000000,4,2,0,GUROBI,1
4,Old,4,4669.418245,4794.109724,4691.534245,12005.660349,12872.843077,12874.126875,1.408315,3.778612,755.185181,854.526572,22325,1939586,3600.000000,4,1,0,GUROBI,1
