instanceIndex,vpcGenerator,terms,lpBound,disjunctiveDualBound,lpBoundPostVpc,rootDualBound,dualBound,primalBound,vpcGenerationTime,rootDualBoundTime,bestSolutionTime,terminationTime,nodes,iterations,maxTime,actualTerms,numCuts,cutLimit,mipSolver,providePrimalBound,infeasibleTerms,feasibleToInfeasibleTerms,infeasibleToFeasibleTerms
0,None,4,983.167425,983.167425,983.167425,1097.314305,1158.000000,1158.000000,0.000002,1.057943,15.881928,17.938189,2316,88017,3600.000000,0,0,0,GUROBI,1,0,0,0
1,None,4,984.767257,984.767257,984.767257,1196.989048,1240.000000,1240.000000,0.000002,0.857895,7.058868,7.514529,1525,47010,3600.000000,0,0,0,GUROBI,1,0,0,0
2,None,4,989.223278,989.223278,989.223278,1622.909844,1655.000000,1655.000000,0.000002,1.135841,5.021054,5.029654,430,20323,3600.000000,0,0,0,GUROBI,1,0,0,0
3,None,4,981.716356,981.716356,981.716356,1205.512438,1250.000000,1250.000000,0.000003,1.260734,17.704887,17.940442,1331,55598,3600.000000,0,0,0,GUROBI,1,0,0,0
