instanceIndex,vpcGenerator,terms,lpBound,disjunctiveDualBound,lpBoundPostVpc,rootDualBound,dualBound,primalBound,vpcGenerationTime,rootDualBoundTime,bestSolutionTime,terminationTime,nodes,iterations,maxTime,actualTerms,numCuts,cutLimit,mipSolver,providePrimalBound
0,None,64,983.167425,983.167425,983.167425,1097.314305,1158.000000,1158.000000,0.000002,0.645543,11.621160,13.402999,2316,88017,3600.000000,0,0,0,GUROBI,1
1,None,64,583.463163,583.463163,583.463163,818.518716,821.000000,821.000000,0.000002,0.074904,0.000002,0.080494,1,599,3600.000000,0,0,0,GUROBI,1
2,None,64,-92.802522,-92.802522,-92.802522,266.000000,266.000000,266.000000,0.000002,0.034806,0.000002,0.037488,1,213,3600.000000,0,0,0,GUROBI,1
3,None,64,354.045951,354.045951,354.045951,767.339103,802.000000,802.000000,0.000002,0.335749,0.964367,0.973729,470,6273,3600.000000,0,0,0,GUROBI,1
4,None,64,782.600134,782.600134,782.600134,871.000000,871.000000,871.000000,0.000003,0.026707,0.000003,0.027904,1,126,3600.000000,0,0,0,GUROBI,1
5,None,64,-358.574767,-358.574767,-358.574767,21.681073,23.000000,23.000000,0.000002,0.171572,0.000002,0.173186,1,646,3600.000000,0,0,0,GUROBI,1
6,None,64,808.892571,808.892571,808.892571,953.000000,953.000000,953.000000,0.000002,0.035389,0.000002,0.036998,1,230,3600.000000,0,0,0,GUROBI,1
