instanceIndex,vpcGenerator,terms,lpBound,disjunctiveDualBound,lpBoundPostVpc,rootDualBound,dualBound,primalBound,vpcGenerationTime,rootDualBoundTime,bestSolutionTime,terminationTime,nodes,iterations,maxTime,actualTerms,numCuts,cutLimit,mipSolver,providePrimalBound
0,None,4,2654.736802,2654.736802,2654.736802,2685.079904,2713.000000,2713.000000,0.000003,1.808393,7.179279,7.931554,530,58207,3600.000000,0,0,0,GUROBI,1
1,None,4,2654.736802,2654.736802,2654.736802,2686.000000,2712.796875,2713.000000,0.000002,2.951465,46.459211,46.658788,2502,298002,3600.000000,0,0,0,GUROBI,1
2,None,4,2654.736802,2654.736802,2654.736802,2685.000000,2712.790121,2713.000000,0.000002,2.639009,4.248264,7.220244,489,41930,3600.000000,0,0,0,GUROBI,1
3,None,4,2654.736802,2654.736802,2654.736802,2684.999985,2712.812500,2713.000000,0.000002,1.817883,15.641546,16.451657,950,118581,3600.000000,0,0,0,GUROBI,1
4,None,4,2654.736802,2654.736802,2654.736802,2685.000000,2713.000000,2713.000000,0.000002,2.688700,4.083944,11.810727,745,107524,3600.000000,0,0,0,GUROBI,1
