instanceIndex,vpcGenerator,terms,lpBound,disjunctiveDualBound,lpBoundPostVpc,rootDualBound,dualBound,primalBound,vpcGenerationTime,rootDualBoundTime,bestSolutionTime,terminationTime,nodes,iterations,maxTime,actualTerms,numCuts,cutLimit,mipSolver,providePrimalBound,infeasibleTerms,feasibleToInfeasibleTerms,infeasibleToFeasibleTerms
0,New,4,2654.736802,2670.678675,2669.135423,2684.896374,2713.000000,2713.000000,121.530657,123.659045,161.673213,161.792699,1505,210081,3600.000000,4,182,182,GUROBI,1,0,0,0
1,New,4,2654.736802,2670.678675,2668.433913,2683.000000,2713.000000,2713.000000,121.752363,124.056013,148.710713,153.924211,1622,220798,3600.000000,4,182,182,GUROBI,1,0,0,0
2,New,4,2654.731073,2670.670440,2668.043786,2684.989038,2713.000000,2713.000000,101.835022,104.098142,104.884659,108.174694,624,31387,3600.000000,4,182,182,GUROBI,1,0,0,0
3,New,4,2654.736802,2670.678675,2667.571060,2683.999321,2712.906250,2713.000000,100.095427,101.909302,118.482178,119.259048,1508,97985,3600.000000,4,182,182,GUROBI,1,0,0,0
4,New,4,2654.736802,2670.678675,2668.230363,2683.999843,2713.000000,2713.000000,96.781782,98.693088,100.044785,101.104723,305,19973,3600.000000,4,182,182,GUROBI,1,0,0,0
5,New,4,2654.736802,2670.678675,2668.712814,2685.000000,2712.968750,2713.000000,132.061964,134.652148,149.125370,149.399145,899,124184,3600.000000,4,182,182,GUROBI,1,0,0,0
6,New,4,2654.736802,2670.678675,2668.080913,2684.000000,2713.000000,2713.000000,101.952425,104.186968,111.174176,111.300877,898,55724,3600.000000,4,182,182,GUROBI,1,0,0,0
