instanceIndex,vpcGenerator,terms,lpBound,disjunctiveDualBound,lpBoundPostVpc,rootDualBound,dualBound,primalBound,vpcGenerationTime,rootDualBoundTime,bestSolutionTime,terminationTime,nodes,iterations,maxTime,actualTerms,numCuts,cutLimit,mipSolver,providePrimalBound,infeasibleTerms,feasibleToInfeasibleTerms,infeasibleToFeasibleTerms
0,None,16,19294.125000,19294.125000,19294.125000,19294.125000,19294.125000,19294.250000,0.000002,0.000002,0.000002,0.042355,1,96,3600.000000,0,0,0,GUROBI,1,0,0,0
1,None,16,19160.317884,19160.317884,19160.317884,19160.703002,19160.743187,19161.026585,0.000003,0.584643,1.981650,1.982025,303,555,3600.000000,0,0,0,GUROBI,1,0,0,0
2,None,16,19023.282750,19023.282750,19023.282750,19023.283512,19023.332600,19023.508000,0.000002,0.256792,0.000002,0.260318,1,23,3600.000000,0,0,0,GUROBI,1,0,0,0
3,None,16,18946.738934,18946.738934,18946.738934,18947.157716,18947.178824,18947.512000,0.000003,0.295554,1.481820,1.485410,246,354,3600.000000,0,0,0,GUROBI,1,0,0,0
4,None,16,18918.167883,18918.167883,18918.167883,18918.628560,18918.649000,18918.774000,0.000003,0.292281,1.012693,1.016055,194,305,3600.000000,0,0,0,GUROBI,1,0,0,0
