instanceIndex,vpcGenerator,terms,lpBound,disjunctiveDualBound,lpBoundPostVpc,rootDualBound,dualBound,primalBound,vpcGenerationTime,rootDualBoundTime,bestSolutionTime,terminationTime,nodes,iterations,maxTime,actualTerms,numCuts,cutLimit,mipSolver,providePrimalBound
0,New,4,5627412.287941,5632384.570950,5632320.875114,5732728.785084,5751640.520356,5751714.328903,2.583425,3.268738,3.775757,3.775920,67,4014,3600.000000,4,18,18,GUROBI,1
1,Old,4,5627555.292089,5631881.601572,5630957.401817,5729521.469951,5748594.951451,5748873.855539,3.241603,4.128424,4.766440,4.779931,83,6031,3600.000000,4,19,0,GUROBI,1
2,Old,4,5628691.846537,5633392.445675,5630656.574219,5733479.486962,5751867.265144,5751866.799971,1.812660,2.614500,3.070878,3.091810,54,4321,3600.000000,4,19,0,GUROBI,1
3,Old,4,5626365.892462,5630886.537838,5627249.479618,5730505.187268,5747297.867592,5747297.540028,1.780471,2.463844,2.914686,2.924249,48,3606,3600.000000,4,19,0,GUROBI,1
4,Old,4,5627188.865156,5632040.872915,5631083.690504,5729795.841350,5749308.657829,5749308.331715,1.857220,2.489295,2.883280,2.898669,38,3431,3600.000000,4,19,0,GUROBI,1
5,Old,4,5628473.629501,5633133.098473,5630574.351120,5734139.159641,5749219.170864,5749469.288904,1.809859,2.515987,2.888867,2.906098,40,3603,3600.000000,4,19,0,GUROBI,1
