instanceIndex,vpcGenerator,terms,lpBound,disjunctiveDualBound,lpBoundPostVpc,rootDualBound,dualBound,primalBound,vpcGenerationTime,rootDualBoundTime,bestSolutionTime,terminationTime,nodes,iterations,maxTime,actualTerms,numCuts,cutLimit,mipSolver,providePrimalBound,infeasibleTerms,feasibleToInfeasibleTerms,infeasibleToFeasibleTerms
0,New,16,5627412.287941,5636985.495796,5632153.403223,5731543.818636,5751677.624944,5751714.328903,14.643261,15.229204,15.644998,15.671596,39,3891,3600.000000,25,18,18,GUROBI,1,17,0,0
1,Farkas,16,5627024.768698,5636716.546829,5631501.385563,5736087.508856,5755665.388639,5755664.984871,0.466352,1.228896,1.866708,1.895424,84,4923,3600.000000,25,18,0,GUROBI,1,17,0,0
2,Farkas,16,5609087.730873,5622574.251026,5617606.760736,5716221.373049,5753179.826843,5753178.935894,0.457718,1.072084,1.347702,1.443446,54,3432,3600.000000,25,18,0,GUROBI,1,17,0,0
3,Farkas,16,5624775.790993,5633857.330021,5629042.744192,5734320.428432,5762491.430704,5762961.395340,0.442910,1.332355,2.150054,2.205676,104,7388,3600.000000,25,18,0,GUROBI,1,17,0,0
4,Farkas,16,5627920.017927,5635329.239550,5629893.174816,5730667.291670,5744292.714516,5744291.866076,0.419507,1.246191,1.748660,1.796993,64,4629,3600.000000,25,18,0,GUROBI,1,17,0,0
5,Farkas,16,5611137.101572,5618928.231749,5614963.385626,5723154.794017,5731780.562012,5731780.562012,0.456723,1.140382,1.479005,1.515956,30,3098,3600.000000,25,18,0,GUROBI,1,17,0,0
