instanceIndex,vpcGenerator,terms,lpBound,disjunctiveDualBound,lpBoundPostVpc,rootDualBound,dualBound,primalBound,vpcGenerationTime,rootDualBoundTime,bestSolutionTime,terminationTime,nodes,iterations,maxTime,actualTerms,numCuts,cutLimit,mipSolver,providePrimalBound,infeasibleTerms,feasibleToInfeasibleTerms,infeasibleToFeasibleTerms
0,New,64,4592.504859,5338.380602,4597.254859,19662.530463,23675.458232,24544.250000,422.906187,429.574017,3846.737225,4022.913818,33195,7454437,3600.000000,64,1,247,GUROBI,1,0,0,0
1,New,64,-547542.630260,-545245.638988,-547411.993374,-530432.745029,-527079.052322,-527027.790267,51.407312,56.050834,86.993946,128.336450,1692,132827,3600.000000,64,2,177,GUROBI,1,3,0,0
2,New,64,-313503.712020,-311741.505831,-313356.258348,-297252.175456,-294449.735787,-294428.060333,846.416803,852.010458,910.526841,910.527141,829,93091,3600.000000,64,35,191,GUROBI,1,0,0,0
3,New,64,-217146.417366,-216496.519937,-217137.613719,-202837.764969,-200038.993451,-200038.993451,3630.372037,3637.435935,3715.491953,3715.865685,1090,133833,3600.000000,64,23,208,GUROBI,1,0,0,0
4,New,64,-136250.069415,-135898.404415,-136241.282511,-121086.942247,-117366.418228,-117356.911467,149.623205,155.168750,530.783400,530.785059,9171,768466,3600.000000,64,2,210,GUROBI,1,0,0,0
