instanceIndex,vpcGenerator,terms,lpBound,disjunctiveDualBound,lpBoundPostVpc,rootDualBound,dualBound,primalBound,vpcGenerationTime,rootDualBoundTime,bestSolutionTime,terminationTime,nodes,iterations,maxTime,actualTerms,numCuts,cutLimit,mipSolver,providePrimalBound
0,New,4,329598.623481,331709.911996,330087.391085,383156.797180,383255.612930,383285.000000,0.326385,0.495031,0.498899,0.499415,10,431,3600.000000,6,2,40,GUROBI,1
1,Old,4,351976.657227,353477.284598,352564.386509,434014.124761,436756.551119,436785.218750,0.089799,0.211476,0.219917,0.227783,37,432,3600.000000,6,2,0,GUROBI,1
2,Old,4,321338.839769,322265.292563,322265.292563,394721.610315,401275.924997,401275.924997,0.060154,0.214051,0.457034,1.083370,599,4302,3600.000000,6,4,0,GUROBI,1
3,Old,4,312531.180923,312767.153140,312767.153140,376302.738056,376530.195354,376531.031250,0.079113,0.184527,0.079113,0.185268,4,258,3600.000000,6,12,0,GUROBI,1
