instanceIndex,vpcGenerator,terms,lpBound,disjunctiveDualBound,lpBoundPostVpc,rootDualBound,dualBound,primalBound,vpcGenerationTime,rootDualBoundTime,bestSolutionTime,terminationTime,nodes,iterations,maxTime,actualTerms,numCuts,cutLimit,mipSolver,providePrimalBound
0,None,64,329598.623481,329598.623481,329598.623481,381123.984772,383285.000000,383285.000000,0.000032,0.202369,0.211693,0.213090,21,514,3600.000000,0,0,0,GUROBI,1
1,None,64,340010.716882,340010.716882,340010.716882,395780.361193,396248.600000,396248.600000,0.000002,0.128743,0.133606,0.134493,11,408,3600.000000,0,0,0,GUROBI,1
2,None,64,309070.678924,309070.678924,309070.678924,370136.342322,370975.000000,370975.000000,0.000004,0.168544,0.174327,0.175560,15,511,3600.000000,0,0,0,GUROBI,1
3,None,64,304560.408455,304560.408455,304560.408455,371437.404636,375264.900000,375264.900000,0.000003,0.168094,0.182216,0.183287,20,508,3600.000000,0,0,0,GUROBI,1
4,None,64,316793.464678,316793.464678,316793.464678,370190.581009,372297.000000,372297.000000,0.000003,0.153653,0.161023,0.164104,26,452,3600.000000,0,0,0,GUROBI,1
5,None,64,317284.897663,317284.897663,317284.897663,368314.633835,369523.400000,369523.400000,0.000002,0.147086,0.149179,0.153862,13,426,3600.000000,0,0,0,GUROBI,1
6,None,64,318052.939350,318052.939350,318052.939350,377188.639192,377430.100000,377430.100000,0.000002,0.218852,0.220020,0.221538,8,492,3600.000000,0,0,0,GUROBI,1
7,None,64,296940.878343,296940.878343,296940.878343,372100.217052,373587.100000,373587.100000,0.000001,0.170408,0.183489,0.184484,21,471,3600.000000,0,0,0,GUROBI,1
