instanceIndex,vpcGenerator,terms,lpBound,disjunctiveDualBound,lpBoundPostVpc,rootDualBound,dualBound,primalBound,vpcGenerationTime,rootDualBoundTime,bestSolutionTime,terminationTime,nodes,iterations,maxTime,actualTerms,numCuts,cutLimit,mipSolver,providePrimalBound
0,New,4,11.724138,13.500000,13.500000,18.922040,46.750000,46.750000,408.447937,409.383625,412.580925,471.709137,11689,893004,3600.000000,4,26,26,GUROBI,1
1,Old,4,11.917211,13.500000,13.360167,19.924829,40.500000,40.500000,622.802006,624.069593,624.246627,624.645337,45,11140,3600.000000,4,25,0,GUROBI,1
2,Old,4,11.571429,13.500000,13.500000,23.786149,42.208333,42.208333,923.208565,924.593209,941.239719,951.616485,4045,329854,3600.000000,4,20,0,GUROBI,1
3,Old,4,11.200717,11.890625,11.750512,16.692953,35.000000,35.000000,772.487836,773.503567,782.008332,785.297422,897,133228,3600.000000,4,16,0,GUROBI,1
4,Old,4,14.800000,16.200000,16.133338,23.062871,40.500000,40.500000,1189.665360,1190.831088,1192.819291,1193.743147,412,46264,3600.000000,4,10,0,GUROBI,1
