instanceIndex,vpcGenerator,terms,lpBound,disjunctiveDualBound,lpBoundPostVpc,rootDualBound,dualBound,primalBound,vpcGenerationTime,rootDualBoundTime,bestSolutionTime,terminationTime,nodes,iterations,maxTime,actualTerms,numCuts,cutLimit,mipSolver,providePrimalBound
0,New,64,7.043999,7.118417,7.043999,7.126532,7.598985,7.598985,2.355124,2.497081,3.790763,4.076979,2335,13180,3600.000000,80,13,13,GUROBI,1
1,Old,64,6.793999,6.868417,6.857007,6.901658,7.348985,7.348985,0.653128,0.796021,3.050835,3.064477,3162,20923,3600.000000,80,13,0,GUROBI,1
2,Old,64,-38.956001,-38.881583,-38.898866,-38.859957,-38.404773,-38.401015,0.686474,0.848237,1.063095,1.216667,501,2829,3600.000000,80,13,0,GUROBI,1
3,Old,64,7.043999,7.118417,7.094683,7.131182,7.541851,7.541851,0.701323,0.858673,2.131676,2.171593,1603,9040,3600.000000,80,13,0,GUROBI,1
4,Old,64,-253.071346,-253.053324,-253.053324,-253.024584,-252.651015,-252.651015,0.651962,0.758336,2.008050,2.008467,1677,11083,3600.000000,80,12,0,GUROBI,1
5,Old,64,7.043999,7.118417,7.097597,7.147229,7.598985,7.598985,0.688504,0.918547,2.885288,3.082100,2702,18396,3600.000000,80,13,0,GUROBI,1
6,Old,64,7.043999,7.118417,7.094683,7.128247,7.560582,7.560582,0.687417,0.811345,1.833939,1.907734,1380,7904,3600.000000,80,13,0,GUROBI,1
