instanceIndex,vpcGenerator,terms,lpBound,disjunctiveDualBound,lpBoundPostVpc,rootDualBound,dualBound,primalBound,vpcGenerationTime,rootDualBoundTime,bestSolutionTime,terminationTime,nodes,iterations,maxTime,actualTerms,numCuts,cutLimit,mipSolver,providePrimalBound,infeasibleTerms,feasibleToInfeasibleTerms,infeasibleToFeasibleTerms
0,None,4,2277.076833,2277.076833,2277.076833,2334.571607,2342.315488,2342.315488,0.000004,10.192665,14.985518,14.995485,208,5117,3600.000000,0,0,0,GUROBI,1,0,0,0
1,None,4,2274.577141,2274.577141,2274.577141,2331.419017,2341.319705,2341.516549,0.000003,9.516433,13.413769,14.040762,114,3599,3600.000000,0,0,0,GUROBI,1,0,0,0
2,None,4,2274.965295,2274.965295,2274.965295,2333.670930,2342.160795,2342.315488,0.000004,12.221456,14.530513,15.425320,199,4674,3600.000000,0,0,0,GUROBI,1,0,0,0
3,None,4,2275.698661,2275.698661,2275.698661,2333.092317,2342.116834,2342.315488,0.000003,10.266230,13.502710,14.261339,168,4120,3600.000000,0,0,0,GUROBI,1,0,0,0
4,None,4,2276.838407,2276.838407,2276.838407,2329.359991,2342.219384,2342.315488,0.000003,9.744991,34.309899,34.312667,638,11071,3600.000000,0,0,0,GUROBI,1,0,0,0
5,None,4,2270.442969,2270.442969,2270.442969,2326.985593,2337.698579,2337.698579,0.000004,7.808287,26.414796,26.506555,606,10156,3600.000000,0,0,0,GUROBI,1,0,0,0
