instanceIndex,vpcGenerator,terms,lpBound,disjunctiveDualBound,lpBoundPostVpc,rootDualBound,dualBound,primalBound,vpcGenerationTime,rootDualBoundTime,bestSolutionTime,terminationTime,nodes,iterations,maxTime,actualTerms,numCuts,cutLimit,mipSolver,providePrimalBound
0,None,64,2277.076833,2277.076833,2277.076833,2334.571607,2342.315488,2342.315488,0.000003,6.155527,8.590895,8.591727,208,5117,3600.000000,0,0,0,GUROBI,1
1,None,64,2174.640802,2174.640802,2174.640802,2250.752658,2263.767694,2263.980781,0.000004,5.840273,6.601403,7.099299,77,2828,3600.000000,0,0,0,GUROBI,1
2,None,64,2222.819711,2222.819711,2222.819711,2310.488689,2331.770442,2331.947944,0.000002,7.597916,9.723459,9.759431,151,4681,3600.000000,0,0,0,GUROBI,1
3,None,64,2178.397249,2178.397249,2178.397249,2249.843874,2263.941190,2263.941190,0.000002,5.744361,6.924430,6.926901,51,2727,3600.000000,0,0,0,GUROBI,1
