instanceIndex,vpcGenerator,terms,lpBound,disjunctiveDualBound,lpBoundPostVpc,rootDualBound,dualBound,primalBound,vpcGenerationTime,rootDualBoundTime,bestSolutionTime,terminationTime,nodes,iterations,maxTime,actualTerms,numCuts,cutLimit,mipSolver,providePrimalBound
0,New,16,2277.076833,2283.049670,2278.171228,2330.678007,2342.315488,2342.315488,635.519883,640.287705,640.944057,642.351038,214,4795,3600.000000,374,45,45,GUROBI,1
1,Old,16,2854.765848,2855.498265,2855.443244,2895.120541,2895.215272,2895.215296,100.114246,102.804286,100.114246,102.813180,1,558,3600.000000,374,26,0,GUROBI,1
2,Old,16,2348.096973,2352.440148,2350.196361,2394.747180,2404.715927,2404.769008,225.198009,231.105470,232.958339,232.959156,226,4987,3600.000000,374,40,0,GUROBI,1
3,Old,16,2277.076833,2283.049670,2278.040306,2333.052572,2342.221385,2342.315488,486.034311,491.070733,492.975668,492.976511,180,3596,3600.000000,374,46,0,GUROBI,1
