instanceIndex,vpcGenerator,terms,lpBound,disjunctiveDualBound,lpBoundPostVpc,rootDualBound,dualBound,primalBound,vpcGenerationTime,rootDualBoundTime,bestSolutionTime,terminationTime,nodes,iterations,maxTime,actualTerms,numCuts,cutLimit,mipSolver,providePrimalBound
0,None,64,2277.076833,2277.076833,2277.076833,2334.571607,2342.315488,2342.315430,0.000002,5.688134,8.215244,8.216101,208,5117,3600.000000,0,0,0,GUROBI,1
1,None,64,2274.197730,2274.197730,2274.197730,2328.792018,2341.090219,2341.315430,0.000003,3.939800,25.495699,25.550264,742,9677,3600.000000,0,0,0,GUROBI,1
2,None,64,2272.431699,2272.431699,2272.431699,2327.323689,2339.983056,2340.214283,0.000003,3.500750,6.785799,7.115958,359,7435,3600.000000,0,0,0,GUROBI,1
3,None,64,2275.020565,2275.020565,2275.020565,2327.935037,2340.048356,2340.214283,0.000003,4.913318,7.317215,7.412822,263,5010,3600.000000,0,0,0,GUROBI,1
4,None,64,2271.102275,2271.102275,2271.102275,2325.629496,2337.135798,2337.214283,0.000003,5.097149,9.146089,9.165875,408,7984,3600.000000,0,0,0,GUROBI,1
5,None,64,2278.101322,2278.101322,2278.101322,2333.333292,2344.133795,2344.315430,0.000003,6.319054,7.691363,8.600722,190,4800,3600.000000,0,0,0,GUROBI,1
