instanceIndex,vpcGenerator,terms,lpBound,disjunctiveDualBound,lpBoundPostVpc,rootDualBound,dualBound,primalBound,vpcGenerationTime,rootDualBoundTime,bestSolutionTime,terminationTime,nodes,iterations,maxTime,actualTerms,numCuts,cutLimit,mipSolver,providePrimalBound
0,New,16,2277.076833,2283.049670,2278.171228,2330.678007,2342.315488,2342.315488,634.280419,639.019508,639.673360,641.063072,214,4795,3600.000000,374,45,45,GUROBI,1
1,Old,16,2174.640802,2177.679142,2176.254632,2246.434908,2263.980781,2263.980781,1146.131101,1150.765339,1152.935681,1152.936499,219,4775,3600.000000,374,47,0,GUROBI,1
2,Old,16,2222.819711,2224.030945,2224.030945,2313.465688,2331.947944,2331.947944,923.013537,929.839400,930.886898,930.887718,61,2788,3600.000000,374,48,0,GUROBI,1
