instanceIndex,vpcGenerator,terms,lpBound,disjunctiveDualBound,lpBoundPostVpc,rootDualBound,dualBound,primalBound,vpcGenerationTime,rootDualBoundTime,bestSolutionTime,terminationTime,nodes,iterations,maxTime,actualTerms,numCuts,cutLimit,mipSolver,providePrimalBound,infeasibleTerms,feasibleToInfeasibleTerms,infeasibleToFeasibleTerms
0,New,4,0.000000,0.000000,0.000000,0.000000,1.000000,1.000000,244.681335,252.826606,244.681335,890.327111,2901,1658870,3600.000000,4,6,563,GUROBI,1,0,0,0
1,Farkas,4,0.000000,0.000000,0.000000,0.000000,1.000000,1.000000,0.435761,6.547545,0.435761,642.430551,3717,2711970,3600.000000,4,6,0,GUROBI,1,0,0,0
2,Farkas,4,0.000000,0.000000,0.000000,0.000000,1.000000,1.000000,0.483385,8.083958,0.483385,1052.046625,5341,4460786,3600.000000,4,6,0,GUROBI,1,0,0,0
