instanceIndex,vpcGenerator,terms,lpBound,disjunctiveDualBound,lpBoundPostVpc,rootDualBound,dualBound,primalBound,vpcGenerationTime,rootDualBoundTime,bestSolutionTime,terminationTime,nodes,iterations,maxTime,actualTerms,numCuts,cutLimit,mipSolver,providePrimalBound
0,New,64,0.466074,8.463307,3.364893,9.318129,35.764870,35.767842,3235.896751,3237.757442,3800.171030,3800.300761,106637,5178685,3600.000000,204,200,202,GUROBI,1
1,Farkas,64,0.514051,5.116820,0.514051,1.868808,40.755661,40.759605,9.553763,10.804084,2243.897827,2416.641927,374890,18530183,3600.000000,204,200,0,GUROBI,1
2,Farkas,64,0.490258,8.152956,1.423643,2.751701,36.178072,38.839737,9.584347,12.143966,3577.874385,3609.586347,496468,25716368,3600.000000,204,200,0,GUROBI,1
3,Farkas,64,0.528612,4.681941,1.143131,4.870287,39.781975,39.785816,9.451046,11.255696,2179.613144,2291.603768,311121,18186472,3600.000000,204,200,0,GUROBI,1
4,Farkas,64,0.512837,7.347512,0.512837,4.481891,40.835725,40.839737,9.143041,11.618887,2695.190723,2745.529548,412800,23511208,3600.000000,204,200,0,GUROBI,1
