instanceIndex,vpcGenerator,terms,lpBound,disjunctiveDualBound,lpBoundPostVpc,rootDualBound,dualBound,primalBound,vpcGenerationTime,rootDualBoundTime,bestSolutionTime,terminationTime,nodes,iterations,maxTime,actualTerms,numCuts,cutLimit,mipSolver,providePrimalBound
0,New,16,-2451537.325024,-2451432.253579,-2451453.045666,-2451452.204790,-2451432.000000,-2451325.000000,35.587283,37.204011,69.433464,69.437590,6767,29326,3600.000000,27,2,2,GUROBI,1
1,New,16,-2392355.511506,-2341249.929210,-2391806.535389,-2341255.105196,-2341247.844117,-2341142.000000,71.032981,72.064216,158.747195,158.760607,9229,152625,3600.000000,581,1,52,GUROBI,1
2,New,16,-2403702.634913,-2391739.212576,-2403085.355001,-2369863.060716,-2369845.083336,-2369747.000000,63.017189,64.534039,108.937151,108.943282,7157,34370,3600.000000,530,1,37,GUROBI,1
3,New,16,-2426323.603352,-2380508.942767,-2417105.396054,-2380524.741875,-2380501.000000,-2380348.000000,54.109426,55.371050,59.971739,59.973325,1286,4446,3600.000000,417,1,33,GUROBI,1
4,New,16,-2435422.873909,-2424601.633911,-2434405.475873,-2424606.000520,-2424597.897460,-2424477.000000,35.591823,36.475679,50.778360,50.780351,3667,9320,3600.000000,200,1,21,GUROBI,1
