instanceIndex,vpcGenerator,terms,lpBound,disjunctiveDualBound,lpBoundPostVpc,rootDualBound,dualBound,primalBound,vpcGenerationTime,rootDualBoundTime,bestSolutionTime,terminationTime,nodes,iterations,maxTime,actualTerms,numCuts,cutLimit,mipSolver,providePrimalBound
0,New,4,-2451537.325024,-2451451.740777,-2451453.736606,-2451451.906380,-2451431.671897,-2451297.000000,6.614395,7.804914,28.557869,28.560014,5563,21123,3600.000000,4,2,2,GUROBI,1
1,Old,4,-2451528.325024,-2451442.740777,-2451444.736606,-2451442.951448,-2451422.165504,-2451294.000000,6.316539,7.532223,22.581766,22.583582,3118,16315,3600.000000,4,2,0,GUROBI,1
2,Old,4,-2451538.325024,-2451452.740777,-2451454.736606,-2451452.906380,-2451433.000000,-2451326.000000,6.360208,7.549644,31.153240,31.156410,6702,30126,3600.000000,4,2,0,GUROBI,1
3,Old,4,-2451539.052746,-2451454.331359,-2451456.312648,-2451454.723702,-2451436.000000,-2451328.000000,6.267626,7.450019,39.006896,39.008261,5371,69875,3600.000000,4,2,0,GUROBI,1
4,Old,4,-2451545.869581,-2451459.331359,-2451462.044168,-2451460.900708,-2451440.802100,-2451303.000000,6.468999,7.631081,47.956724,47.959373,4609,27235,3600.000000,4,2,0,GUROBI,1
5,Old,4,-2451544.325024,-2451459.331359,-2451461.218767,-2451459.471806,-2451434.721435,-2451362.000000,6.294108,7.513276,21.144792,21.146612,2568,16240,3600.000000,4,2,0,GUROBI,1
