instanceIndex,vpcGenerator,terms,lpBound,disjunctiveDualBound,lpBoundPostVpc,rootDualBound,dualBound,primalBound,vpcGenerationTime,rootDualBoundTime,bestSolutionTime,terminationTime,nodes,iterations,maxTime,actualTerms,numCuts,cutLimit,mipSolver,providePrimalBound
0,New,64,-2451537.325024,-2451428.335459,-2451443.084709,-2451434.683153,-2451430.533593,-2451325.000000,127.188664,128.355540,159.764124,159.773239,5358,71023,3600.000000,128,2,2,GUROBI,1
1,New,64,-2448862.648702,-2448834.506832,-2448839.769884,-2448835.645091,-2448824.217544,-2448791.000000,127.331584,128.669506,220.718059,220.732757,10185,209420,3600.000000,93,2,2,GUROBI,1
2,New,64,-2450168.725402,-2450066.077125,-2450076.654743,-2450074.699090,-2450063.678535,-2449990.000000,128.007139,129.128847,181.259781,181.268154,8986,70155,3600.000000,107,2,2,GUROBI,1
3,New,64,-2451537.325024,-2451428.335459,-2451467.587151,-2451463.098349,-2451434.000000,-2451346.000000,127.624775,128.768689,147.190184,147.195513,4776,15974,3600.000000,128,2,2,GUROBI,1
4,New,64,-2389751.110004,-2389736.889595,-2389740.358210,-2389739.435077,-2389736.000000,-2389606.000000,138.048293,139.084425,142.580843,142.582242,719,2927,3600.000000,98,2,2,GUROBI,1
5,New,64,-2451537.325024,-2451428.335459,-2451436.342460,-2451435.071376,-2451429.993264,-2451325.000000,128.262231,129.341812,161.225378,161.235483,5349,70863,3600.000000,129,2,2,GUROBI,1
