instanceIndex,vpcGenerator,terms,lpBound,disjunctiveDualBound,lpBoundPostVpc,rootDualBound,dualBound,primalBound,vpcGenerationTime,rootDualBoundTime,bestSolutionTime,terminationTime,nodes,iterations,maxTime,actualTerms,numCuts,cutLimit,mipSolver,providePrimalBound
0,None,64,-18.285714,-18.285714,-18.285714,-18.285714,-12.000000,-12.000000,0.000008,425.942050,609.031884,612.320282,15,69889,3600.000000,0,0,0,GUROBI,1
1,None,64,-18.285714,-18.285714,-18.285714,-18.285714,-12.000000,-12.000000,0.000016,316.949373,1057.618979,1080.152352,390,264327,3600.000000,0,0,0,GUROBI,1
2,None,64,-18.285714,-18.285714,-18.285714,-18.285714,-12.000000,-12.000000,0.000012,418.288107,757.842544,757.843142,32,98878,3600.000000,0,0,0,GUROBI,1
3,None,64,-18.285714,-18.285714,-18.285714,-18.285714,-12.000000,-12.000000,0.000010,266.315449,892.683721,983.384735,289,249251,3600.000000,0,0,0,GUROBI,1
4,None,64,-18.285714,-18.285714,-18.285714,-18.285714,-12.000000,-12.000000,0.000011,385.794489,1315.592279,1404.509462,396,330766,3600.000000,0,0,0,GUROBI,1
5,None,64,-18.285714,-18.285714,-18.285714,-18.285714,-12.000000,-12.000000,0.000011,373.037361,525.600974,528.397363,15,69889,3600.000000,0,0,0,GUROBI,1
