instanceIndex,vpcGenerator,terms,lpBound,disjunctiveDualBound,lpBoundPostVpc,rootDualBound,dualBound,primalBound,vpcGenerationTime,rootDualBoundTime,bestSolutionTime,terminationTime,nodes,iterations,maxTime,actualTerms,numCuts,cutLimit,mipSolver,providePrimalBound
0,None,4,-18.285714,-18.285714,-18.285714,-18.285714,-12.000000,-12.000000,0.000052,108.976266,157.194505,158.019972,15,69889,3600.000000,0,0,0,GUROBI,1
1,None,4,-18.571429,-18.571429,-18.571429,-18.571429,-13.000000,-13.000000,0.000052,223.550857,404.865730,431.557700,28,115594,3600.000000,0,0,0,GUROBI,1
2,None,4,-18.571429,-18.571429,-18.571429,-18.571429,-13.000000,-13.000000,0.000058,101.408866,259.703010,284.811159,26,113277,3600.000000,0,0,0,GUROBI,1
3,None,4,-18.571429,-18.571429,-18.571429,-18.571429,-13.000000,-13.000000,0.000054,142.245758,345.941041,346.190367,37,120199,3600.000000,0,0,0,GUROBI,1
