instanceIndex,vpcGenerator,terms,lpBound,disjunctiveDualBound,lpBoundPostVpc,rootDualBound,dualBound,primalBound,vpcGenerationTime,rootDualBoundTime,bestSolutionTime,terminationTime,nodes,iterations,maxTime,actualTerms,numCuts,cutLimit,mipSolver,providePrimalBound,infeasibleTerms,feasibleToInfeasibleTerms,infeasibleToFeasibleTerms
0,New,64,332.422727,334.043750,333.919115,356.845191,408.000000,408.000000,296.284138,297.736476,2158.850102,2158.850853,54030,8672983,3600.000000,64,124,124,GUROBI,1,57,0,0
1,New,64,98.391667,102.206667,101.116667,109.410762,115.000000,115.000000,7.580636,8.314922,8.824503,8.978608,356,3056,3600.000000,82,1,102,GUROBI,1,64,0,0
2,New,64,108.183333,124.561905,123.104762,134.349126,142.000000,142.000000,4.987034,6.103282,15.781860,24.536987,3395,72827,3600.000000,71,1,56,GUROBI,1,61,0,0
3,New,64,235.351806,273.303788,243.190476,290.052274,337.000000,337.000000,36.255740,37.376903,1145.424458,1180.741247,40258,4683645,3600.000000,72,1,129,GUROBI,1,63,0,0
4,New,64,143.141989,194.536574,148.156053,217.357004,246.000000,246.000000,9.917059,11.293087,158.831279,165.221999,14957,749310,3600.000000,101,1,124,GUROBI,1,91,0,0
