instanceIndex,vpcGenerator,terms,lpBound,disjunctiveDualBound,lpBoundPostVpc,rootDualBound,dualBound,primalBound,vpcGenerationTime,rootDualBoundTime,bestSolutionTime,terminationTime,nodes,iterations,maxTime,actualTerms,numCuts,cutLimit,mipSolver,providePrimalBound,infeasibleTerms,feasibleToInfeasibleTerms,infeasibleToFeasibleTerms
0,New,16,269.251587,272.775000,271.124690,299.207538,351.000000,351.000000,187.210615,189.952193,2011.652922,2046.721129,44593,4593515,3600.000000,48,136,136,GUROBI,1,38,0,0
1,Old,16,275.501587,279.025000,277.343725,305.906800,357.250000,357.250000,129.079616,131.099891,1442.893698,1442.894039,38472,4226891,3600.000000,48,136,0,GUROBI,1,38,0,0
2,Old,16,269.251587,272.775000,271.236883,301.820984,351.000000,351.000000,181.936948,183.384125,1426.132700,1488.000749,39146,4062476,3600.000000,48,136,0,GUROBI,1,38,0,0
3,Old,16,269.377222,272.920833,272.085123,297.775902,351.125000,351.125000,137.674972,139.258475,969.519673,1180.875924,40044,3930792,3600.000000,48,135,0,GUROBI,1,38,0,0
4,Old,16,269.251587,272.775000,271.886794,304.082753,351.000000,351.000000,161.187288,163.025925,1206.154268,1229.585035,35322,3325572,3600.000000,48,136,0,GUROBI,1,38,0,0
5,Old,16,272.376587,275.900000,273.483783,305.315142,354.125000,354.125000,108.575607,109.995494,1118.522680,1144.274773,38418,4064604,3600.000000,48,135,0,GUROBI,1,38,0,0
