instanceIndex,vpcGenerator,terms,lpBound,disjunctiveDualBound,lpBoundPostVpc,rootDualBound,dualBound,primalBound,vpcGenerationTime,rootDualBoundTime,bestSolutionTime,terminationTime,nodes,iterations,maxTime,actualTerms,numCuts,cutLimit,mipSolver,providePrimalBound
0,New,4,269.251587,271.600000,271.361160,298.284831,351.000000,351.000000,30.080354,31.712151,1294.594593,1354.399032,43995,4637157,3600.000000,4,136,136,GUROBI,1
1,Old,4,275.501587,277.850000,276.890486,310.159347,357.250000,357.250000,17.921787,19.979753,880.608675,880.608974,33426,3289882,3600.000000,4,136,0,GUROBI,1
2,Old,4,269.251587,271.600000,270.993874,301.820984,351.000000,351.000000,22.153780,23.565664,1305.938274,1368.533168,39146,4062476,3600.000000,4,136,0,GUROBI,1
3,Old,4,269.377222,271.725000,271.186098,302.061236,351.125000,351.125000,18.034603,19.694545,1108.141056,1108.141350,40710,3956598,3600.000000,4,135,0,GUROBI,1
4,Old,4,269.251587,271.600000,271.276219,302.337054,351.000000,351.000000,22.236222,24.055263,1642.293892,1642.294194,39795,3802147,3600.000000,4,136,0,GUROBI,1
5,Old,4,272.376587,274.725000,274.063750,307.113311,354.125000,354.125000,22.202943,24.097989,2647.273637,2647.273941,72673,7727072,3600.000000,4,135,0,GUROBI,1
