instanceIndex,vpcGenerator,terms,lpBound,disjunctiveDualBound,lpBoundPostVpc,rootDualBound,dualBound,primalBound,vpcGenerationTime,rootDualBoundTime,bestSolutionTime,terminationTime,nodes,iterations,maxTime,actualTerms,numCuts,cutLimit,mipSolver,providePrimalBound,infeasibleTerms,feasibleToInfeasibleTerms,infeasibleToFeasibleTerms
0,None,64,171.000000,171.000000,171.000000,171.000000,173.000000,173.000000,0.000003,1.325452,102.668578,2704.857459,441847,18285616,3600.000000,0,0,0,GUROBI,1,0,0,0
1,None,64,171.000000,171.000000,171.000000,171.000000,173.000000,173.000000,0.000003,1.534192,80.463465,377.322011,54883,1915737,3600.000000,0,0,0,GUROBI,1,0,0,0
2,None,64,170.968750,170.968750,170.968750,170.968750,172.968750,172.968750,0.000003,1.296125,927.174887,1198.402528,225150,7692774,3600.000000,0,0,0,GUROBI,1,0,0,0
3,None,64,171.000000,171.000000,171.000000,171.000000,173.000000,173.000000,0.000004,1.530820,192.751965,385.231053,58085,2052515,3600.000000,0,0,0,GUROBI,1,0,0,0
4,None,64,171.000000,171.000000,171.000000,171.000000,173.000000,173.000000,0.000003,1.339651,191.320096,275.773669,38711,1396792,3600.000000,0,0,0,GUROBI,1,0,0,0
