instanceIndex,vpcGenerator,terms,lpBound,disjunctiveDualBound,lpBoundPostVpc,rootDualBound,dualBound,primalBound,vpcGenerationTime,rootDualBoundTime,bestSolutionTime,terminationTime,nodes,iterations,maxTime,actualTerms,numCuts,cutLimit,mipSolver,providePrimalBound,infeasibleTerms,feasibleToInfeasibleTerms,infeasibleToFeasibleTerms
0,New,64,332.422727,334.043750,333.919115,356.845191,408.000000,408.000000,295.358597,296.814663,2145.792153,2145.792488,54030,8672983,3600.000000,64,124,124,GUROBI,1,57,0,0
1,New,64,332.422727,334.043750,334.040738,355.400613,408.000000,408.000000,283.658938,285.059818,1476.476179,2990.167038,70867,10166379,3600.000000,64,123,123,GUROBI,1,57,0,0
2,New,64,332.422727,334.043750,333.937741,356.290560,408.000000,408.000000,286.903711,288.394467,1457.528332,1784.021961,38504,6518229,3600.000000,64,124,124,GUROBI,1,57,0,0
3,New,64,332.422727,333.980833,333.781229,361.157671,408.000000,408.000000,297.095763,299.190899,2105.283554,2451.084240,62001,8576118,3600.000000,64,124,124,GUROBI,1,57,0,0
4,New,64,332.547727,334.168750,333.988253,358.102192,408.125000,408.125000,282.638458,284.089647,2444.387067,2954.966719,79356,10444510,3600.000000,64,126,126,GUROBI,1,57,0,0
5,New,64,332.422727,334.043750,333.899926,359.284831,408.000000,408.000000,293.286691,295.205062,1985.287226,2191.409331,69020,8864352,3600.000000,64,124,124,GUROBI,1,57,0,0
