instanceIndex,vpcGenerator,terms,lpBound,disjunctiveDualBound,lpBoundPostVpc,rootDualBound,dualBound,primalBound,vpcGenerationTime,rootDualBoundTime,bestSolutionTime,terminationTime,nodes,iterations,maxTime,actualTerms,numCuts,cutLimit,mipSolver,providePrimalBound,infeasibleTerms,feasibleToInfeasibleTerms,infeasibleToFeasibleTerms
0,None,4,185321.356786,185321.356786,185321.356786,187616.298878,188176.235791,188182.000000,0.000030,0.255732,0.375676,0.378788,63,1679,3600.000000,0,0,0,GUROBI,1,0,0,0
1,None,4,21240.433611,21240.433611,21240.433611,22094.509369,22094.509369,22094.509369,0.000002,0.000002,0.000002,0.013036,1,153,3600.000000,0,0,0,GUROBI,1,0,0,0
2,None,4,12829.999690,12829.999690,12829.999690,19524.747976,19524.747976,19524.747976,0.000002,0.000002,0.000002,0.016921,1,105,3600.000000,0,0,0,GUROBI,1,0,0,0
3,None,4,11692.192646,11692.192646,11692.192646,11853.390922,11853.390922,11853.390922,0.000003,0.017297,0.000003,0.017998,1,115,3600.000000,0,0,0,GUROBI,1,0,0,0
4,None,4,14175.830655,14175.830655,14175.830655,14175.830655,14175.830655,14175.830655,0.000003,0.000003,0.000003,0.014783,1,125,3600.000000,0,0,0,GUROBI,1,0,0,0
5,None,4,13370.859161,13370.859161,13370.859161,15700.582500,15700.582500,15700.582500,0.000003,0.000003,0.000003,0.010670,1,108,3600.000000,0,0,0,GUROBI,1,0,0,0
