instanceIndex,vpcGenerator,terms,lpBound,disjunctiveDualBound,lpBoundPostVpc,rootDualBound,dualBound,primalBound,vpcGenerationTime,rootDualBoundTime,bestSolutionTime,terminationTime,nodes,iterations,maxTime,actualTerms,numCuts,cutLimit,mipSolver,providePrimalBound,infeasibleTerms,feasibleToInfeasibleTerms,infeasibleToFeasibleTerms
0,None,64,185321.356786,185321.356786,185321.356786,187616.298878,188176.235791,188182.000000,0.000029,0.289614,0.409807,0.412879,63,1679,3600.000000,0,0,0,GUROBI,1,0,0,0
1,None,64,21240.433611,21240.433611,21240.433611,22094.509369,22094.509369,22094.509369,0.000001,0.000001,0.000001,0.014198,1,153,3600.000000,0,0,0,GUROBI,1,0,0,0
2,None,64,12829.999690,12829.999690,12829.999690,19524.747976,19524.747976,19524.747976,0.000003,0.000003,0.000003,0.016338,1,105,3600.000000,0,0,0,GUROBI,1,0,0,0
3,None,64,11692.192646,11692.192646,11692.192646,11853.390922,11853.390922,11853.390922,0.000002,0.015871,0.000002,0.016604,1,115,3600.000000,0,0,0,GUROBI,1,0,0,0
4,None,64,14175.830655,14175.830655,14175.830655,14175.830655,14175.830655,14175.830655,0.000003,0.000003,0.000003,0.013476,1,125,3600.000000,0,0,0,GUROBI,1,0,0,0
5,None,64,13370.859161,13370.859161,13370.859161,15700.582500,15700.582500,15700.582500,0.000002,0.000002,0.000002,0.010270,1,108,3600.000000,0,0,0,GUROBI,1,0,0,0
