instanceIndex,vpcGenerator,terms,lpBound,disjunctiveDualBound,lpBoundPostVpc,rootDualBound,dualBound,primalBound,vpcGenerationTime,rootDualBoundTime,bestSolutionTime,terminationTime,nodes,iterations,maxTime,actualTerms,numCuts,cutLimit,mipSolver,providePrimalBound,infeasibleTerms,feasibleToInfeasibleTerms,infeasibleToFeasibleTerms
0,None,4,-120.000000,-120.000000,-120.000000,-120.000000,-120.000000,-120.000000,0.000002,1.242165,1.248739,1.250399,1,10113,3600.000000,0,0,0,GUROBI,1,0,0,0
1,None,4,-120.000000,-120.000000,-120.000000,-120.000000,-120.000000,-120.000000,0.000004,3.893859,4.576917,4.579055,55,22185,3600.000000,0,0,0,GUROBI,1,0,0,0
2,None,4,-120.500000,-120.500000,-120.500000,-120.500000,-120.500000,-120.500000,0.000003,2.025566,2.044347,2.045879,1,14433,3600.000000,0,0,0,GUROBI,1,0,0,0
3,None,4,-120.500000,-120.500000,-120.500000,-120.500000,-120.500000,-120.500000,0.000004,1.493496,1.541800,1.543661,1,9898,3600.000000,0,0,0,GUROBI,1,0,0,0
