instanceIndex,vpcGenerator,terms,lpBound,disjunctiveDualBound,lpBoundPostVpc,rootDualBound,dualBound,primalBound,vpcGenerationTime,rootDualBoundTime,bestSolutionTime,terminationTime,nodes,iterations,maxTime,actualTerms,numCuts,cutLimit,mipSolver,providePrimalBound
0,None,16,-120.000000,-120.000000,-120.000000,-120.000000,-120.000000,-120.000000,0.000003,1.016042,1.022484,1.024103,1,10113,3600.000000,0,0,0,GUROBI,1
1,None,16,-120.000000,-120.000000,-120.000000,-120.000000,-120.000000,-120.000000,0.000004,2.351861,3.251771,3.253591,76,22391,3600.000000,0,0,0,GUROBI,1
2,None,16,-120.000000,-120.000000,-120.000000,-120.000000,-120.000000,-120.000000,0.000005,1.042051,1.048714,1.050364,1,10113,3600.000000,0,0,0,GUROBI,1
3,None,16,-120.000000,-120.000000,-120.000000,-120.000000,-120.000000,-120.000000,0.000003,1.003107,1.009489,1.011074,1,10113,3600.000000,0,0,0,GUROBI,1
4,None,16,-120.000000,-120.000000,-120.000000,-120.000000,-120.000000,-120.000000,0.000002,1.012372,1.018761,1.020350,1,10113,3600.000000,0,0,0,GUROBI,1
5,None,16,-120.000000,-120.000000,-120.000000,-120.000000,-120.000000,-120.000000,0.000003,3.022205,11.375351,11.377727,129,26796,3600.000000,0,0,0,GUROBI,1
