instanceIndex,vpcGenerator,terms,lpBound,disjunctiveDualBound,lpBoundPostVpc,rootDualBound,dualBound,primalBound,vpcGenerationTime,rootDualBoundTime,bestSolutionTime,terminationTime,nodes,iterations,maxTime,actualTerms,numCuts,cutLimit,mipSolver,providePrimalBound
0,New,4,28427.048405,29521.945883,28721.228958,58328.986131,65887.000000,65887.000000,1.583559,2.358879,10.631044,10.632357,636,20139,3600.000000,4,4,134,GUROBI,1
1,Old,4,26651.819894,27746.717373,26925.984755,51323.121565,56488.603944,56489.000000,0.278739,0.975822,1.285915,7.461843,623,14233,3600.000000,4,3,0,GUROBI,1
2,Old,4,26052.467029,27063.864930,26201.545947,51757.081625,57636.000000,57636.000000,0.291811,0.924939,6.983919,6.985387,607,12723,3600.000000,4,2,0,GUROBI,1
3,Old,4,21920.537963,22181.335955,22181.335955,40990.253844,44306.694444,44306.694444,0.301805,0.727436,1.298030,1.373164,581,4907,3600.000000,4,3,0,GUROBI,1
4,Old,4,25874.398574,26465.856483,26420.070519,51326.678606,54906.500000,54906.500000,0.289704,1.048886,4.684706,4.687630,574,11628,3600.000000,4,8,0,GUROBI,1
