instanceIndex,vpcGenerator,terms,lpBound,disjunctiveDualBound,lpBoundPostVpc,rootDualBound,dualBound,primalBound,vpcGenerationTime,rootDualBoundTime,bestSolutionTime,terminationTime,nodes,iterations,maxTime,actualTerms,numCuts,cutLimit,mipSolver,providePrimalBound
0,New,64,82274.237434,82275.783960,82275.421192,82304.297998,82307.000000,82307.000000,507.178817,507.268144,507.178817,507.274124,1,538,3600.000000,65,29,29,GUROBI,1
1,New,64,82174.478413,82176.503705,82175.946267,82208.919143,82210.000000,82210.000000,427.160098,427.294032,427.160098,427.300747,1,601,3600.000000,64,34,34,GUROBI,1
2,New,64,82273.383584,82274.746278,82274.512759,82305.865436,82307.000000,82307.000000,399.132365,399.240700,399.132365,399.245681,1,455,3600.000000,64,30,30,GUROBI,1
3,New,64,82264.771949,82266.870863,82266.181660,82298.197421,82300.000000,82300.000000,581.070325,581.185772,581.070325,581.188398,1,602,3600.000000,66,31,31,GUROBI,1
4,New,64,82229.470190,82233.036336,82232.345968,82274.044353,82277.000000,82277.000000,273.490730,273.622645,273.490730,273.625997,1,625,3600.000000,64,31,31,GUROBI,1
5,New,64,82315.134922,82317.876806,82317.235515,82350.060906,82352.000000,82352.000000,328.598371,328.751773,328.598371,328.760965,1,705,3600.000000,64,30,30,GUROBI,1
6,New,64,82138.978914,82140.829532,82140.516665,82170.296860,82173.000000,82173.000000,467.460408,467.559282,467.460408,467.566471,1,550,3600.000000,64,28,28,GUROBI,1
7,New,64,82368.855586,82370.613772,82369.856209,82400.830601,82403.000000,82403.000000,634.842299,634.965526,634.842299,634.980537,1,753,3600.000000,64,29,29,GUROBI,1
