instanceIndex,vpcGenerator,terms,lpBound,disjunctiveDualBound,lpBoundPostVpc,rootDualBound,dualBound,primalBound,vpcGenerationTime,rootDualBoundTime,bestSolutionTime,terminationTime,nodes,iterations,maxTime,actualTerms,numCuts,cutLimit,mipSolver,providePrimalBound
0,None,4,82274.237434,82274.237434,82274.237434,82282.122787,82307.000000,82307.000000,0.000002,0.052240,0.000002,0.062909,1,391,3600.000000,0,0,0,GUROBI,1
1,None,4,82174.478413,82174.478413,82174.478413,82207.052400,82210.000000,82210.000000,0.000002,0.096104,0.000002,0.108315,1,554,3600.000000,0,0,0,GUROBI,1
2,None,4,82273.383584,82273.383584,82273.383584,82305.766146,82307.000000,82307.000000,0.000002,0.094605,0.000002,0.099605,1,476,3600.000000,0,0,0,GUROBI,1
3,None,4,82264.771949,82264.771949,82264.771949,82298.005415,82300.000000,82300.000000,0.000002,0.097701,0.000002,0.102723,1,555,3600.000000,0,0,0,GUROBI,1
4,None,4,82229.470190,82229.470190,82229.470190,82266.046808,82277.000000,82277.000000,0.000002,0.080963,0.000002,0.096794,1,567,3600.000000,0,0,0,GUROBI,1
5,None,4,82315.134922,82315.134922,82315.134922,82349.144672,82352.000000,82352.000000,0.000002,0.100843,0.000002,0.105889,1,595,3600.000000,0,0,0,GUROBI,1
6,None,4,82138.978914,82138.978914,82138.978914,82170.866943,82173.000000,82173.000000,0.000002,0.079054,0.000002,0.086717,1,476,3600.000000,0,0,0,GUROBI,1
7,None,4,82368.855586,82368.855586,82368.855586,82401.708691,82403.000000,82403.000000,0.000001,0.099356,0.000001,0.104875,1,546,3600.000000,0,0,0,GUROBI,1
