instanceIndex,vpcGenerator,terms,lpBound,disjunctiveDualBound,lpBoundPostVpc,rootDualBound,dualBound,primalBound,vpcGenerationTime,rootDualBoundTime,bestSolutionTime,terminationTime,nodes,iterations,maxTime,actualTerms,numCuts,cutLimit,mipSolver,providePrimalBound
0,New,16,86570.120867,86575.047501,86570.184706,86675.466279,86679.000000,86679.000000,226.823773,226.982894,226.823773,226.987377,1,989,3600.000000,25,66,66,GUROBI,1
1,Old,16,86401.854208,86404.552890,86404.037416,86510.644315,86517.000000,86517.000000,264.201179,264.361859,264.201179,264.382596,1,1039,3600.000000,25,67,0,GUROBI,1
2,Old,16,86605.342165,86607.356503,86607.024718,86712.592552,86715.000000,86715.000000,116.498168,116.713219,116.717279,116.719136,2,1043,3600.000000,25,65,0,GUROBI,1
3,Old,16,86491.881195,86493.868724,86492.074147,86602.617939,86605.000000,86605.000000,110.962228,111.085512,110.962228,111.089855,1,830,3600.000000,25,72,0,GUROBI,1
4,Old,16,86498.504882,86502.033120,86500.825188,86609.000000,86609.000000,86609.000000,107.831933,107.881888,107.831933,107.953336,1,864,3600.000000,25,70,0,GUROBI,1
5,Old,16,86603.601716,86606.425938,86605.769355,86712.615772,86715.000000,86715.000000,83.901899,84.035936,83.901899,84.038823,1,888,3600.000000,25,66,0,GUROBI,1
6,Old,16,86557.254224,86561.566253,86561.196448,86671.790525,86674.000000,86674.000000,105.524167,105.691607,105.524167,105.694020,1,1056,3600.000000,25,66,0,GUROBI,1
7,Old,16,86625.005736,86626.668443,86625.135749,86730.792510,86733.000000,86733.000000,476.011437,476.172417,476.011437,476.176538,1,938,3600.000000,25,68,0,GUROBI,1
