instanceIndex,vpcGenerator,terms,lpBound,disjunctiveDualBound,lpBoundPostVpc,rootDualBound,dualBound,primalBound,vpcGenerationTime,rootDualBoundTime,bestSolutionTime,terminationTime,nodes,iterations,maxTime,actualTerms,numCuts,cutLimit,mipSolver,providePrimalBound
0,New,16,197818.254988,206554.650456,203465.850456,389702.826064,405935.180000,405935.180000,3.364448,3.539623,3.924940,3.974773,292,2005,3600.000000,20,15,38,GUROBI,1
1,Farkas,16,197812.916672,206549.390058,203460.641306,390574.668423,405934.180000,405934.180000,0.115419,0.314037,0.453971,0.462839,98,1252,3600.000000,20,15,0,GUROBI,1
2,Farkas,16,197821.688322,206559.883789,203470.107319,391724.030456,405923.389677,405941.180000,0.115748,0.319098,0.465053,0.468702,98,1373,3600.000000,20,15,0,GUROBI,1
3,Farkas,16,197817.808910,206553.733789,203464.933789,391357.022804,405933.180000,405933.180000,0.114715,0.316701,0.471959,0.486986,123,1404,3600.000000,20,15,0,GUROBI,1
4,Farkas,16,197814.756236,206551.451704,203462.351704,387087.045413,405933.180000,405933.180000,0.115225,0.245157,0.549336,0.549482,170,1523,3600.000000,20,15,0,GUROBI,1
5,Farkas,16,197816.477537,206553.224966,203464.308299,382328.885528,405934.180000,405934.180000,0.117190,0.264770,0.703158,0.707444,254,2024,3600.000000,20,15,0,GUROBI,1
