instanceIndex,vpcGenerator,terms,lpBound,disjunctiveDualBound,lpBoundPostVpc,rootDualBound,dualBound,primalBound,vpcGenerationTime,rootDualBoundTime,bestSolutionTime,terminationTime,nodes,iterations,maxTime,actualTerms,numCuts,cutLimit,mipSolver,providePrimalBound,infeasibleTerms,feasibleToInfeasibleTerms,infeasibleToFeasibleTerms
0,New,64,197818.254988,211936.778148,206211.962374,389685.677933,405935.180000,405935.180000,19.955487,20.166986,20.540665,20.543382,254,2165,3600.000000,64,38,38,GUROBI,1,14,0,0
1,New,64,197818.254988,211936.778148,206616.736762,389637.575789,405935.180000,405935.180000,19.635483,19.830505,19.988189,20.028404,123,1254,3600.000000,64,38,38,GUROBI,1,14,0,0
2,New,64,197818.254988,211936.778148,207078.984850,390349.399251,405935.180000,405935.180000,18.712742,18.887548,19.534732,19.547459,453,3123,3600.000000,64,38,38,GUROBI,1,14,0,0
3,New,64,197818.254988,211936.778148,206211.962374,389702.829026,405935.180000,405935.180000,19.381594,19.583221,19.878131,19.905419,213,1622,3600.000000,64,38,38,GUROBI,1,14,0,0
4,New,64,239065.616470,257235.659630,248091.973731,464949.579975,482220.630000,482220.630000,15.953342,16.207152,16.445671,16.445827,120,1378,3600.000000,64,36,38,GUROBI,1,18,0,0
