instanceIndex,vpcGenerator,terms,lpBound,disjunctiveDualBound,lpBoundPostVpc,rootDualBound,dualBound,primalBound,vpcGenerationTime,rootDualBoundTime,bestSolutionTime,terminationTime,nodes,iterations,maxTime,actualTerms,numCuts,cutLimit,mipSolver,providePrimalBound
0,None,16,34077.542667,34077.542667,34077.542667,43688.293676,44311.576923,44316.000000,0.000002,1.046655,44.859775,54.575914,5600,170790,3600.000000,0,0,0,GUROBI,1
1,None,16,34139.080000,34139.080000,34139.080000,43724.363337,44242.178742,44244.000000,0.000002,1.069414,13.026286,16.173091,1261,34218,3600.000000,0,0,0,GUROBI,1
2,None,16,34140.453333,34140.453333,34140.453333,43939.679835,44469.562481,44474.000000,0.000001,0.872358,212.729542,214.420065,14985,603979,3600.000000,0,0,0,GUROBI,1
3,None,16,33941.718667,33941.718667,33941.718667,43724.777504,44120.591325,44125.000000,0.000002,1.505998,48.401593,62.153324,5706,202654,3600.000000,0,0,0,GUROBI,1
4,None,16,33441.179333,33441.179333,33441.179333,43349.451457,43831.628355,43836.000000,0.000002,1.271443,231.821552,239.202273,14409,665331,3600.000000,0,0,0,GUROBI,1
5,None,16,33991.224667,33991.224667,33991.224667,43686.693742,44279.575890,44284.000000,0.000001,0.969322,54.410682,63.480859,5981,202396,3600.000000,0,0,0,GUROBI,1
