instanceIndex,vpcGenerator,terms,lpBound,disjunctiveDualBound,lpBoundPostVpc,rootDualBound,dualBound,primalBound,vpcGenerationTime,rootDualBoundTime,bestSolutionTime,terminationTime,nodes,iterations,maxTime,actualTerms,numCuts,cutLimit,mipSolver,providePrimalBound
0,New,16,6766.249840,6769.827467,6769.260496,6769.403816,6840.281546,6840.965642,1.116899,1.153757,81.908452,3026.891496,14978870,43150672,3600.000000,17,21,21,GUROBI,1
1,Farkas,16,6764.819283,6768.218899,6766.697825,6767.016558,6839.281647,6839.965642,0.032897,0.079554,918.818118,3541.381276,22269385,64598408,3600.000000,17,21,0,GUROBI,1
2,Farkas,16,6758.786265,6762.105732,6761.223567,6761.647381,6833.282315,6833.965642,0.032800,0.063990,123.293139,2726.189287,13598790,39576981,3600.000000,17,21,0,GUROBI,1
3,Farkas,16,6759.579302,6762.080075,6761.247888,6761.836935,6825.691440,6834.965642,0.031806,0.075603,1917.986007,3600.032637,22581330,66330800,3600.000000,17,21,0,GUROBI,1
4,Farkas,16,6761.214591,6764.593045,6762.544919,6764.046945,6831.935126,6832.618386,0.033193,0.077932,409.339018,2000.279150,12426012,37282626,3600.000000,17,21,0,GUROBI,1
5,Farkas,16,6761.507226,6764.008349,6763.180765,6764.067960,6832.935051,6833.618386,0.030047,0.067954,2281.090145,3125.108407,19717862,56798770,3600.000000,17,21,0,GUROBI,1
6,Farkas,16,6763.296528,6763.810115,6763.773394,6765.161984,6834.934830,6835.618386,0.032488,0.068956,2579.796827,3464.402047,21884732,61542647,3600.000000,17,21,0,GUROBI,1
