instanceIndex,vpcGenerator,terms,lpBound,disjunctiveDualBound,lpBoundPostVpc,rootDualBound,dualBound,primalBound,vpcGenerationTime,rootDualBoundTime,bestSolutionTime,terminationTime,nodes,iterations,maxTime,actualTerms,numCuts,cutLimit,mipSolver,providePrimalBound
0,New,4,2327.842584,2328.643181,2328.484863,2328.641073,2361.218195,2361.454102,0.631262,0.674035,84.117528,435.996055,1889963,7273707,3600.000000,4,15,20,GUROBI,1
1,Old,4,2328.655077,2328.903069,2328.903069,2329.684595,2361.203333,2361.439345,0.044517,0.096022,277.134563,315.977296,1301166,5287190,3600.000000,4,20,0,GUROBI,1
2,Old,4,2330.762227,2331.431790,2331.326798,2331.988758,2361.915171,2362.151367,0.046227,0.088086,131.517128,314.648449,1332156,5377708,3600.000000,4,20,0,GUROBI,1
3,Old,4,2327.763657,2327.798827,2327.797631,2328.670189,2356.648485,2356.884033,0.047608,0.098985,45.119907,129.964656,577700,2233249,3600.000000,4,21,0,GUROBI,1
4,Old,4,2328.319857,2328.968862,2328.968862,2329.372987,2354.861292,2355.096680,0.050178,0.096816,158.334377,214.423202,867325,3492166,3600.000000,4,20,0,GUROBI,1
5,Old,4,2329.726288,2330.248221,2330.248221,2331.639564,2358.396404,2358.632244,0.045343,0.095690,142.736632,242.097987,968014,4106538,3600.000000,4,19,0,GUROBI,1
