instanceIndex,vpcGenerator,terms,lpBound,disjunctiveDualBound,lpBoundPostVpc,rootDualBound,dualBound,primalBound,vpcGenerationTime,rootDualBoundTime,bestSolutionTime,terminationTime,nodes,iterations,maxTime,actualTerms,numCuts,cutLimit,mipSolver,providePrimalBound,infeasibleTerms,feasibleToInfeasibleTerms,infeasibleToFeasibleTerms
0,None,16,6766.249840,6766.249840,6766.249840,6767.982893,6840.281594,6840.965642,0.000026,0.097411,10.629867,2893.641266,18136672,52479107,3600.000000,0,0,0,GUROBI,1,0,0,0
1,None,16,6781.060643,6781.060643,6781.060643,6784.677386,6858.279801,6858.965642,0.000004,0.037446,714.943177,1207.495003,7621917,21166180,3600.000000,0,0,0,GUROBI,1,0,0,0
2,None,16,6765.886253,6765.886253,6765.886253,6767.156171,6832.107497,6851.524504,0.000002,0.033501,934.937922,3600.000752,23921313,70816689,3600.000000,0,0,0,GUROBI,1,0,0,0
3,None,16,6775.843119,6775.843119,6775.843119,6776.919478,6842.934049,6843.618386,0.000004,0.040192,1490.895242,2744.072359,17268243,50265106,3600.000000,0,0,0,GUROBI,1,0,0,0
4,None,16,6776.474219,6776.474219,6776.474219,6779.518557,6855.300059,6855.985649,0.000002,0.035485,2037.817828,3345.237955,20998222,60184117,3600.000000,0,0,0,GUROBI,1,0,0,0
