instanceIndex,vpcGenerator,terms,lpBound,disjunctiveDualBound,lpBoundPostVpc,rootDualBound,dualBound,primalBound,vpcGenerationTime,rootDualBoundTime,bestSolutionTime,terminationTime,nodes,iterations,maxTime,actualTerms,numCuts,cutLimit,mipSolver,providePrimalBound,infeasibleTerms,feasibleToInfeasibleTerms,infeasibleToFeasibleTerms
0,New,4,-4840.541961,-4839.625710,-4839.640858,-4838.891800,-4784.211667,-4783.733392,1.220972,1.334001,147.816906,1506.080860,4491165,23528747,3600.000000,4,18,18,GUROBI,1,0,0,0
1,Farkas,4,-4838.349004,-4838.126859,-4838.254422,-4835.816789,-4780.211356,-4779.733392,0.013515,0.139348,10.064120,1455.973495,4423178,23221593,3600.000000,4,18,0,GUROBI,1,0,0,0
2,Farkas,4,-4837.313475,-4836.614127,-4836.614127,-4833.874575,-4779.211261,-4778.733392,0.011358,0.130625,948.667992,2075.566427,6072701,31528219,3600.000000,4,18,0,GUROBI,1,0,0,0
3,Farkas,4,-4843.165161,-4842.102373,-4842.303799,-4840.441734,-4786.211948,-4785.733392,0.013140,0.129744,242.147341,1503.573868,4472316,23543239,3600.000000,4,18,0,GUROBI,1,0,0,0
4,Farkas,4,-4848.350576,-4846.909640,-4847.867441,-4845.685878,-4789.212254,-4788.733392,0.009187,0.127379,128.496397,1632.162252,4952934,25482455,3600.000000,4,18,0,GUROBI,1,0,0,0
