instanceIndex,vpcGenerator,terms,lpBound,disjunctiveDualBound,lpBoundPostVpc,rootDualBound,dualBound,primalBound,vpcGenerationTime,rootDualBoundTime,bestSolutionTime,terminationTime,nodes,iterations,maxTime,actualTerms,numCuts,cutLimit,mipSolver,providePrimalBound
0,None,4,6766.249840,6766.249840,6766.249840,6767.982893,6840.281594,6840.965642,0.000011,0.047712,10.534078,2880.266078,18136672,52479107,3600.000000,0,0,0,GUROBI,1
1,None,4,6767.344000,6767.344000,6767.344000,6769.277508,6832.322292,6833.005563,0.000003,0.039845,68.923761,927.022270,5897404,17061170,3600.000000,0,0,0,GUROBI,1
2,None,4,6767.305012,6767.305012,6767.305012,6768.412094,6815.258012,6815.939584,0.000003,0.038058,345.279295,772.705470,4596945,14845674,3600.000000,0,0,0,GUROBI,1
3,None,4,6760.804602,6760.804602,6760.804602,6764.060620,6838.311544,6838.995442,0.000004,0.034486,731.620644,1610.813875,10241909,29283292,3600.000000,0,0,0,GUROBI,1
4,None,4,6777.610865,6777.610865,6777.610865,6778.688299,6836.045321,6836.728910,0.000003,0.051160,1073.470625,1719.265262,10450933,31782917,3600.000000,0,0,0,GUROBI,1
