instanceIndex,vpcGenerator,terms,lpBound,disjunctiveDualBound,lpBoundPostVpc,rootDualBound,dualBound,primalBound,vpcGenerationTime,rootDualBoundTime,bestSolutionTime,terminationTime,nodes,iterations,maxTime,actualTerms,numCuts,cutLimit,mipSolver,providePrimalBound
0,New,64,2327.842584,2333.137151,2332.951458,2333.000052,2361.218080,2361.454195,2.169020,2.208697,79.342006,491.322223,1815810,7864615,3600.000000,64,15,20,GUROBI,1
1,New,64,2328.610471,2333.370125,2333.255592,2333.250417,2361.218078,2361.454195,1.711260,1.752823,97.096451,393.809802,1498730,6351345,3600.000000,64,20,20,GUROBI,1
2,New,64,2327.842584,2333.137151,2332.961710,2332.952175,2361.218073,2361.454195,1.475806,1.506441,59.025883,556.628206,1806815,8327201,3600.000000,64,15,20,GUROBI,1
3,New,64,2327.842584,2332.647459,2332.574735,2332.570770,2360.413380,2360.649422,1.412337,1.445877,256.725667,510.375772,1903971,7686859,3600.000000,64,15,20,GUROBI,1
4,New,64,2327.254868,2332.194589,2332.131391,2332.133735,2355.813459,2356.048919,1.618527,1.659754,213.459024,282.593690,1147819,4464154,3600.000000,64,19,19,GUROBI,1
