instanceIndex,vpcGenerator,terms,lpBound,disjunctiveDualBound,lpBoundPostVpc,rootDualBound,dualBound,primalBound,vpcGenerationTime,rootDualBoundTime,bestSolutionTime,terminationTime,nodes,iterations,maxTime,actualTerms,numCuts,cutLimit,mipSolver,providePrimalBound,infeasibleTerms,feasibleToInfeasibleTerms,infeasibleToFeasibleTerms
0,None,64,-4840.541961,-4840.541961,-4840.541961,-4838.470061,-4784.211725,-4783.733392,0.000020,0.147608,567.803994,1633.297890,4869052,25438381,3600.000000,0,0,0,GUROBI,1,0,0,0
1,None,64,-4839.852489,-4839.852489,-4839.852489,-4838.133768,-4784.211659,-4783.733392,0.000001,0.088122,276.199059,1439.105564,4255652,22435388,3600.000000,0,0,0,GUROBI,1,0,0,0
2,None,64,-4840.541961,-4840.541961,-4840.541961,-4838.470061,-4784.211749,-4783.733392,0.000001,0.114604,187.083194,1422.176088,4240949,22251047,3600.000000,0,0,0,GUROBI,1,0,0,0
3,None,64,-4840.287821,-4840.287821,-4840.287821,-4838.453450,-4784.211590,-4783.733392,0.000004,0.108939,85.367954,1311.106826,3915672,20565710,3600.000000,0,0,0,GUROBI,1,0,0,0
4,None,64,-4840.541961,-4840.541961,-4840.541961,-4838.470061,-4784.211750,-4783.733392,0.000004,0.113507,22.445499,1310.196923,3923708,20617702,3600.000000,0,0,0,GUROBI,1,0,0,0
