instanceIndex,vpcGenerator,terms,lpBound,disjunctiveDualBound,lpBoundPostVpc,rootDualBound,dualBound,primalBound,vpcGenerationTime,rootDualBoundTime,bestSolutionTime,terminationTime,nodes,iterations,maxTime,actualTerms,numCuts,cutLimit,mipSolver,providePrimalBound,infeasibleTerms,feasibleToInfeasibleTerms,infeasibleToFeasibleTerms
0,New,64,6766.249840,6771.975779,6771.850862,6771.707891,6826.375837,6840.965642,2.133224,2.174335,2204.678627,3602.134126,18265230,53988257,3600.000000,64,21,21,GUROBI,1,1,0,0
1,Old,64,6768.156104,6769.928858,6769.920115,6770.118634,6838.762575,6839.446450,0.651325,0.692060,1159.889463,2335.637408,14324847,43190307,3600.000000,64,19,0,GUROBI,1,1,0,0
2,Old,64,6731.658883,6732.473326,6732.473326,6734.617249,6802.862546,6803.542694,0.526196,0.565028,96.854530,658.194952,4034894,10860230,3600.000000,64,15,0,GUROBI,1,1,0,0
3,Old,64,6757.026374,6759.758386,6759.758386,6759.832537,6823.018688,6823.701023,0.707867,0.747047,155.880914,469.212600,2930487,8494165,3600.000000,64,17,0,GUROBI,1,1,0,0
4,Old,64,6779.415232,6780.886109,6780.842634,6781.260139,6838.947487,6839.631401,0.771777,0.827107,463.393229,1733.393932,11131423,30774212,3600.000000,64,20,0,GUROBI,1,1,0,0
