instanceIndex,vpcGenerator,terms,lpBound,disjunctiveDualBound,lpBoundPostVpc,rootDualBound,dualBound,primalBound,vpcGenerationTime,rootDualBoundTime,bestSolutionTime,terminationTime,nodes,iterations,maxTime,actualTerms,numCuts,cutLimit,mipSolver,providePrimalBound,infeasibleTerms,feasibleToInfeasibleTerms,infeasibleToFeasibleTerms
0,New,4,2327.842584,2328.643181,2328.484863,2328.641073,2361.218195,2361.454195,0.723827,0.784103,84.928703,438.153497,1889963,7273707,3600.000000,4,15,20,GUROBI,1,0,0,0
1,New,4,2328.655077,2330.021515,2330.010519,2330.531396,2361.203258,2361.439345,0.105270,0.147785,269.857684,315.058740,1292785,5228654,3600.000000,4,20,20,GUROBI,1,0,0,0
2,New,4,2330.762227,2331.319181,2331.245395,2331.881789,2361.915178,2362.151386,0.115196,0.162290,45.542783,278.048058,1225423,4774181,3600.000000,4,20,20,GUROBI,1,0,0,0
3,New,4,2327.763657,2328.525171,2328.525171,2329.123337,2356.648713,2356.884125,0.113103,0.157046,28.180461,131.727671,553624,2299927,3600.000000,4,21,21,GUROBI,1,0,0,0
4,New,4,2328.319857,2329.055700,2329.055700,2329.512458,2354.861309,2355.096793,0.124913,0.171960,78.355108,120.085599,531837,2101670,3600.000000,4,20,20,GUROBI,1,0,0,0
5,New,4,2329.726288,2331.371470,2331.271316,2331.485830,2358.396546,2358.632244,0.103912,0.148539,63.955794,184.292778,829272,3168324,3600.000000,4,19,19,GUROBI,1,0,0,0
