instanceIndex,vpcGenerator,terms,lpBound,disjunctiveDualBound,lpBoundPostVpc,rootDualBound,dualBound,primalBound,vpcGenerationTime,rootDualBoundTime,bestSolutionTime,terminationTime,nodes,iterations,maxTime,actualTerms,numCuts,cutLimit,mipSolver,providePrimalBound
0,None,4,2327.842584,2327.842584,2327.842584,2328.327296,2361.218142,2361.454195,0.000025,0.043447,80.068210,429.526625,1840079,7186406,3600.000000,0,0,0,GUROBI,1
1,None,4,2326.958797,2326.958797,2326.958797,2327.778978,2359.527195,2359.763150,0.000002,0.033842,267.074904,378.502958,1658238,6509511,3600.000000,0,0,0,GUROBI,1
2,None,4,2327.869774,2327.869774,2327.869774,2329.138047,2361.218564,2361.454195,0.000004,0.040276,86.766598,448.002593,1699029,7530108,3600.000000,0,0,0,GUROBI,1
3,None,4,2332.042021,2332.042021,2332.042021,2333.251892,2365.217652,2365.454195,0.000002,0.038098,48.751068,415.279904,1619413,7050642,3600.000000,0,0,0,GUROBI,1
4,None,4,2327.842584,2327.842584,2327.842584,2328.327296,2360.915420,2361.151386,0.000002,0.043280,62.355376,431.741807,1916999,7476338,3600.000000,0,0,0,GUROBI,1
5,None,4,2327.995418,2327.995418,2327.995418,2329.403701,2361.218070,2361.454195,0.000004,0.040626,163.258641,459.835801,1827512,7753487,3600.000000,0,0,0,GUROBI,1
