instanceIndex,vpcGenerator,terms,lpBound,disjunctiveDualBound,lpBoundPostVpc,rootDualBound,dualBound,primalBound,vpcGenerationTime,rootDualBoundTime,bestSolutionTime,terminationTime,nodes,iterations,maxTime,actualTerms,numCuts,cutLimit,mipSolver,providePrimalBound
0,New,16,-4632.298153,-4629.688960,-4629.721979,-4629.841958,-4607.140234,-4606.679610,2.704236,2.797360,27.985604,363.585435,1291859,5468411,3600.000000,135,17,17,GUROBI,1
1,Farkas,16,-4634.766957,-4633.746651,-4634.766957,-4634.422689,-4607.140147,-4606.679610,0.377622,0.441926,21.450827,79.431588,291255,1291187,3600.000000,135,17,0,GUROBI,1
2,Farkas,16,-4678.254709,-4678.254709,-4678.254709,-4678.247528,-4654.820895,-4654.355795,0.378632,0.444834,2.482455,15.721291,56695,261601,3600.000000,135,17,0,GUROBI,1
3,Farkas,16,-4616.269091,-4616.055191,-4616.269091,-4616.010115,-4594.138957,-4593.679610,0.391653,0.495008,148.347877,454.151003,1626488,6798555,3600.000000,135,17,0,GUROBI,1
4,Farkas,16,-4615.862983,-4614.544987,-4615.862983,-4615.136421,-4591.083054,-4590.624206,0.371797,0.481723,77.127630,248.094239,840549,3710450,3600.000000,135,17,0,GUROBI,1
