instanceIndex,vpcGenerator,terms,lpBound,disjunctiveDualBound,lpBoundPostVpc,rootDualBound,dualBound,primalBound,vpcGenerationTime,rootDualBoundTime,bestSolutionTime,terminationTime,nodes,iterations,maxTime,actualTerms,numCuts,cutLimit,mipSolver,providePrimalBound,infeasibleTerms,feasibleToInfeasibleTerms,infeasibleToFeasibleTerms
0,None,4,800002400.000000,800002400.000000,800002400.000000,800002400.892857,1200000628.253224,1200012600.000000,0.000030,0.080874,644.265046,1779.728946,1961785,14479873,3600.000000,0,0,0,GUROBI,1,0,0,0
1,None,4,800002400.000000,800002400.000000,800002400.000000,800004280.942632,1299998817.123526,1300011700.039259,0.000003,0.125211,43.803815,55.459619,9053,277820,3600.000000,0,0,0,GUROBI,1,0,0,0
