instanceIndex,vpcGenerator,terms,lpBound,disjunctiveDualBound,lpBoundPostVpc,rootDualBound,dualBound,primalBound,vpcGenerationTime,rootDualBoundTime,bestSolutionTime,terminationTime,nodes,iterations,maxTime,actualTerms,numCuts,cutLimit,mipSolver,providePrimalBound
0,None,16,800002400.000000,800002400.000000,800002400.000000,800002400.892857,1200000628.253224,1200012600.000000,0.000033,0.095324,646.411757,1765.003409,1961785,14479873,3600.000000,0,0,0,GUROBI,1
1,None,16,800002400.000000,800002400.000000,800002400.000000,800003552.734894,1299884934.754009,1300011950.000000,0.000003,0.115024,249.288773,646.846478,610653,5157136,3600.000000,0,0,0,GUROBI,1
2,None,16,800002400.000000,800002400.000000,800002400.000000,800004393.845065,1199978745.702140,1200003366.652250,0.000002,0.105167,12.038330,13.177569,19434,100499,3600.000000,0,0,0,GUROBI,1
