instanceIndex,vpcGenerator,terms,lpBound,disjunctiveDualBound,lpBoundPostVpc,rootDualBound,dualBound,primalBound,vpcGenerationTime,rootDualBoundTime,bestSolutionTime,terminationTime,nodes,iterations,maxTime,actualTerms,numCuts,cutLimit,mipSolver,providePrimalBound
0,New,16,800002400.000000,800002400.000000,800002400.000000,800002405.289550,1200000619.939601,1200012544.000000,1.456309,1.548421,92.416230,175.121699,176956,1226157,3600.000000,29,5,72,GUROBI,1
1,New,16,800002400.000000,800002400.000000,800002400.000000,800002879.914850,1299888315.714167,1300011904.000000,0.913237,1.011968,266.891226,436.739698,472141,3224661,3600.000000,58,6,71,GUROBI,1
2,New,16,800002400.000000,800002400.000000,800002400.000000,800003922.017829,1199999319.727369,1200003328.000000,1.545478,1.631293,6.260604,13.088208,11864,61692,3600.000000,110,6,67,GUROBI,1
