instanceIndex,vpcGenerator,terms,lpBound,disjunctiveDualBound,lpBoundPostVpc,rootDualBound,dualBound,primalBound,vpcGenerationTime,rootDualBoundTime,bestSolutionTime,terminationTime,nodes,iterations,maxTime,actualTerms,numCuts,cutLimit,mipSolver,providePrimalBound
0,New,16,-2406943.556343,-2406943.552318,-2406943.552816,-2406922.133131,-2406776.572870,-2406560.000000,2.405568,2.837862,1518.095500,1518.095735,1892038,10531852,3600.000000,38,3,11,GUROBI,1
1,Old,16,-2403427.403218,-2403427.292808,-2403427.297224,-2403404.993869,-2403265.430714,-2403043.909700,2.142049,2.384864,1473.118745,1473.129281,1240623,9756289,3600.000000,38,4,0,GUROBI,1
