instanceIndex,vpcGenerator,terms,lpBound,disjunctiveDualBound,lpBoundPostVpc,rootDualBound,dualBound,primalBound,vpcGenerationTime,rootDualBoundTime,bestSolutionTime,terminationTime,nodes,iterations,maxTime,actualTerms,numCuts,cutLimit,mipSolver,providePrimalBound,infeasibleTerms,feasibleToInfeasibleTerms,infeasibleToFeasibleTerms
0,New,64,4310.000000,4310.000000,4310.000000,4502.000000,7118.380688,7118.500000,10.965541,11.230194,86.281106,115.206793,33438,951684,3600.000000,64,66,66,GUROBI,1,41,0,0
1,New,64,4287.225806,4308.225806,4290.725806,4481.542744,7112.694069,7113.000000,3.603706,3.900915,77.765203,105.083304,37089,870141,3600.000000,64,26,57,GUROBI,1,42,0,0
2,New,64,4317.201613,4317.201613,4317.201613,4497.915307,7129.339286,7130.000000,10.357987,10.650096,100.546266,112.860471,41139,1016358,3600.000000,64,65,65,GUROBI,1,39,0,0
3,New,64,4297.437500,4306.963710,4297.493952,4489.109192,7115.546119,7116.000000,2.982615,3.249795,68.146792,69.772534,70821,984585,3600.000000,64,14,65,GUROBI,1,37,0,0
4,New,64,4309.564516,4309.564516,4309.564516,4502.991803,7118.104027,7118.500000,10.575595,10.868001,70.754547,77.834111,64298,862275,3600.000000,64,66,66,GUROBI,1,37,0,0
