instanceIndex,vpcGenerator,terms,lpBound,disjunctiveDualBound,lpBoundPostVpc,rootDualBound,dualBound,primalBound,vpcGenerationTime,rootDualBoundTime,bestSolutionTime,terminationTime,nodes,iterations,maxTime,actualTerms,numCuts,cutLimit,mipSolver,providePrimalBound
0,None,4,4310.000000,4310.000000,4310.000000,4502.000000,7117.911123,7118.500000,0.000002,0.307709,70.386417,94.413254,31549,843750,3600.000000,0,0,0,GUROBI,1
1,None,4,4679.548387,4679.548387,4679.548387,6192.101807,7890.500000,7890.500000,0.000002,0.392159,2.697178,2.858034,2351,41289,3600.000000,0,0,0,GUROBI,1
2,None,4,4438.000000,4438.000000,4438.000000,5029.203903,7669.500000,7669.500000,0.000002,0.376149,5.066591,5.210479,3508,67402,3600.000000,0,0,0,GUROBI,1
3,None,4,5442.946380,5442.946380,5442.946380,6349.224123,8200.500000,8200.500000,0.000002,0.387595,2.210598,3.632184,1838,40703,3600.000000,0,0,0,GUROBI,1
4,None,4,4612.400000,4612.400000,4612.400000,5064.099041,7406.321429,7406.500000,0.000002,0.277310,36.500174,36.925584,27421,440685,3600.000000,0,0,0,GUROBI,1
