instanceIndex,vpcGenerator,terms,lpBound,disjunctiveDualBound,lpBoundPostVpc,rootDualBound,dualBound,primalBound,vpcGenerationTime,rootDualBoundTime,bestSolutionTime,terminationTime,nodes,iterations,maxTime,actualTerms,numCuts,cutLimit,mipSolver,providePrimalBound
0,New,16,4310.000000,4310.000000,4310.000000,4502.000000,7118.380688,7118.500000,3.446434,3.705671,77.555012,105.713927,33438,951684,3600.000000,41,40,66,GUROBI,1
1,Farkas,16,4463.133333,4463.633333,4463.133333,4811.878561,7049.750000,7049.750000,0.420870,0.825963,2.508909,5.502263,2805,64249,3600.000000,41,40,0,GUROBI,1
2,Farkas,16,4485.451297,4537.110696,4485.451297,4824.826957,7032.250000,7032.250000,0.444136,0.841180,2.719207,2.827741,2345,26825,3600.000000,41,40,0,GUROBI,1
3,Farkas,16,4381.250000,4381.250000,4381.250000,4735.659990,6137.000000,6137.000000,0.389943,0.785240,2.972577,2.972686,3042,34257,3600.000000,41,40,0,GUROBI,1
4,Farkas,16,4496.009536,4496.509536,4496.009536,5003.035162,7444.095165,7444.166667,0.401802,0.735813,4.314612,4.574063,5395,60381,3600.000000,41,40,0,GUROBI,1
