instanceIndex,vpcGenerator,terms,lpBound,disjunctiveDualBound,lpBoundPostVpc,rootDualBound,dualBound,primalBound,vpcGenerationTime,rootDualBoundTime,bestSolutionTime,terminationTime,nodes,iterations,maxTime,actualTerms,numCuts,cutLimit,mipSolver,providePrimalBound
0,New,64,0.012000,0.072828,0.048371,0.114660,0.336528,0.336528,15.183746,15.419405,25.748489,50.032821,12150,259519,3600.000000,64,31,31,GUROBI,1
1,New,64,0.012000,0.071907,0.029764,0.130849,0.399012,0.399028,19.020216,19.266046,59.144693,59.144816,12811,304985,3600.000000,64,29,29,GUROBI,1
2,New,64,0.012000,0.072828,0.049157,0.114425,0.336528,0.336528,15.185497,15.397023,49.139565,50.651554,10576,234025,3600.000000,64,31,31,GUROBI,1
3,New,64,0.012000,0.072828,0.023951,0.124730,0.336528,0.336528,16.134190,16.391706,45.374192,45.374303,10348,203571,3600.000000,64,31,31,GUROBI,1
4,New,64,0.012000,0.072828,0.018427,0.109316,0.336528,0.336528,15.148769,15.386647,15.457562,44.757926,13490,300138,3600.000000,64,29,29,GUROBI,1
5,New,64,0.012000,0.072828,0.044057,0.113831,0.336528,0.336528,15.309999,15.515813,15.599870,44.798359,10372,209907,3600.000000,64,31,31,GUROBI,1
