instanceIndex,vpcGenerator,terms,lpBound,disjunctiveDualBound,lpBoundPostVpc,rootDualBound,dualBound,primalBound,vpcGenerationTime,rootDualBoundTime,bestSolutionTime,terminationTime,nodes,iterations,maxTime,actualTerms,numCuts,cutLimit,mipSolver,providePrimalBound
0,None,4,0.012000,0.012000,0.012000,0.090487,0.336528,0.336528,0.000002,0.127702,37.841054,37.841166,10772,277509,3600.000000,0,0,0,GUROBI,1
1,None,4,0.010856,0.010856,0.010856,0.039218,0.321228,0.321228,0.000001,0.226334,0.459876,65.427969,21084,556986,3600.000000,0,0,0,GUROBI,1
2,None,4,0.010572,0.010572,0.010572,0.025866,0.178185,0.178198,0.000002,0.251439,2.046550,12.207942,8695,141824,3600.000000,0,0,0,GUROBI,1
3,None,4,0.009762,0.009762,0.009762,0.036309,0.252931,0.252948,0.000003,0.214694,212.103260,243.581238,70273,1953383,3600.000000,0,0,0,GUROBI,1
4,None,4,0.011922,0.011922,0.011922,0.044839,0.329957,0.329987,0.000002,0.214927,0.265184,590.857271,167575,4509927,3600.000000,0,0,0,GUROBI,1
5,None,4,0.011821,0.011821,0.011821,0.096431,0.279801,0.279801,0.000002,0.296569,9.591488,9.591595,3373,88679,3600.000000,0,0,0,GUROBI,1
