instanceIndex,vpcGenerator,terms,lpBound,disjunctiveDualBound,lpBoundPostVpc,rootDualBound,dualBound,primalBound,vpcGenerationTime,rootDualBoundTime,bestSolutionTime,terminationTime,nodes,iterations,maxTime,actualTerms,numCuts,cutLimit,mipSolver,providePrimalBound
0,New,4,20146.761297,20163.257804,20163.257804,20872.310921,21166.000000,21166.000000,0.910964,0.956576,0.910964,0.957192,2,236,3600.000000,4,3,14,GUROBI,1
1,Farkas,4,20124.662067,20140.763794,20140.763794,21138.499437,21138.999441,21138.999441,0.007917,0.046565,0.048289,0.048631,4,122,3600.000000,4,3,0,GUROBI,1
2,Farkas,4,20134.522163,20151.787282,20151.787282,20874.608342,21147.000000,21148.000000,0.010674,0.049028,0.057220,0.057511,24,224,3600.000000,4,3,0,GUROBI,1
3,Farkas,4,20145.082726,20161.579232,20161.579232,20871.142057,21162.000000,21162.999504,0.009523,0.045683,0.109590,0.109950,249,1098,3600.000000,4,3,0,GUROBI,1
4,Farkas,4,20144.494143,20160.996190,20160.996190,21155.967347,21157.000000,21158.000000,0.008755,0.041828,0.103530,0.103785,257,1064,3600.000000,4,3,0,GUROBI,1
