instanceIndex,vpcGenerator,terms,lpBound,disjunctiveDualBound,lpBoundPostVpc,rootDualBound,dualBound,primalBound,vpcGenerationTime,rootDualBoundTime,bestSolutionTime,terminationTime,nodes,iterations,maxTime,actualTerms,numCuts,cutLimit,mipSolver,providePrimalBound
0,None,64,-1197.250000,-1197.250000,-1197.250000,-1173.091022,-1167.000000,-1167.000000,0.000035,0.593107,3.582708,3.583401,570,9571,3600.000000,0,0,0,GUROBI,1
1,None,64,-1200.916667,-1200.916667,-1200.916667,-1173.779817,-1166.000000,-1166.000000,0.000002,0.637237,1.833013,1.875400,370,6055,3600.000000,0,0,0,GUROBI,1
2,None,64,-1191.125000,-1191.125000,-1191.125000,-1161.738589,-1159.000000,-1159.000000,0.000002,0.913181,1.038622,1.040763,19,1377,3600.000000,0,0,0,GUROBI,1
3,None,64,-1199.588235,-1199.588235,-1199.588235,-1173.451379,-1169.000000,-1169.000000,0.000001,0.837786,2.287642,2.309910,347,6251,3600.000000,0,0,0,GUROBI,1
4,None,64,-1192.455556,-1192.455556,-1192.455556,-1154.656194,-1153.000000,-1153.000000,0.000002,0.988503,1.517137,1.520073,82,2752,3600.000000,0,0,0,GUROBI,1
5,None,64,-1197.250000,-1197.250000,-1197.250000,-1169.182500,-1161.500000,-1161.500000,0.000002,0.778314,1.451572,1.498640,134,3473,3600.000000,0,0,0,GUROBI,1
