instanceIndex,vpcGenerator,terms,lpBound,disjunctiveDualBound,lpBoundPostVpc,rootDualBound,dualBound,primalBound,vpcGenerationTime,rootDualBoundTime,bestSolutionTime,terminationTime,nodes,iterations,maxTime,actualTerms,numCuts,cutLimit,mipSolver,providePrimalBound,infeasibleTerms,feasibleToInfeasibleTerms,infeasibleToFeasibleTerms
0,New,16,-1197.250000,-1196.750000,-1197.250000,-1172.722222,-1167.000000,-1167.000000,16.173464,16.775324,17.503373,17.560130,169,3056,3600.000000,71,29,49,GUROBI,1,63,0,0
1,New,16,-1198.250000,-1198.250000,-1198.250000,-1173.640023,-1169.000000,-1169.000000,2.184178,2.911274,3.294963,3.398017,86,2362,3600.000000,17,4,51,GUROBI,1,11,0,0
2,New,16,-1195.472222,-1195.250000,-1195.472222,-1168.835260,-1166.000000,-1166.000000,2.877811,3.685474,4.336899,4.371656,127,3135,3600.000000,33,2,49,GUROBI,1,25,0,0
3,New,16,-1202.250000,-1201.750000,-1202.250000,-1178.239865,-1172.000000,-1172.000000,1.998428,2.837242,3.495749,3.596510,180,3644,3600.000000,17,3,49,GUROBI,1,11,0,0
4,New,16,-1203.638889,-1203.638889,-1203.638889,-1177.043912,-1171.000000,-1171.000000,3.180431,3.974496,5.415422,5.462577,345,7052,3600.000000,17,8,49,GUROBI,1,11,0,0
5,New,16,-1195.840278,-1195.840278,-1195.840278,-1170.363341,-1165.000000,-1165.000000,5.850245,6.570356,9.930932,9.933186,610,9824,3600.000000,57,7,59,GUROBI,1,49,0,0
