instanceIndex,vpcGenerator,terms,lpBound,disjunctiveDualBound,lpBoundPostVpc,rootDualBound,dualBound,primalBound,vpcGenerationTime,rootDualBoundTime,bestSolutionTime,terminationTime,nodes,iterations,maxTime,actualTerms,numCuts,cutLimit,mipSolver,providePrimalBound,infeasibleTerms,feasibleToInfeasibleTerms,infeasibleToFeasibleTerms
0,New,4,22640.366278,23182.847082,23182.847082,32457.433887,32903.718602,32906.880834,5.304100,8.330402,31.608714,31.614590,641,16224,3600.000000,4,23,63,GUROBI,1,2,0,0
1,Old,4,26035.923706,26589.363116,26589.363116,35394.220725,36021.782492,36021.782317,3.856167,6.049715,12.389811,12.396902,622,12204,3600.000000,4,21,0,GUROBI,1,2,0,0
2,Old,4,23915.210081,24457.176598,24202.936935,33483.191144,34195.464330,34195.464141,4.121922,6.405140,12.099079,12.099478,596,12052,3600.000000,4,38,0,GUROBI,1,2,0,0
3,Old,4,28769.931849,29312.155509,29312.155509,37747.064789,38421.780436,38421.780270,5.002196,7.452286,14.843659,14.846820,576,10830,3600.000000,4,16,0,GUROBI,1,2,0,0
4,Old,4,24174.890793,24717.371597,24717.371597,34165.583673,34865.342094,34868.616637,3.857038,6.807313,28.383767,28.456469,1064,32994,3600.000000,4,23,0,GUROBI,1,2,0,0
