instanceIndex,vpcGenerator,terms,lpBound,disjunctiveDualBound,lpBoundPostVpc,rootDualBound,dualBound,primalBound,vpcGenerationTime,rootDualBoundTime,bestSolutionTime,terminationTime,nodes,iterations,maxTime,actualTerms,numCuts,cutLimit,mipSolver,providePrimalBound,infeasibleTerms,feasibleToInfeasibleTerms,infeasibleToFeasibleTerms
0,New,64,3666028.211736,3666032.674298,3666032.674298,3673280.681685,3673280.681685,3673280.681685,37.887690,37.948924,37.887690,37.980480,1,705,3600.000000,77,110,254,GUROBI,1,66,0,0
1,Farkas,64,3665943.780014,3665947.669100,3665947.438680,3673151.237297,3673151.237297,3673151.237297,0.952181,1.017534,0.952181,1.050772,1,716,3600.000000,77,110,0,GUROBI,1,66,0,0
2,Farkas,64,3666094.344220,3666097.689941,3666096.382974,3673344.630229,3673344.630229,3673344.630229,0.950503,1.017568,0.950503,1.051166,1,726,3600.000000,77,110,0,GUROBI,1,66,0,0
3,Farkas,64,3666038.003413,3666044.753418,3666044.753050,3673291.681685,3673291.681685,3673291.681685,0.924037,0.986523,0.924037,1.018930,1,738,3600.000000,77,110,0,GUROBI,1,66,0,0
4,Farkas,64,3665945.898570,3665953.437964,3665951.952557,3673208.681685,3673208.681685,3673208.681685,0.915910,0.973495,0.915910,1.005119,1,712,3600.000000,77,110,0,GUROBI,1,66,0,0
