instanceIndex,vpcGenerator,terms,lpBound,disjunctiveDualBound,lpBoundPostVpc,rootDualBound,dualBound,primalBound,vpcGenerationTime,rootDualBoundTime,bestSolutionTime,terminationTime,nodes,iterations,maxTime,actualTerms,numCuts,cutLimit,mipSolver,providePrimalBound,infeasibleTerms,feasibleToInfeasibleTerms,infeasibleToFeasibleTerms
0,New,4,3666028.211736,3666030.091606,3666029.531667,3673280.681685,3673280.681685,3673280.681685,2.621770,2.682486,2.621770,2.693552,1,705,3600.000000,4,35,254,GUROBI,1,0,0,0
1,Farkas,4,3666269.028797,3666269.028797,3666269.028797,3673382.422253,3673382.422253,3673382.422253,0.037328,0.100640,0.037328,0.110900,1,698,3600.000000,4,35,0,GUROBI,1,0,0,0
2,Farkas,4,3665899.217572,3665899.217572,3665899.217572,3672727.501751,3672736.082633,3672765.919597,0.038386,0.129004,0.038386,0.130566,1,703,3600.000000,4,35,0,GUROBI,1,0,0,0
3,Farkas,4,3666026.329457,3666029.871649,3666028.205681,3673122.584217,3673122.584217,3673122.584217,0.037920,0.107266,0.037920,0.118475,1,728,3600.000000,4,35,0,GUROBI,1,0,0,0
4,Farkas,4,3665852.023867,3665856.566882,3665854.726153,3673090.681685,3673090.681685,3673090.681685,0.037968,0.104812,0.037968,0.116186,1,710,3600.000000,4,35,0,GUROBI,1,0,0,0
5,Farkas,4,3666105.164482,3666105.164482,3666105.164482,3673244.828221,3673244.828221,3673244.828221,0.037050,0.104097,0.037050,0.116303,1,731,3600.000000,4,35,0,GUROBI,1,0,0,0
6,Farkas,4,3665579.301753,3665579.301753,3665579.301753,3672603.217601,3672603.217601,3672603.217601,0.037950,0.105502,0.037950,0.116830,1,715,3600.000000,4,35,0,GUROBI,1,0,0,0
7,Farkas,4,3665408.693473,3665413.229528,3665411.284223,3672528.503653,3672528.503653,3672528.503653,0.038149,0.099416,0.038149,0.109649,1,687,3600.000000,4,35,0,GUROBI,1,0,0,0
