instanceIndex,vpcGenerator,terms,lpBound,disjunctiveDualBound,lpBoundPostVpc,rootDualBound,dualBound,primalBound,vpcGenerationTime,rootDualBoundTime,bestSolutionTime,terminationTime,nodes,iterations,maxTime,actualTerms,numCuts,cutLimit,mipSolver,providePrimalBound
0,None,64,3892.000000,3892.000000,3892.000000,3932.893204,3941.622378,3942.000000,0.000008,0.529805,28.488877,33.426920,7138,101749,3600.000000,0,0,0,GUROBI,1
1,None,64,3887.911458,3887.911458,3887.911458,3931.998013,3938.175513,3938.562500,0.000002,0.854353,33.430135,40.947296,5533,112056,3600.000000,0,0,0,GUROBI,1
2,None,64,3881.812500,3881.812500,3881.812500,3925.812500,3933.920532,3934.312500,0.000002,0.650411,37.896731,43.599544,3980,106333,3600.000000,0,0,0,GUROBI,1
3,None,64,3890.437500,3890.437500,3890.437500,3933.460032,3940.045082,3940.437500,0.000002,0.730495,31.360434,42.178759,6148,116662,3600.000000,0,0,0,GUROBI,1
4,None,64,3889.312500,3889.312500,3889.312500,3931.529891,3938.953026,3939.312500,0.000003,0.617722,18.970885,23.303443,3927,72440,3600.000000,0,0,0,GUROBI,1
5,None,64,3890.875000,3890.875000,3890.875000,3934.041667,3940.504574,3940.875000,0.000002,0.480357,24.662979,26.267914,3638,69574,3600.000000,0,0,0,GUROBI,1
