instanceIndex,vpcGenerator,terms,lpBound,disjunctiveDualBound,lpBoundPostVpc,rootDualBound,dualBound,primalBound,vpcGenerationTime,rootDualBoundTime,bestSolutionTime,terminationTime,nodes,iterations,maxTime,actualTerms,numCuts,cutLimit,mipSolver,providePrimalBound
0,None,4,6302.000000,6302.000000,6302.000000,6356.108219,6374.364494,6375.000000,0.000001,1.494689,436.302216,529.948708,71119,2144452,3600.000000,0,0,0,GUROBI,1
1,None,4,6329.500000,6329.500000,6329.500000,6383.319775,6407.436010,6407.500000,0.000002,1.546846,250.338997,300.624046,42834,1160490,3600.000000,0,0,0,GUROBI,1
2,None,4,6300.125000,6300.125000,6300.125000,6355.470907,6373.362859,6374.000000,0.000002,1.401979,437.284071,691.151094,102798,2922371,3600.000000,0,0,0,GUROBI,1
3,None,4,6303.016667,6303.016667,6303.016667,6359.009300,6376.877358,6377.499999,0.000002,1.477022,102.618822,122.726654,16599,396330,3600.000000,0,0,0,GUROBI,1
4,None,4,6304.775000,6304.775000,6304.775000,6359.465134,6379.436364,6379.500000,0.000002,1.713717,490.645616,631.750321,86526,2565600,3600.000000,0,0,0,GUROBI,1
5,None,4,6273.550000,6273.550000,6273.550000,6328.376858,6349.866756,6350.500000,0.000002,1.525075,224.545415,231.609121,37655,810214,3600.000000,0,0,0,GUROBI,1
