instanceIndex,vpcGenerator,terms,lpBound,disjunctiveDualBound,lpBoundPostVpc,rootDualBound,dualBound,primalBound,vpcGenerationTime,rootDualBoundTime,bestSolutionTime,terminationTime,nodes,iterations,maxTime,actualTerms,numCuts,cutLimit,mipSolver,providePrimalBound
0,None,4,12123.530222,12123.530222,12123.530222,12123.530222,12159.323903,12159.492836,0.000004,1.548436,5.778304,5.780401,153,965,3600.000000,0,0,0,GUROBI,1
1,None,4,9437.947305,9437.947305,9437.947305,12123.530222,12158.512634,12159.492836,0.000003,1.466427,6.640306,6.751775,209,1098,3600.000000,0,0,0,GUROBI,1
2,None,4,12104.625625,12104.625625,12104.625625,12123.530222,12159.020119,12159.492836,0.000003,1.229287,5.028245,5.236780,172,868,3600.000000,0,0,0,GUROBI,1
3,None,4,12118.466126,12118.466126,12118.466126,12123.530222,12159.323903,12159.492836,0.000004,1.488058,5.139242,5.432691,161,922,3600.000000,0,0,0,GUROBI,1
4,None,4,11857.765072,11857.765072,11857.765072,12123.530222,12158.558569,12159.492836,0.000003,1.453476,7.134414,7.186376,253,1264,3600.000000,0,0,0,GUROBI,1
