instanceIndex,vpcGenerator,terms,lpBound,disjunctiveDualBound,lpBoundPostVpc,rootDualBound,dualBound,primalBound,vpcGenerationTime,rootDualBoundTime,bestSolutionTime,terminationTime,nodes,iterations,maxTime,actualTerms,numCuts,cutLimit,mipSolver,providePrimalBound
0,New,4,3320.771000,3939.428000,3891.698182,9962.250867,11391.975301,11393.000000,0.446894,1.054404,229.515436,350.852534,48392,1940215,3600.000000,4,14,15,GUROBI,1
1,Old,4,2029.918532,2212.000193,2130.730242,5018.830376,5046.638095,5046.638095,0.174018,0.515973,0.548430,0.549997,13,708,3600.000000,4,15,0,GUROBI,1
2,Old,4,1751.442611,1915.028727,1913.697625,5846.401365,6132.115942,6132.115942,0.155210,0.443718,0.655327,0.757478,203,3446,3600.000000,4,4,0,GUROBI,1
3,Old,4,2304.642315,2361.107070,2361.107070,4654.805314,4722.836735,4722.836735,0.196695,0.523467,0.600846,0.602101,48,985,3600.000000,4,12,0,GUROBI,1
5,Old,4,1478.861007,1492.616426,1492.616426,2997.362601,3023.627381,3023.627381,0.128238,0.322144,0.367900,0.369366,15,381,3600.000000,4,10,0,GUROBI,1
