instanceIndex,vpcGenerator,terms,lpBound,disjunctiveDualBound,lpBoundPostVpc,rootDualBound,dualBound,primalBound,vpcGenerationTime,rootDualBoundTime,bestSolutionTime,terminationTime,nodes,iterations,maxTime,actualTerms,numCuts,cutLimit,mipSolver,providePrimalBound
0,None,64,3320.771000,3320.771000,3320.771000,9917.159231,11391.862415,11393.000000,0.000013,0.425378,539.031499,748.740809,95879,3839150,3600.000000,0,0,0,GUROBI,1
1,None,64,2932.094500,2932.094500,2932.094500,9281.562774,10978.405258,10979.500000,0.000002,0.584390,1094.229386,1499.482056,308491,8289756,3600.000000,0,0,0,GUROBI,1
2,None,64,3312.880500,3312.880500,3312.880500,9916.906814,11391.860892,11393.000000,0.000001,0.524195,627.617256,627.617416,81720,3776791,3600.000000,0,0,0,GUROBI,1
3,None,64,2994.201429,2994.201429,2994.201429,7946.356168,8925.706648,8926.500000,0.000002,0.408484,23.914110,27.985366,9248,210150,3600.000000,0,0,0,GUROBI,1
4,None,64,3065.027558,3065.027558,3065.027558,9203.876783,10749.843560,11448.000000,0.000001,0.585281,3359.204666,3600.001553,706720,23964144,3600.000000,0,0,0,GUROBI,1
5,None,64,3057.736700,3057.736700,3057.736700,9509.724016,11019.919475,11021.000000,0.000001,0.569394,419.093931,419.094112,63732,2507341,3600.000000,0,0,0,GUROBI,1
