instanceIndex,vpcGenerator,terms,lpBound,disjunctiveDualBound,lpBoundPostVpc,rootDualBound,dualBound,primalBound,vpcGenerationTime,rootDualBoundTime,bestSolutionTime,terminationTime,nodes,iterations,maxTime,actualTerms,numCuts,cutLimit,mipSolver,providePrimalBound
0,New,64,2769.838000,4614.321000,4309.640008,9028.325235,10673.108327,10674.000000,4.506151,4.733969,654.949869,654.950026,164602,4521290,3600.000000,64,14,14,GUROBI,1
1,Farkas,64,2772.914000,4617.397000,4312.716008,11672.167316,12415.529822,12416.000000,0.273477,0.549835,10.120030,10.757994,3622,92722,3600.000000,64,14,0,GUROBI,1
2,Farkas,64,2780.855000,4734.000000,4319.417966,18210.256376,18530.000000,18530.000000,0.283715,0.544851,1.728323,1.728775,570,8817,3600.000000,64,14,0,GUROBI,1
