instanceIndex,vpcGenerator,terms,lpBound,disjunctiveDualBound,lpBoundPostVpc,rootDualBound,dualBound,primalBound,vpcGenerationTime,rootDualBoundTime,bestSolutionTime,terminationTime,nodes,iterations,maxTime,actualTerms,numCuts,cutLimit,mipSolver,providePrimalBound
0,New,64,3320.771000,5011.751000,4733.633889,9902.817977,11392.027490,11393.000000,4.327715,4.676845,419.171378,419.171543,68586,3138883,3600.000000,64,15,15,GUROBI,1
1,Old,64,2871.103000,4161.929000,3999.944922,9614.150983,11116.889520,11118.000000,2.179887,2.592576,263.025226,706.883983,126205,5480897,3600.000000,64,15,0,GUROBI,1
3,Old,64,321.463000,1404.818000,1177.842231,6184.945875,6699.000000,6699.000000,2.160305,2.421453,4.548046,4.606703,581,10361,3600.000000,64,15,0,GUROBI,1
4,Old,64,-3772.250000,-3543.951000,-3543.951000,-283.819392,-247.000000,-247.000000,1.673695,1.887558,1.908049,1.908149,9,637,3600.000000,64,15,0,GUROBI,1
5,Old,64,2083.373000,2861.877000,2841.388769,8612.328085,10216.001981,10217.000000,2.476367,2.903976,410.630777,410.630925,81397,3079592,3600.000000,64,15,0,GUROBI,1
