instanceIndex,vpcGenerator,terms,lpBound,disjunctiveDualBound,lpBoundPostVpc,rootDualBound,dualBound,primalBound,vpcGenerationTime,rootDualBoundTime,bestSolutionTime,terminationTime,nodes,iterations,maxTime,actualTerms,numCuts,cutLimit,mipSolver,providePrimalBound
0,New,64,3.000000,3.000000,3.000000,4.000000,4.000000,4.000000,24.418752,24.979023,24.418752,25.003638,1,1366,3600.000000,71,2,456,GUROBI,1
1,New,64,3.000000,3.000000,3.000000,4.000000,4.000000,4.000000,25.330381,25.869149,25.330381,25.879938,1,1623,3600.000000,71,3,461,GUROBI,1
2,New,64,3.000000,3.000000,3.000000,4.000000,4.000000,4.000000,25.811672,26.427512,25.811672,26.436859,1,1521,3600.000000,70,4,487,GUROBI,1
3,New,64,3.000000,3.000000,3.000000,4.000000,4.000000,4.000000,24.417170,24.882659,24.417170,24.892267,1,1699,3600.000000,71,2,456,GUROBI,1
4,New,64,3.000000,3.000000,3.000000,4.000000,4.000000,4.000000,22.975780,23.555321,22.975780,23.564915,1,1514,3600.000000,66,3,478,GUROBI,1
5,New,64,3.000000,3.000000,3.000000,4.000000,5.000000,5.000000,25.736075,26.342432,25.736075,26.393648,1,1816,3600.000000,66,2,493,GUROBI,1
