instanceIndex,vpcGenerator,terms,lpBound,disjunctiveDualBound,lpBoundPostVpc,rootDualBound,dualBound,primalBound,vpcGenerationTime,rootDualBoundTime,bestSolutionTime,terminationTime,nodes,iterations,maxTime,actualTerms,numCuts,cutLimit,mipSolver,providePrimalBound,infeasibleTerms,feasibleToInfeasibleTerms,infeasibleToFeasibleTerms
0,None,4,3.000000,3.000000,3.000000,4.000000,4.000000,4.000000,0.000003,0.289353,0.000003,0.296996,1,1355,3600.000000,0,0,0,GUROBI,1,0,0,0
1,None,4,3.000000,3.000000,3.000000,3.500000,4.000000,4.000000,0.000003,0.435072,0.000003,0.444827,1,1554,3600.000000,0,0,0,GUROBI,1,0,0,0
2,None,4,3.000000,3.000000,3.000000,3.500000,4.000000,4.000000,0.000003,0.422873,0.000003,0.432477,1,1546,3600.000000,0,0,0,GUROBI,1,0,0,0
3,None,4,3.000000,3.000000,3.000000,3.500000,4.000000,4.000000,0.000002,0.427121,0.000002,0.436850,1,1554,3600.000000,0,0,0,GUROBI,1,0,0,0
4,None,4,2.500000,2.500000,2.500000,3.000000,3.500000,3.500000,0.000002,0.471707,0.000002,0.483153,1,1733,3600.000000,0,0,0,GUROBI,1,0,0,0
5,None,4,3.000000,3.000000,3.000000,4.000000,4.000000,4.000000,0.000002,0.289851,0.000002,0.297575,1,1355,3600.000000,0,0,0,GUROBI,1,0,0,0
