instanceIndex,vpcGenerator,terms,lpBound,disjunctiveDualBound,lpBoundPostVpc,rootDualBound,dualBound,primalBound,vpcGenerationTime,rootDualBoundTime,bestSolutionTime,terminationTime,nodes,iterations,maxTime,actualTerms,numCuts,cutLimit,mipSolver,providePrimalBound
0,None,16,3.000000,3.000000,3.000000,4.000000,4.000000,4.000000,0.000002,0.295513,0.000002,0.303577,1,1355,3600.000000,0,0,0,GUROBI,1
1,None,16,3.845926,3.845926,3.845926,7.000000,8.000000,8.000000,0.000003,1.121422,0.000003,1.126837,1,1966,3600.000000,0,0,0,GUROBI,1
2,None,16,3.000000,3.000000,3.000000,4.000000,6.000000,6.000000,0.000003,1.303083,1.636284,1.781339,119,3889,3600.000000,0,0,0,GUROBI,1
3,None,16,3.000000,3.000000,3.000000,4.600000,7.000000,7.000000,0.000003,0.631234,0.000003,0.650280,1,1942,3600.000000,0,0,0,GUROBI,1
4,None,16,3.000000,3.000000,3.000000,4.000000,4.000000,4.000000,0.000003,0.381724,0.000003,0.388826,1,1411,3600.000000,0,0,0,GUROBI,1
