instanceIndex,vpcGenerator,terms,lpBound,disjunctiveDualBound,lpBoundPostVpc,rootDualBound,dualBound,primalBound,vpcGenerationTime,rootDualBoundTime,bestSolutionTime,terminationTime,nodes,iterations,maxTime,actualTerms,numCuts,cutLimit,mipSolver,providePrimalBound,infeasibleTerms,feasibleToInfeasibleTerms,infeasibleToFeasibleTerms
0,New,16,348385.346551,365548.826222,348978.730806,1332948.388257,1464450.579650,1480195.000000,8.305909,24.425241,2218.408880,3608.308573,20637,2633204,3600.000000,20,3,527,GUROBI,1,8,0,0
1,Farkas,16,348385.346551,365548.826222,348978.730806,1292976.925614,1475608.069247,1483482.000000,0.444635,14.197497,2844.549317,3600.448608,36908,4723672,3600.000000,20,3,0,GUROBI,1,8,0,0
2,Farkas,16,348396.179110,365559.658781,348989.563366,1294008.907479,1469786.340002,1480195.000000,0.437694,13.394628,2841.027644,3600.440158,15466,1775608,3600.000000,20,3,0,GUROBI,1,8,0,0
3,Farkas,16,348385.346551,365548.826222,348978.730806,1300111.315942,1469506.763106,1480195.000000,0.448342,14.896313,3600.450800,3600.451305,11412,1641655,3600.000000,20,3,0,GUROBI,1,8,0,0
4,Farkas,16,360687.376454,377850.856125,361280.760710,1318401.163822,1474376.619965,1487987.000000,0.443359,16.053194,3575.501262,3600.444703,14857,1827380,3600.000000,20,3,0,GUROBI,1,8,0,0
