instanceIndex,vpcGenerator,terms,lpBound,disjunctiveDualBound,lpBoundPostVpc,rootDualBound,dualBound,primalBound,vpcGenerationTime,rootDualBoundTime,bestSolutionTime,terminationTime,nodes,iterations,maxTime,actualTerms,numCuts,cutLimit,mipSolver,providePrimalBound,infeasibleTerms,feasibleToInfeasibleTerms,infeasibleToFeasibleTerms
0,None,4,348385.346551,348385.346551,348385.346551,1320439.999581,1470245.314286,1480195.000000,0.000003,15.729445,3183.047662,3600.001194,19175,2616989,3600.000000,0,0,0,GUROBI,1,0,0,0
1,None,4,348385.346551,348385.346551,348385.346551,1311129.113303,1472622.311362,1483482.000000,0.000004,14.225142,3308.065427,3600.002182,13836,1848716,3600.000000,0,0,0,GUROBI,1,0,0,0
2,None,4,348396.179110,348396.179110,348396.179110,1315229.159946,1467919.737876,1480195.000000,0.000004,15.152802,1514.571037,3600.002078,15607,1678059,3600.000000,0,0,0,GUROBI,1,0,0,0
3,None,4,348385.346551,348385.346551,348385.346551,1301670.247817,1470469.531100,1480195.000000,0.000003,15.860219,1545.101460,3600.002241,15638,2157453,3600.000000,0,0,0,GUROBI,1,0,0,0
4,None,4,360687.376454,360687.376454,360687.376454,1298684.519736,1477723.938068,1487987.000000,0.000002,14.072316,3002.518720,3600.003320,15801,2147103,3600.000000,0,0,0,GUROBI,1,0,0,0
