instanceIndex,vpcGenerator,terms,lpBound,disjunctiveDualBound,lpBoundPostVpc,rootDualBound,dualBound,primalBound,vpcGenerationTime,rootDualBoundTime,bestSolutionTime,terminationTime,nodes,iterations,maxTime,actualTerms,numCuts,cutLimit,mipSolver,providePrimalBound
0,New,4,348385.346551,356323.726173,348978.730806,1289806.706560,1469893.182189,1480195.000000,2.702311,15.513956,3436.150655,3602.718040,15374,1940417,3600.000000,4,6,527,GUROBI,1
1,Old,4,308267.868708,315438.535562,308983.220048,1259702.716515,1445189.171938,1453841.000000,2.463827,14.515695,2990.602656,3602.479761,15380,1923806,3600.000000,4,5,0,GUROBI,1
2,Old,4,345620.186165,353641.565787,346248.399824,1305009.739583,1464476.109394,1479043.000000,2.379649,17.238826,3602.382347,3602.382921,15642,1979163,3600.000000,4,3,0,GUROBI,1
3,Old,4,339650.052920,347292.974008,339650.100165,1277299.867824,1461581.951321,1470228.000000,2.444314,15.345612,2610.296716,3602.447631,17373,2229726,3600.000000,4,4,0,GUROBI,1
4,Old,4,345580.282634,353222.703723,346208.496293,1303859.103816,1467468.443102,1474561.000000,2.386351,16.971049,2965.244271,3602.442790,15384,1956252,3600.000000,4,3,0,GUROBI,1
5,Old,4,326398.660093,332854.566344,326398.671284,1280127.317573,1450329.483747,1459559.000000,2.428025,14.674912,3095.870234,3602.431031,16455,2094329,3600.000000,4,3,0,GUROBI,1
