instanceIndex,vpcGenerator,terms,lpBound,disjunctiveDualBound,lpBoundPostVpc,rootDualBound,dualBound,primalBound,vpcGenerationTime,rootDualBoundTime,bestSolutionTime,terminationTime,nodes,iterations,maxTime,actualTerms,numCuts,cutLimit,mipSolver,providePrimalBound
0,None,64,44256073.226997,44256073.226997,44256073.226997,44445132.264210,44475033.586820,44479255.270523,0.000003,4.585291,56.528362,60.209989,749,66776,3600.000000,0,0,0,GUROBI,1
1,None,64,-304145740.934167,-304145740.934167,-304145740.934167,-293019766.467140,-286501034.741417,-286472404.790731,0.000003,7.439333,792.310518,931.931505,15702,1971249,3600.000000,0,0,0,GUROBI,1
2,None,64,-1045581379.711904,-1045581379.711904,-1045581379.711904,-1027730742.279209,-1015170183.511059,-1015072674.680399,0.000003,7.000974,376.116392,799.807904,20270,1599663,3600.000000,0,0,0,GUROBI,1
3,None,64,-490819036.448412,-490819036.448412,-490819036.448412,-480753625.725918,-473617517.497629,-473579056.635478,0.000004,4.776331,229.666104,229.858672,11141,428750,3600.000000,0,0,0,GUROBI,1
4,None,64,-669128158.148674,-669128158.148674,-669128158.148674,-639914203.957628,-624105899.698525,-624043674.627293,0.000003,6.935457,129.185557,184.095822,4850,337805,3600.000000,0,0,0,GUROBI,1
5,None,64,-613391013.934773,-613391013.934773,-613391013.934773,-589208965.100915,-566374083.781332,-566317721.510260,0.000003,6.038306,41.389653,112.608039,4799,206491,3600.000000,0,0,0,GUROBI,1
