instanceIndex,vpcGenerator,terms,lpBound,disjunctiveDualBound,lpBoundPostVpc,rootDualBound,dualBound,primalBound,vpcGenerationTime,rootDualBoundTime,bestSolutionTime,terminationTime,nodes,iterations,maxTime,actualTerms,numCuts,cutLimit,mipSolver,providePrimalBound,infeasibleTerms,feasibleToInfeasibleTerms,infeasibleToFeasibleTerms
0,None,4,44256073.226997,44256073.226997,44256073.226997,44445132.264210,44475033.586820,44479255.270523,0.000003,4.637770,57.100694,60.787270,749,66776,3600.000000,0,0,0,GUROBI,1,0,0,0
1,None,4,-304145740.934167,-304145740.934167,-304145740.934167,-293019766.467140,-286501034.741417,-286472404.790731,0.000003,7.669317,820.315494,963.913817,15702,1971249,3600.000000,0,0,0,GUROBI,1,0,0,0
2,None,4,-1045581379.711904,-1045581379.711904,-1045581379.711904,-1027730742.279209,-1015170183.511059,-1015072674.680399,0.000004,7.087689,388.366057,828.096973,20270,1599663,3600.000000,0,0,0,GUROBI,1,0,0,0
3,None,4,-490819036.448412,-490819036.448412,-490819036.448412,-480753625.725918,-473617517.497629,-473579056.635478,0.000003,4.837417,235.433013,235.626920,11141,428750,3600.000000,0,0,0,GUROBI,1,0,0,0
4,None,4,-669128158.148674,-669128158.148674,-669128158.148674,-639914203.957628,-624105899.698525,-624043674.627293,0.000004,7.002762,131.454347,187.477328,4850,337805,3600.000000,0,0,0,GUROBI,1,0,0,0
5,None,4,-613391013.934773,-613391013.934773,-613391013.934773,-589208965.100915,-566374083.781332,-566317721.510260,0.000004,6.128143,41.604976,115.209617,4799,206491,3600.000000,0,0,0,GUROBI,1,0,0,0
