instanceIndex,vpcGenerator,terms,lpBound,disjunctiveDualBound,lpBoundPostVpc,rootDualBound,dualBound,primalBound,vpcGenerationTime,rootDualBoundTime,bestSolutionTime,terminationTime,nodes,iterations,maxTime,actualTerms,numCuts,cutLimit,mipSolver,providePrimalBound
0,None,16,0.000000,0.000000,0.000000,0.000000,-0.000000,1.000000,0.000027,0.018337,0.110006,1.027077,21351,43620,3600.000000,0,0,0,GUROBI,1
1,None,16,0.000000,0.000000,0.000000,0.000000,-0.000000,1.000000,0.000003,0.028022,0.073746,1.008507,21355,43001,3600.000000,0,0,0,GUROBI,1
2,None,16,0.000000,0.000000,0.000000,0.000000,-0.000000,1.000000,0.000004,0.028498,0.048795,1.000847,21364,41636,3600.000000,0,0,0,GUROBI,1
