instanceIndex,vpcGenerator,terms,lpBound,disjunctiveDualBound,lpBoundPostVpc,rootDualBound,dualBound,primalBound,vpcGenerationTime,rootDualBoundTime,bestSolutionTime,terminationTime,nodes,iterations,maxTime,actualTerms,numCuts,cutLimit,mipSolver,providePrimalBound
0,None,16,0.000000,0.000000,0.000000,0.000000,-0.000000,1.000000,0.000026,0.017358,0.600718,1.041390,5245,8324,3600.000000,0,0,0,GUROBI,1
1,None,16,0.000000,0.000000,0.000000,0.000000,1.062500,1.062500,0.000003,0.021625,23.305644,43.084896,332130,513371,3600.000000,0,0,0,GUROBI,1
2,None,16,-0.062500,-0.062500,-0.062500,-0.062500,1.000000,1.000000,0.000003,0.020592,4.191152,44.197332,334787,524240,3600.000000,0,0,0,GUROBI,1
3,None,16,-0.062500,-0.062500,-0.062500,-0.062500,1.000000,1.000000,0.000002,0.022364,35.787267,37.999641,300709,472583,3600.000000,0,0,0,GUROBI,1
4,None,16,-0.062500,-0.062500,-0.062500,-0.062500,0.937500,0.937500,0.000001,0.023325,20.525054,64.741424,520661,871254,3600.000000,0,0,0,GUROBI,1
