instanceIndex,vpcGenerator,terms,lpBound,disjunctiveDualBound,lpBoundPostVpc,rootDualBound,dualBound,primalBound,vpcGenerationTime,rootDualBoundTime,bestSolutionTime,terminationTime,nodes,iterations,maxTime,actualTerms,numCuts,cutLimit,mipSolver,providePrimalBound,infeasibleTerms,feasibleToInfeasibleTerms,infeasibleToFeasibleTerms
0,None,64,10482.795280,10482.795280,10482.795280,10605.661180,11800.005369,11801.185350,0.000025,0.358021,2.424687,819.635246,4128295,24007462,3600.000000,0,0,0,GUROBI,1,0,0,0
1,None,64,0.000221,0.000221,0.000221,0.000304,0.000310,0.000310,0.000002,0.018406,0.000002,0.018890,1,51,3600.000000,0,0,0,GUROBI,1,0,0,0
2,None,64,0.000221,0.000221,0.000221,0.000299,0.000299,0.000290,0.000001,0.000001,0.000001,0.007096,1,25,3600.000000,0,0,0,GUROBI,1,0,0,0
3,None,64,0.000222,0.000222,0.000222,0.000279,0.000279,0.000270,0.000002,0.000002,0.000002,0.006108,1,25,3600.000000,0,0,0,GUROBI,1,0,0,0
4,None,64,0.000235,0.000235,0.000235,0.000317,0.000320,0.000320,0.000001,0.025183,0.000001,0.025588,1,42,3600.000000,0,0,0,GUROBI,1,0,0,0
