instanceIndex,vpcGenerator,terms,lpBound,disjunctiveDualBound,lpBoundPostVpc,rootDualBound,dualBound,primalBound,vpcGenerationTime,rootDualBoundTime,bestSolutionTime,terminationTime,nodes,iterations,maxTime,actualTerms,numCuts,cutLimit,mipSolver,providePrimalBound
0,New,16,10482.795280,10609.560145,10598.619286,10603.541416,11800.005440,11801.185350,1.325188,1.435665,6.870971,772.633635,3911076,22704486,3600.000000,16,12,12,GUROBI,1
1,Farkas,16,10481.683820,10608.424145,10597.441747,10602.356547,11801.660361,11802.839844,0.038121,0.149499,1102.032691,1102.032821,5026085,28262402,3600.000000,16,12,0,GUROBI,1
2,Farkas,16,20607.026915,20704.363090,20664.652973,20687.689464,21812.196081,21814.370860,0.035514,0.200939,350.705546,359.969574,1496902,8919646,3600.000000,16,12,0,GUROBI,1
3,Farkas,16,10482.720902,10609.530745,10598.478978,10603.500985,11801.005426,11802.185350,0.038299,0.162218,8.303773,2537.997991,4023537,23632344,3600.000000,16,12,0,GUROBI,1
4,Farkas,16,10484.360288,10610.966327,10600.040153,10604.675803,11795.899409,11803.185350,0.036120,0.136829,7.235992,3600.037420,5681547,33448010,3600.000000,16,12,0,GUROBI,1
