instanceIndex,vpcGenerator,terms,lpBound,disjunctiveDualBound,lpBoundPostVpc,rootDualBound,dualBound,primalBound,vpcGenerationTime,rootDualBoundTime,bestSolutionTime,terminationTime,nodes,iterations,maxTime,actualTerms,numCuts,cutLimit,mipSolver,providePrimalBound,infeasibleTerms,feasibleToInfeasibleTerms,infeasibleToFeasibleTerms
0,New,64,10482.795280,10660.962990,10658.955923,10659.863088,11800.005268,11801.185350,5.250273,5.311941,7.015599,3118.063836,4942639,28887113,3600.000000,64,12,12,GUROBI,1,0,0,0
1,New,64,10481.683820,10659.898889,10657.643703,10659.243177,11801.661098,11802.840155,4.233872,4.319058,77.250319,2105.898417,3093580,18653964,3600.000000,64,12,12,GUROBI,1,0,0,0
2,New,64,20607.026915,20781.068841,20774.106240,20773.568214,21812.191665,21814.370860,4.828143,4.886778,165.711924,1178.671548,1756368,10199165,3600.000000,64,12,12,GUROBI,1,0,0,0
3,New,64,10482.720902,10660.993574,10659.412410,10660.343717,11774.613526,11802.185350,4.231442,4.312474,3558.949032,3604.232792,5184857,31656200,3600.000000,64,12,12,GUROBI,1,0,0,0
4,New,64,10484.360288,10662.547665,10661.608936,10661.908641,11802.005645,11803.185350,4.218135,4.299380,1045.595057,2428.676667,3558509,21604650,3600.000000,64,12,12,GUROBI,1,0,0,0
