instanceIndex,vpcGenerator,terms,lpBound,disjunctiveDualBound,lpBoundPostVpc,rootDualBound,dualBound,primalBound,vpcGenerationTime,rootDualBoundTime,bestSolutionTime,terminationTime,nodes,iterations,maxTime,actualTerms,numCuts,cutLimit,mipSolver,providePrimalBound,infeasibleTerms,feasibleToInfeasibleTerms,infeasibleToFeasibleTerms
0,New,16,38893.903641,38962.268924,38951.929058,39050.049320,40001.070046,40005.053810,0.912430,1.247879,69.004177,77.756873,401515,2058246,3600.000000,16,11,11,GUROBI,1,0,0,0
3,Old,16,26114.458682,26179.900351,26179.900351,26330.933999,27519.633488,27522.309389,0.332400,0.510060,10.488837,24.162963,120722,605861,3600.000000,16,11,0,GUROBI,1,0,0,0
4,Old,16,26650.742456,26656.706282,26656.706282,26865.689072,27769.936793,27772.053830,0.521701,0.836314,2.979133,11.026907,50102,263288,3600.000000,16,11,0,GUROBI,1,0,0,0
