instanceIndex,vpcGenerator,terms,lpBound,disjunctiveDualBound,lpBoundPostVpc,rootDualBound,dualBound,primalBound,vpcGenerationTime,rootDualBoundTime,bestSolutionTime,terminationTime,nodes,iterations,maxTime,actualTerms,numCuts,cutLimit,mipSolver,providePrimalBound,infeasibleTerms,feasibleToInfeasibleTerms,infeasibleToFeasibleTerms
0,New,64,608.844340,676.839623,626.394869,11575.100230,11689.000000,11689.000000,348.677797,353.032272,358.748923,377.682212,574,39184,3600.000000,64,363,363,GUROBI,1,0,0,0
1,New,64,610.325472,990.014151,658.084906,11558.297249,11896.000000,11896.000000,42.246715,45.250178,53.667406,73.718896,664,39597,3600.000000,64,2,366,GUROBI,1,4,0,0
2,New,64,609.858491,897.792453,836.783019,11473.173492,11864.000000,11864.000000,43.856163,47.924587,56.650061,68.570552,603,32332,3600.000000,64,1,364,GUROBI,1,1,0,0
3,New,64,608.382075,704.155660,639.490566,11244.644766,11662.000000,11662.000000,53.748843,56.473204,93.996256,93.996576,631,45274,3600.000000,64,16,361,GUROBI,1,1,0,0
