instanceIndex,vpcGenerator,terms,lpBound,disjunctiveDualBound,lpBoundPostVpc,rootDualBound,dualBound,primalBound,vpcGenerationTime,rootDualBoundTime,bestSolutionTime,terminationTime,nodes,iterations,maxTime,actualTerms,numCuts,cutLimit,mipSolver,providePrimalBound,infeasibleTerms,feasibleToInfeasibleTerms,infeasibleToFeasibleTerms
0,New,4,367.757396,370.272189,368.976908,3335.276139,3417.000000,3417.000000,3.696457,6.067393,100.384412,100.384723,1648,181437,3600.000000,4,21,341,GUROBI,1,0,0,0
1,New,4,367.757396,370.272189,368.909297,3345.251554,3417.000000,3417.000000,3.642609,5.994126,54.577909,56.851869,826,95653,3600.000000,4,23,341,GUROBI,1,0,0,0
2,New,4,404.757396,407.272189,406.173493,3352.730090,3420.000000,3420.000000,3.665093,6.123914,11.828535,58.775962,786,86818,3600.000000,4,22,341,GUROBI,1,0,0,0
3,New,4,410.757396,413.272189,411.906868,3372.298154,3458.000000,3457.999940,3.724814,5.658206,145.045176,145.045483,3832,317262,3600.000000,4,22,341,GUROBI,1,0,0,0
