instanceIndex,vpcGenerator,terms,lpBound,disjunctiveDualBound,lpBoundPostVpc,rootDualBound,dualBound,primalBound,vpcGenerationTime,rootDualBoundTime,bestSolutionTime,terminationTime,nodes,iterations,maxTime,actualTerms,numCuts,cutLimit,mipSolver,providePrimalBound,infeasibleTerms,feasibleToInfeasibleTerms,infeasibleToFeasibleTerms
0,New,16,193774.753707,193847.604152,193838.363616,193858.771878,211894.000000,211913.000000,3658.215558,3661.713713,4115.698210,4260.380901,33114,2988342,3600.000000,19,131,1224,GUROBI,1,9,0,0
1,Farkas,16,193538.948213,193635.435006,193585.626464,193894.308710,211898.000000,211913.000000,1.838135,5.184440,22.035532,191.863332,17912,1444348,3600.000000,19,131,0,GUROBI,1,9,0,0
2,Farkas,16,193790.359930,193865.233031,193851.844724,194068.622889,211963.000000,211966.000000,1.768769,6.790116,145.200156,145.302680,11277,848695,3600.000000,19,131,0,GUROBI,1,9,0,0
3,Farkas,16,192859.389229,193125.288027,192889.690945,193860.971681,211892.000000,211913.000000,1.813574,5.017258,634.190887,646.866914,40683,3242680,3600.000000,19,131,0,GUROBI,1,9,0,0
4,Farkas,16,193774.920543,193867.314199,193838.761843,193876.191199,211935.000000,211939.000000,1.847698,4.930607,216.466363,232.700267,16125,1278729,3600.000000,19,131,0,GUROBI,1,9,0,0
