instanceIndex,vpcGenerator,terms,lpBound,disjunctiveDualBound,lpBoundPostVpc,rootDualBound,dualBound,primalBound,vpcGenerationTime,rootDualBoundTime,bestSolutionTime,terminationTime,nodes,iterations,maxTime,actualTerms,numCuts,cutLimit,mipSolver,providePrimalBound,infeasibleTerms,feasibleToInfeasibleTerms,infeasibleToFeasibleTerms
0,New,4,193774.753707,193797.803826,193796.205095,193831.658095,211902.000000,211913.000000,140.632483,143.495751,169.245788,696.302402,41327,3427257,3600.000000,4,97,1224,GUROBI,1,0,0,0
1,Old,4,193538.948213,193570.333086,193554.205593,194140.774204,211898.000000,211913.000000,678.874305,683.896594,769.281291,805.255316,10804,840123,3600.000000,4,109,0,GUROBI,1,0,0,0
2,Old,4,193790.359930,193798.946713,193798.599932,194131.544536,211948.000000,211966.000000,17.014313,20.870128,97.496514,116.984924,9436,754384,3600.000000,4,200,0,GUROBI,1,0,0,0
3,Old,4,192859.389229,192993.562124,192891.630490,193839.317606,211893.000000,211913.000000,588.001469,591.736024,684.521803,800.568195,16607,1315410,3600.000000,4,161,0,GUROBI,1,0,0,0
4,Old,4,193774.920543,193798.018686,193786.781240,193837.155688,211921.000000,211939.000000,587.358658,589.774648,772.754673,805.390097,16457,1187409,3600.000000,4,69,0,GUROBI,1,0,0,0
