instanceIndex,vpcGenerator,terms,lpBound,disjunctiveDualBound,lpBoundPostVpc,rootDualBound,dualBound,primalBound,vpcGenerationTime,rootDualBoundTime,bestSolutionTime,terminationTime,nodes,iterations,maxTime,actualTerms,numCuts,cutLimit,mipSolver,providePrimalBound
0,None,4,-59156.757374,-59156.757374,-59156.757374,-51412.835659,-49716.000000,-49716.000000,0.000002,0.218565,0.371505,1.461900,651,5816,3600.000000,0,0,0,GUROBI,1
1,None,4,-59168.198569,-59168.198569,-59168.198569,-51416.503480,-49514.000000,-49514.000000,0.000002,0.214440,1.892973,1.898477,677,5623,3600.000000,0,0,0,GUROBI,1
2,None,4,-59066.469223,-59066.469223,-59066.469223,-51328.856726,-49558.000000,-49558.000000,0.000002,0.211411,0.292772,1.583488,645,5243,3600.000000,0,0,0,GUROBI,1
3,None,4,-59265.801245,-59265.801245,-59265.801245,-51628.860198,-49814.000000,-49814.000000,0.000004,0.204978,1.938735,1.938870,968,11816,3600.000000,0,0,0,GUROBI,1
4,None,4,-59143.204697,-59143.204697,-59143.204697,-51436.369239,-49616.000000,-49616.000000,0.000003,0.198158,1.672655,1.672791,837,9533,3600.000000,0,0,0,GUROBI,1
