instanceIndex,vpcGenerator,terms,lpBound,disjunctiveDualBound,lpBoundPostVpc,rootDualBound,dualBound,primalBound,vpcGenerationTime,rootDualBoundTime,bestSolutionTime,terminationTime,nodes,iterations,maxTime,actualTerms,numCuts,cutLimit,mipSolver,providePrimalBound,infeasibleTerms,feasibleToInfeasibleTerms,infeasibleToFeasibleTerms
0,New,64,-61651.227098,-60529.131542,-61011.603209,-54591.195880,-52305.044871,-52301.000000,11.333404,11.768762,16.430408,17.728558,1735,27512,3600.000000,124,37,75,GUROBI,1,104,0,0
1,New,64,-61646.212249,-60523.663915,-61006.589471,-54643.632259,-52298.000000,-52298.000000,12.462392,12.999244,15.801480,16.667147,1155,17832,3600.000000,124,41,75,GUROBI,1,104,0,0
2,New,64,-61646.949027,-60580.003472,-61023.565139,-54597.879572,-52290.000000,-52290.000000,11.949073,12.176814,14.441369,14.441519,1317,20503,3600.000000,119,42,75,GUROBI,1,101,0,0
3,New,64,-61648.444012,-60143.210483,-61001.124012,-54622.294162,-52276.000000,-52276.000000,12.423898,12.705620,14.896316,14.986672,1210,16401,3600.000000,64,14,75,GUROBI,1,19,0,0
4,New,64,-61653.117763,-60531.022207,-61013.493874,-54594.881595,-52305.000000,-52305.000000,11.339626,11.772796,14.000877,14.075658,1077,11585,3600.000000,124,37,75,GUROBI,1,104,0,0
