instanceIndex,vpcGenerator,terms,lpBound,disjunctiveDualBound,lpBoundPostVpc,rootDualBound,dualBound,primalBound,vpcGenerationTime,rootDualBoundTime,bestSolutionTime,terminationTime,nodes,iterations,maxTime,actualTerms,numCuts,cutLimit,mipSolver,providePrimalBound
0,New,4,-59156.757374,-58858.753485,-58858.753485,-51291.536196,-49716.000000,-49716.000000,0.188089,0.462515,0.639965,1.664166,636,5293,3600.000000,4,2,75,GUROBI,1
1,Farkas,4,-59808.470496,-59595.933300,-59599.513311,-52884.244247,-51745.733893,-51742.727273,0.016869,0.504522,1.484374,1.728445,1680,19242,3600.000000,4,2,0,GUROBI,1
2,Farkas,4,-60682.829484,-60422.471737,-60425.113762,-55986.473213,-54354.666667,-54354.666667,0.017889,0.236848,0.345915,1.192237,599,4391,3600.000000,4,2,0,GUROBI,1
3,Farkas,4,-59658.555498,-59375.167319,-59375.479311,-53566.173668,-51941.407032,-51938.000000,0.013674,0.214778,0.249302,1.441881,1493,14776,3600.000000,4,2,0,GUROBI,1
4,Farkas,4,-63475.011515,-63049.447006,-63405.400653,-58267.307309,-57468.771474,-57464.750000,0.015850,0.483890,1.042160,1.064678,911,8727,3600.000000,4,2,0,GUROBI,1
