instanceIndex,vpcGenerator,terms,lpBound,disjunctiveDualBound,lpBoundPostVpc,rootDualBound,dualBound,primalBound,vpcGenerationTime,rootDualBoundTime,bestSolutionTime,terminationTime,nodes,iterations,maxTime,actualTerms,numCuts,cutLimit,mipSolver,providePrimalBound
0,New,16,-60670.366638,-59740.283142,-60275.053697,-53999.324465,-52242.000000,-52242.000000,2.831647,3.091323,3.183148,4.108611,623,4436,3600.000000,18,24,75,GUROBI,1
1,Old,16,-60670.756980,-59741.235248,-60275.005804,-53995.761712,-52268.000000,-52268.000000,0.776087,1.045664,2.516785,2.522635,652,5899,3600.000000,18,24,0,GUROBI,1
2,Old,16,-60671.692450,-59741.608953,-60276.379509,-53992.515392,-52235.000000,-52235.000000,0.770552,1.037277,1.127365,2.441715,643,5336,3600.000000,18,24,0,GUROBI,1
3,Old,16,-60667.259524,-59737.176027,-60271.946583,-54060.172877,-52183.000000,-52183.000000,0.776359,1.026212,1.098861,2.181934,628,4868,3600.000000,18,23,0,GUROBI,1
4,Old,16,-60669.583402,-59739.044906,-60273.815461,-54002.398147,-52251.000000,-52251.000000,0.775250,1.042134,2.365556,2.487302,779,8011,3600.000000,18,24,0,GUROBI,1
