instanceIndex,vpcGenerator,terms,lpBound,disjunctiveDualBound,lpBoundPostVpc,rootDualBound,dualBound,primalBound,vpcGenerationTime,rootDualBoundTime,bestSolutionTime,terminationTime,nodes,iterations,maxTime,actualTerms,numCuts,cutLimit,mipSolver,providePrimalBound
0,New,16,-60527.437212,-59536.560480,-60017.104042,-53554.789691,-51532.000000,-51532.000000,14.315983,14.463171,16.465980,16.505523,791,6026,3600.000000,115,75,75,GUROBI,1
1,New,16,-60121.359017,-59129.154965,-59598.504609,-52903.766456,-51093.000000,-51093.000000,3.803147,4.012003,5.183702,5.223158,660,4768,3600.000000,119,14,75,GUROBI,1
2,New,16,-60543.636770,-59550.725397,-60049.622158,-53600.554133,-51532.000000,-51532.000000,16.696695,16.844356,18.640774,18.652392,696,5564,3600.000000,115,75,75,GUROBI,1
3,New,16,-60407.532043,-59415.560932,-59862.129525,-53428.766384,-51419.000000,-51419.000000,15.759000,15.910125,17.511938,17.512094,677,5397,3600.000000,115,75,75,GUROBI,1
4,New,16,-60515.056235,-59522.633620,-59948.252294,-53571.933687,-51345.000000,-51345.000000,13.955394,14.112622,15.579587,15.579746,722,5936,3600.000000,115,75,75,GUROBI,1
