instanceIndex,vpcGenerator,terms,lpBound,disjunctiveDualBound,lpBoundPostVpc,rootDualBound,dualBound,primalBound,vpcGenerationTime,rootDualBoundTime,bestSolutionTime,terminationTime,nodes,iterations,maxTime,actualTerms,numCuts,cutLimit,mipSolver,providePrimalBound
0,New,4,-60527.437212,-60184.111068,-60184.111068,-53585.119664,-51532.000000,-51532.000000,0.182807,0.323678,0.360315,1.380982,623,4762,3600.000000,4,2,75,GUROBI,1
1,New,4,-60530.301459,-60187.857243,-60187.857243,-53661.318778,-51665.000000,-51665.000000,0.181991,0.320231,1.387250,1.387404,639,3505,3600.000000,4,2,75,GUROBI,1
2,New,4,-60527.212514,-60183.886370,-60183.886370,-53590.468008,-51536.000000,-51536.000000,0.170088,0.318109,0.476579,1.570324,615,3844,3600.000000,4,2,75,GUROBI,1
3,New,4,-60530.184792,-60186.858648,-60186.858648,-53588.244882,-51535.000000,-51535.000000,0.171030,0.308973,0.345891,1.460624,620,4283,3600.000000,4,2,75,GUROBI,1
4,New,4,-60524.378603,-60165.165237,-60165.165237,-53611.328847,-51549.000000,-51549.000000,0.177285,0.387185,0.456714,1.546580,631,4483,3600.000000,4,2,75,GUROBI,1
