instanceIndex,vpcGenerator,terms,lpBound,disjunctiveDualBound,lpBoundPostVpc,rootDualBound,dualBound,primalBound,vpcGenerationTime,rootDualBoundTime,bestSolutionTime,terminationTime,nodes,iterations,maxTime,actualTerms,numCuts,cutLimit,mipSolver,providePrimalBound
0,New,64,-60527.437212,-59321.192833,-60027.176480,-53538.959809,-51532.000000,-51532.000000,42.005639,42.161855,44.687747,44.687911,710,5698,3600.000000,326,75,75,GUROBI,1
1,Farkas,64,-60654.235524,-59442.683040,-60157.234167,-53571.187725,-51732.000000,-51732.000000,2.785153,3.005180,4.196387,4.196541,638,4569,3600.000000,326,75,0,GUROBI,1
2,Farkas,64,-60529.674817,-59322.599850,-60030.878849,-53540.480430,-51532.000000,-51532.000000,2.765416,2.926315,3.850555,3.916191,761,5937,3600.000000,326,75,0,GUROBI,1
