instanceIndex,vpcGenerator,terms,lpBound,disjunctiveDualBound,lpBoundPostVpc,rootDualBound,dualBound,primalBound,vpcGenerationTime,rootDualBoundTime,bestSolutionTime,terminationTime,nodes,iterations,maxTime,actualTerms,numCuts,cutLimit,mipSolver,providePrimalBound
0,New,16,-59987.196374,-59058.381374,-59416.655539,-52306.944090,-50768.000000,-50768.000000,10.576405,10.825632,11.032907,11.930457,631,4760,3600.000000,216,30,75,GUROBI,1
1,Old,16,-59866.995545,-58939.903878,-59244.797407,-52210.466987,-50369.000000,-50369.000000,1.918462,2.130874,4.609776,4.609933,938,12683,3600.000000,216,17,0,GUROBI,1
2,Old,16,-60250.971628,-59324.526628,-59705.499300,-53223.358844,-51166.000000,-51166.000000,1.979077,2.221792,3.145907,3.146061,622,3893,3600.000000,216,28,0,GUROBI,1
3,Old,16,-60034.970362,-59108.632585,-59483.443798,-52427.789310,-50668.000000,-50668.000000,2.031958,2.312583,4.019431,4.045043,677,6060,3600.000000,216,29,0,GUROBI,1
