instanceIndex,vpcGenerator,terms,lpBound,disjunctiveDualBound,lpBoundPostVpc,rootDualBound,dualBound,primalBound,vpcGenerationTime,rootDualBoundTime,bestSolutionTime,terminationTime,nodes,iterations,maxTime,actualTerms,numCuts,cutLimit,mipSolver,providePrimalBound
0,None,16,-59987.196374,-59987.196374,-59987.196374,-52300.663526,-50768.000000,-50768.000000,0.000004,0.248253,1.056732,1.056875,600,4452,3600.000000,0,0,0,GUROBI,1
1,None,16,-59990.794377,-59990.794377,-59990.794377,-52321.323414,-50801.000000,-50801.000000,0.000003,0.215584,1.476156,1.495791,647,5879,3600.000000,0,0,0,GUROBI,1
2,None,16,-59990.382852,-59990.382852,-59990.382852,-52303.886649,-50768.000000,-50768.000000,0.000004,0.209862,0.405009,1.183627,616,4922,3600.000000,0,0,0,GUROBI,1
3,None,16,-59984.003804,-59984.003804,-59984.003804,-52294.955719,-50768.000000,-50768.000000,0.000004,0.203611,1.514802,1.551272,646,5769,3600.000000,0,0,0,GUROBI,1
4,None,16,-59990.861384,-59990.861384,-59990.861384,-52395.776730,-50768.000000,-50768.000000,0.000002,0.187795,1.382070,1.382208,644,5068,3600.000000,0,0,0,GUROBI,1
