instanceIndex,vpcGenerator,terms,lpBound,disjunctiveDualBound,lpBoundPostVpc,rootDualBound,dualBound,primalBound,vpcGenerationTime,rootDualBoundTime,bestSolutionTime,terminationTime,nodes,iterations,maxTime,actualTerms,numCuts,cutLimit,mipSolver,providePrimalBound
0,New,4,-59987.196374,-59610.381374,-59610.381374,-52272.460683,-50768.000000,-50768.000000,1.079057,1.336400,1.529846,2.597733,623,5063,3600.000000,4,2,75,GUROBI,1
1,Farkas,4,-59997.115831,-59629.038053,-59629.038053,-52307.960384,-50877.000000,-50877.000000,0.017357,0.301126,1.565731,1.565867,644,6182,3600.000000,4,2,0,GUROBI,1
2,Farkas,4,-59973.863181,-59604.417070,-59604.417070,-52150.648092,-50621.000000,-50621.000000,0.016569,0.269181,1.449777,1.458023,651,5091,3600.000000,4,2,0,GUROBI,1
3,Farkas,4,-60005.416744,-59615.658966,-59615.658966,-52442.955257,-50921.000000,-50921.000000,0.014295,0.264836,1.411342,1.477033,653,5334,3600.000000,4,2,0,GUROBI,1
4,Farkas,4,-60004.039081,-59635.974637,-59635.974637,-52135.332308,-50552.000000,-50552.000000,0.015043,0.265790,1.688524,1.688677,682,5938,3600.000000,4,2,0,GUROBI,1
