instanceIndex,vpcGenerator,terms,lpBound,disjunctiveDualBound,lpBoundPostVpc,rootDualBound,dualBound,primalBound,vpcGenerationTime,rootDualBoundTime,bestSolutionTime,terminationTime,nodes,iterations,maxTime,actualTerms,numCuts,cutLimit,mipSolver,providePrimalBound,infeasibleTerms,feasibleToInfeasibleTerms,infeasibleToFeasibleTerms
0,New,16,-59156.757374,-58519.097962,-58627.635885,-51291.536196,-49716.000000,-49716.000000,5.047197,5.328776,6.294010,6.321242,706,7073,3600.000000,16,62,75,GUROBI,1,6,0,0
1,Old,16,-59168.198569,-58531.021249,-58639.553533,-51209.071446,-49514.000000,-49514.000000,0.802629,1.099980,2.657163,2.819591,866,10178,3600.000000,16,62,0,GUROBI,1,6,0,0
2,Old,16,-59066.469223,-58427.857589,-58427.857589,-51182.360762,-49558.000000,-49558.000000,0.679272,0.951546,1.133384,2.273349,668,5895,3600.000000,16,63,0,GUROBI,1,6,0,0
3,Old,16,-59265.801245,-58630.086898,-58738.123689,-51406.038785,-49814.000000,-49814.000000,0.832729,1.117636,1.335664,2.865752,685,6329,3600.000000,16,62,0,GUROBI,1,6,0,0
4,Old,16,-59143.204697,-58505.073194,-58613.768764,-51239.135886,-49616.000000,-49616.000000,0.811918,1.087634,3.434949,3.438187,911,10133,3600.000000,16,62,0,GUROBI,1,6,0,0
