instanceIndex,vpcGenerator,terms,lpBound,disjunctiveDualBound,lpBoundPostVpc,rootDualBound,dualBound,primalBound,vpcGenerationTime,rootDualBoundTime,bestSolutionTime,terminationTime,nodes,iterations,maxTime,actualTerms,numCuts,cutLimit,mipSolver,providePrimalBound
0,New,64,-60527.437212,-58904.954009,-59989.438155,-53545.460998,-51532.000000,-51532.000000,65.781660,66.065916,68.786394,68.786549,783,6059,3600.000000,373,75,75,GUROBI,1
1,Farkas,64,-60805.405283,-60322.509670,-60805.405283,-55426.010612,-53409.500000,-53409.500000,3.310059,3.759778,6.011533,6.197721,757,6230,3600.000000,373,75,0,GUROBI,1
2,Farkas,64,-60528.543488,-59637.093569,-60022.920039,-52400.088553,-51562.021903,-51559.667969,5.587850,6.092794,6.372294,6.372427,196,1298,3600.000000,373,75,0,GUROBI,1
