instanceIndex,vpcGenerator,terms,lpBound,disjunctiveDualBound,lpBoundPostVpc,rootDualBound,dualBound,primalBound,vpcGenerationTime,rootDualBoundTime,bestSolutionTime,terminationTime,nodes,iterations,maxTime,actualTerms,numCuts,cutLimit,mipSolver,providePrimalBound
0,New,16,210442.061568,215077.998631,212675.163379,313498.207527,320773.185014,326481.142828,15.093038,19.316099,15.093038,3615.093404,53867,7082454,3600.000000,18,2,229,GUROBI,1
3,New,16,210307.169402,214704.399577,211459.669953,313915.433872,321333.607241,326387.150046,14.245138,17.863138,14.245138,3614.245634,56474,6661599,3600.000000,17,2,221,GUROBI,1
4,New,16,210277.843685,216135.656864,211867.655810,313836.437936,320595.881877,326375.416060,9.001706,12.474598,9.001706,3609.002134,50650,5962417,3600.000000,16,1,194,GUROBI,1
8,New,16,210240.902993,214562.340177,211635.967472,313236.001179,322041.231783,326354.183213,15.752665,19.318732,15.752665,3615.753086,59086,7299179,3600.000000,16,14,217,GUROBI,1
