instanceIndex,vpcGenerator,terms,lpBound,disjunctiveDualBound,lpBoundPostVpc,rootDualBound,dualBound,primalBound,vpcGenerationTime,rootDualBoundTime,bestSolutionTime,terminationTime,nodes,iterations,maxTime,actualTerms,numCuts,cutLimit,mipSolver,providePrimalBound
0,None,64,-827656854.061004,-827656854.061004,-827656854.061004,-811227593.297601,-784380329.386105,-784302336.000000,0.000002,6.006582,110.365515,117.529094,12796,305493,3600.000000,0,0,0,GUROBI,1
1,None,64,-823856851.943002,-823856851.943002,-823856851.943002,-807481655.316613,-780608304.218742,-780531200.000000,0.000002,6.767540,312.320375,312.707136,18159,595003,3600.000000,0,0,0,GUROBI,1
2,None,64,-824161520.706937,-824161520.706937,-824161520.706937,-808104793.305324,-780929275.690213,-780851456.000000,0.000002,5.851839,367.974092,367.974387,21125,638523,3600.000000,0,0,0,GUROBI,1
3,None,64,-827454103.229795,-827454103.229795,-827454103.229795,-810434467.821423,-784193149.102420,-784116224.000000,0.000003,7.258411,299.036804,309.514238,17534,531094,3600.000000,0,0,0,GUROBI,1
4,None,64,-827656857.557115,-827656857.557115,-827656857.557115,-811527793.824637,-784302131.286291,-784302336.000000,0.000003,4.517678,417.001336,417.002901,18914,559137,3600.000000,0,0,0,GUROBI,1
5,None,64,-826670062.774277,-826670062.774277,-826670062.774277,-810196822.608764,-783299453.979156,-783294784.000000,0.000002,7.125530,349.129402,349.129688,19588,602173,3600.000000,0,0,0,GUROBI,1
