instanceIndex,vpcGenerator,terms,lpBound,disjunctiveDualBound,lpBoundPostVpc,rootDualBound,dualBound,primalBound,vpcGenerationTime,rootDualBoundTime,bestSolutionTime,terminationTime,nodes,iterations,maxTime,actualTerms,numCuts,cutLimit,mipSolver,providePrimalBound
0,New,4,1415.000000,1425.000000,1422.656250,1535.000000,2810.000000,2810.000000,0.477287,0.950094,6.384914,12.088205,7599,87358,3600.000000,4,16,16,GUROBI,1
1,Farkas,4,1412.000000,1421.500000,1420.022727,1526.222222,2804.000000,2804.000000,0.026748,0.598751,29.195356,44.144357,27236,363898,3600.000000,4,16,0,GUROBI,1
2,Farkas,4,1407.750000,1418.000000,1416.419643,1521.538567,2799.000000,2799.000000,0.027124,0.619690,20.232965,44.216337,27964,367969,3600.000000,4,16,0,GUROBI,1
3,Farkas,4,1412.500000,1422.500000,1420.705882,1527.593750,2805.000000,2805.000000,0.024374,0.598548,20.103656,43.351029,31029,400948,3600.000000,4,16,0,GUROBI,1
4,Farkas,4,1403.000000,1411.000000,1411.000000,1521.121212,2789.000000,2789.000000,0.026957,0.491186,11.972634,44.454867,27147,365428,3600.000000,4,16,0,GUROBI,1
5,Farkas,4,1405.000000,1414.500000,1413.543478,1523.313151,2797.000000,2797.000000,0.026668,0.507138,41.984168,41.984325,24594,317370,3600.000000,4,16,0,GUROBI,1
