instanceIndex,vpcGenerator,terms,lpBound,disjunctiveDualBound,lpBoundPostVpc,rootDualBound,dualBound,primalBound,vpcGenerationTime,rootDualBoundTime,bestSolutionTime,terminationTime,nodes,iterations,maxTime,actualTerms,numCuts,cutLimit,mipSolver,providePrimalBound
0,New,64,1415.000000,1425.000000,1415.000000,1531.000000,2810.000000,2810.000000,7.570199,8.056827,12.859139,13.930544,3792,41907,3600.000000,95,16,16,GUROBI,1
1,Farkas,64,1412.000000,1421.500000,1412.000000,1526.666667,2804.000000,2804.000000,1.843912,2.355054,51.404975,59.600429,31117,424147,3600.000000,95,16,0,GUROBI,1
2,Farkas,64,1407.750000,1418.000000,1407.750000,1531.866667,2799.000000,2799.000000,1.762944,2.214428,19.083294,37.845355,26477,320768,3600.000000,95,16,0,GUROBI,1
3,Farkas,64,1412.500000,1422.500000,1414.000000,1546.091200,2805.000000,2805.000000,1.811252,2.544951,10.591273,49.946400,26426,362199,3600.000000,95,16,0,GUROBI,1
4,Farkas,64,1403.000000,1413.500000,1404.250000,1513.953333,2789.000000,2789.000000,1.852261,2.412069,38.866608,38.866756,22773,286444,3600.000000,95,16,0,GUROBI,1
5,Farkas,64,1405.000000,1419.250000,1405.333333,1513.875000,2797.000000,2797.000000,1.858426,2.353944,31.323806,54.963690,31653,426728,3600.000000,95,16,0,GUROBI,1
