instanceIndex,vpcGenerator,terms,lpBound,disjunctiveDualBound,lpBoundPostVpc,rootDualBound,dualBound,primalBound,vpcGenerationTime,rootDualBoundTime,bestSolutionTime,terminationTime,nodes,iterations,maxTime,actualTerms,numCuts,cutLimit,mipSolver,providePrimalBound
0,None,16,115155.000000,115155.000000,115155.000000,115155.000000,115155.000000,115155.000000,0.000002,0.000002,0.129084,0.139527,1,2938,3600.000000,0,0,0,GUROBI,1
1,None,16,111301.293103,111301.293103,111301.293103,115170.000000,115170.000000,115170.000000,0.000003,0.184154,0.000003,0.190246,1,2800,3600.000000,0,0,0,GUROBI,1
2,None,16,108830.812500,108830.812500,108830.812500,115170.000000,115170.000000,115170.000000,0.000002,0.000002,0.000002,0.149553,1,2782,3600.000000,0,0,0,GUROBI,1
3,None,16,104092.144231,104092.144231,104092.144231,115185.000000,115200.000000,115200.000000,0.000003,0.346425,0.000003,0.366450,1,3417,3600.000000,0,0,0,GUROBI,1
4,None,16,103176.648810,103176.648810,103176.648810,115185.000000,115185.000000,115185.000000,0.000003,0.187867,0.000003,0.193917,1,2945,3600.000000,0,0,0,GUROBI,1
5,None,16,111470.625000,111470.625000,111470.625000,115140.000000,115140.000000,115140.000000,0.000003,0.188958,0.000003,0.194602,1,3080,3600.000000,0,0,0,GUROBI,1
