instanceIndex,vpcGenerator,terms,lpBound,disjunctiveDualBound,lpBoundPostVpc,rootDualBound,dualBound,primalBound,vpcGenerationTime,rootDualBoundTime,bestSolutionTime,terminationTime,nodes,iterations,maxTime,actualTerms,numCuts,cutLimit,mipSolver,providePrimalBound,infeasibleTerms,feasibleToInfeasibleTerms,infeasibleToFeasibleTerms
0,None,64,-611.850000,-611.850000,-611.850000,-611.850000,-607.210000,-607.207000,0.000004,0.769542,6.567382,6.567867,719,9520,3600.000000,0,0,0,GUROBI,1,0,0,0
1,None,64,-611.850000,-611.850000,-611.850000,-611.610000,-606.970000,-606.917000,0.000002,0.930185,2.886677,2.887175,412,6994,3600.000000,0,0,0,GUROBI,1,0,0,0
2,None,64,-611.850000,-611.850000,-611.850000,-611.850000,-607.210000,-607.167000,0.000002,1.020952,4.604166,4.606386,865,12869,3600.000000,0,0,0,GUROBI,1,0,0,0
3,None,64,-611.850000,-611.850000,-611.850000,-611.850000,-607.210000,-607.150000,0.000003,0.982509,38.410852,38.411311,4752,37998,3600.000000,0,0,0,GUROBI,1,0,0,0
4,None,64,-611.850000,-611.850000,-611.850000,-611.710000,-607.070000,-607.067000,0.000003,1.159813,3.567505,3.567967,497,7518,3600.000000,0,0,0,GUROBI,1,0,0,0
