instanceIndex,vpcGenerator,terms,lpBound,disjunctiveDualBound,lpBoundPostVpc,rootDualBound,dualBound,primalBound,vpcGenerationTime,rootDualBoundTime,bestSolutionTime,terminationTime,nodes,iterations,maxTime,actualTerms,numCuts,cutLimit,mipSolver,providePrimalBound,infeasibleTerms,feasibleToInfeasibleTerms,infeasibleToFeasibleTerms
0,New,16,6532.083333,6535.666667,6534.715409,6537.500000,6548.000000,6548.000000,37.660586,37.968679,38.219971,38.229577,45,1468,3600.000000,42,41,41,GUROBI,1,40,0,0
1,New,16,6530.000000,6533.954545,6533.954545,6536.750000,6547.000000,6547.000000,24.975509,25.310184,24.975509,25.365305,6,1109,3600.000000,42,30,30,GUROBI,1,40,0,0
2,New,16,6525.583333,6530.142857,6528.318627,6532.000000,6542.000000,6542.000000,46.991749,47.272523,47.400413,47.401309,26,1048,3600.000000,42,35,35,GUROBI,1,40,0,0
3,New,16,6530.000000,6534.000000,6531.737676,6535.000000,6546.000000,6546.000000,39.819097,40.176997,40.611419,40.611722,68,1635,3600.000000,42,36,36,GUROBI,1,40,0,0
4,New,16,6533.166667,6536.166667,6536.166667,6540.500000,6549.000000,6549.000000,40.335675,40.670776,40.800770,40.803667,24,1163,3600.000000,42,30,41,GUROBI,1,40,0,0
5,New,16,6536.000000,6539.000000,6539.000000,6542.000000,6551.000000,6551.000000,30.185593,30.459517,30.657675,30.664438,39,1414,3600.000000,42,25,28,GUROBI,1,40,0,0
