instanceIndex,vpcGenerator,terms,lpBound,disjunctiveDualBound,lpBoundPostVpc,rootDualBound,dualBound,primalBound,vpcGenerationTime,rootDualBoundTime,bestSolutionTime,terminationTime,nodes,iterations,maxTime,actualTerms,numCuts,cutLimit,mipSolver,providePrimalBound,infeasibleTerms,feasibleToInfeasibleTerms,infeasibleToFeasibleTerms
0,New,16,39794.745138,39954.583733,39912.656743,52102.852388,52148.000000,52148.000000,13.714897,14.523358,14.597043,14.603696,15,1055,3600.000000,16,108,125,GUROBI,1,8,0,0
1,New,16,31679.361717,32549.745231,31726.229713,44869.286729,46102.904709,46103.070023,12.956053,13.660278,19.348690,19.349750,641,11961,3600.000000,215,2,128,GUROBI,1,188,0,0
2,New,16,33229.433146,35231.921331,33541.402513,48484.166861,50361.660945,50366.625000,2.742822,3.830836,42.109870,43.307427,3597,112159,3600.000000,78,2,130,GUROBI,1,76,0,0
3,New,16,25277.688409,25590.688409,25579.166360,36686.124738,37539.153847,37542.243056,7.119826,8.087116,27.738359,28.692380,2820,63762,3600.000000,118,3,121,GUROBI,1,105,0,0
