instanceIndex,vpcGenerator,terms,lpBound,disjunctiveDualBound,lpBoundPostVpc,rootDualBound,dualBound,primalBound,vpcGenerationTime,rootDualBoundTime,bestSolutionTime,terminationTime,nodes,iterations,maxTime,actualTerms,numCuts,cutLimit,mipSolver,providePrimalBound
0,New,4,52000.000000,52000.000000,52000.000000,52000.000000,52200.000000,52200.000000,8.357295,8.665168,10.431873,10.478656,671,3532,3600.000000,4,24,24,GUROBI,1
1,Farkas,4,44663.572985,44663.572985,44663.572985,45199.251312,45400.000000,45400.000000,0.142600,0.656267,0.142600,0.664023,1,430,3600.000000,4,24,0,GUROBI,1
2,Farkas,4,45031.909882,45031.909882,45031.909882,45798.607648,46000.000000,46000.000000,0.147312,0.476040,0.147312,0.481151,1,285,3600.000000,4,24,0,GUROBI,1
3,Farkas,4,44653.798732,44653.798732,44653.798732,45127.619247,45400.000000,45400.000000,0.192220,0.876367,0.192220,0.900251,2,603,3600.000000,4,24,0,GUROBI,1
