instanceIndex,vpcGenerator,terms,lpBound,disjunctiveDualBound,lpBoundPostVpc,rootDualBound,dualBound,primalBound,vpcGenerationTime,rootDualBoundTime,bestSolutionTime,terminationTime,nodes,iterations,maxTime,actualTerms,numCuts,cutLimit,mipSolver,providePrimalBound
0,New,16,52000.000000,52000.000000,52000.000000,52000.000000,52200.000000,52200.000000,60.584651,60.858718,62.631630,62.678338,671,3532,3600.000000,94,2,24,GUROBI,1
1,New,16,44663.572985,44996.404951,44695.631808,45172.081049,45400.000000,45400.000000,20.697411,21.034034,20.697411,21.043212,1,307,3600.000000,196,1,28,GUROBI,1
2,New,16,45031.909882,45405.476190,45092.124936,45799.508486,46000.000000,46000.000000,24.335226,24.611628,24.335226,24.615788,1,288,3600.000000,189,3,25,GUROBI,1
3,New,16,44653.798732,44987.915217,44662.371739,45136.255336,45400.000000,45400.000000,17.757254,18.485144,17.757254,18.503733,2,791,3600.000000,139,1,23,GUROBI,1
