instanceIndex,vpcGenerator,terms,lpBound,disjunctiveDualBound,lpBoundPostVpc,rootDualBound,dualBound,primalBound,vpcGenerationTime,rootDualBoundTime,bestSolutionTime,terminationTime,nodes,iterations,maxTime,actualTerms,numCuts,cutLimit,mipSolver,providePrimalBound,infeasibleTerms,feasibleToInfeasibleTerms,infeasibleToFeasibleTerms
0,New,16,52000.000000,52000.000000,52000.000000,52000.000000,52200.000000,52200.000000,14.496299,14.796774,16.572619,16.619472,671,3532,3600.000000,28,24,24,GUROBI,1,22,0,0
1,New,16,44663.572985,44765.631808,44695.631808,45172.081049,45400.000000,45400.000000,3.889884,4.230675,3.889884,4.239802,1,307,3600.000000,95,1,28,GUROBI,1,93,0,0
2,New,16,45031.909882,45287.909200,45092.124936,45799.508486,46000.000000,46000.000000,4.977134,5.263819,4.977134,5.268014,1,288,3600.000000,102,2,25,GUROBI,1,100,0,0
3,New,16,44653.798732,44689.364493,44676.864493,45064.830218,45400.000000,45400.000000,4.133668,4.730701,4.133668,4.747514,2,476,3600.000000,87,2,23,GUROBI,1,85,0,0
