instanceIndex,vpcGenerator,terms,lpBound,disjunctiveDualBound,lpBoundPostVpc,rootDualBound,dualBound,primalBound,vpcGenerationTime,rootDualBoundTime,bestSolutionTime,terminationTime,nodes,iterations,maxTime,actualTerms,numCuts,cutLimit,mipSolver,providePrimalBound
0,New,4,9388.235294,9747.058824,9583.691684,14830.199398,15173.968408,15175.000000,9.290738,11.665040,16.535519,42.163390,1996,100777,3600.000000,4,15,38,GUROBI,1
1,New,4,10492.269308,10592.269308,10592.269308,14263.880319,15715.420956,15716.730806,55.351632,59.080510,1426.251759,1663.680015,25187,3352517,3600.000000,10,48,48,GUROBI,1
