instanceIndex,vpcGenerator,terms,lpBound,disjunctiveDualBound,lpBoundPostVpc,rootDualBound,dualBound,primalBound,vpcGenerationTime,rootDualBoundTime,bestSolutionTime,terminationTime,nodes,iterations,maxTime,actualTerms,numCuts,cutLimit,mipSolver,providePrimalBound
0,None,4,12462.941176,12462.941176,12462.941176,15082.297370,15425.711157,15426.000000,0.000003,1.539612,4.924267,9.830578,388,37974,3600.000000,0,0,0,GUROBI,1
1,None,4,-9112121.299178,-9112121.299178,-9112121.299178,-9111185.117366,-9111144.952149,-9111011.000000,0.000003,0.487831,0.612486,0.615539,16,1792,3600.000000,0,0,0,GUROBI,1
2,None,4,-4234225.098039,-4234225.098039,-4234225.098039,-4233077.250102,-4233032.928257,-4232872.000000,0.000003,0.599711,0.760927,0.764085,19,1950,3600.000000,0,0,0,GUROBI,1
3,None,4,-4097642.490196,-4097642.490196,-4097642.490196,-4096270.853925,-4096210.318863,-4096147.000000,0.000003,0.553794,0.655958,0.659307,13,1770,3600.000000,0,0,0,GUROBI,1
4,None,4,-6000500.460784,-6000500.460784,-6000500.460784,-5999520.460051,-5999445.882418,-5999006.000000,0.000003,0.460214,0.735331,0.735624,31,2093,3600.000000,0,0,0,GUROBI,1
5,None,4,-6602656.705882,-6602656.705882,-6602656.705882,-6601721.390773,-6601677.008678,-6601531.000000,0.000003,0.459432,0.598843,0.599058,11,1760,3600.000000,0,0,0,GUROBI,1
