instanceIndex,vpcGenerator,terms,lpBound,disjunctiveDualBound,lpBoundPostVpc,rootDualBound,dualBound,primalBound,vpcGenerationTime,rootDualBoundTime,bestSolutionTime,terminationTime,nodes,iterations,maxTime,actualTerms,numCuts,cutLimit,mipSolver,providePrimalBound
0,New,4,12462.941176,12786.470588,12511.511292,15053.526310,15426.000000,15426.000000,3.113433,4.735474,23.607211,27.366113,853,75059,3600.000000,4,9,30,GUROBI,1
1,Old,4,12223.137255,12525.784314,12373.537480,14588.822521,14968.522999,14970.000000,2.600516,3.987149,12.224207,12.365757,516,36698,3600.000000,4,11,0,GUROBI,1
2,Old,4,12311.431373,12621.725490,12499.405950,14940.420980,15244.801166,15246.000000,3.702168,5.448051,13.655425,16.243968,560,46706,3600.000000,4,24,0,GUROBI,1
3,Old,4,12629.098039,12883.215686,12692.603554,15165.009744,15465.000000,15465.000000,2.624314,4.272165,16.881329,17.382290,505,56099,3600.000000,4,11,0,GUROBI,1
4,Old,4,12507.039216,12822.333333,12619.532350,15038.175709,15464.663206,15465.000000,12.521666,14.172478,31.873479,31.873806,677,71078,3600.000000,4,19,0,GUROBI,1
5,Old,4,12599.823529,12758.647059,12648.003460,14793.202623,15103.000000,15103.000000,2.560791,4.368935,17.177919,17.712426,607,56086,3600.000000,4,10,0,GUROBI,1
