instanceIndex,vpcGenerator,terms,lpBound,disjunctiveDualBound,lpBoundPostVpc,rootDualBound,dualBound,primalBound,vpcGenerationTime,rootDualBoundTime,bestSolutionTime,terminationTime,nodes,iterations,maxTime,actualTerms,numCuts,cutLimit,mipSolver,providePrimalBound
0,None,64,384.328979,384.328979,384.328979,395.239662,461.179717,461.179717,0.000002,5.316211,8.209688,9.390743,845,19463,3600.000000,0,0,0,GUROBI,1
1,None,64,423.542176,423.542176,423.542176,455.255933,525.359203,525.372518,0.000002,3.029155,6.598145,7.249746,651,14235,3600.000000,0,0,0,GUROBI,1
2,None,64,453.516126,453.516126,453.516126,482.086834,513.522090,513.522090,0.000002,2.386989,2.832664,2.846383,43,1247,3600.000000,0,0,0,GUROBI,1
3,None,64,403.408460,403.408460,403.408460,417.878773,494.683022,494.683022,0.000001,3.171983,18.502286,19.046920,2750,63412,3600.000000,0,0,0,GUROBI,1
4,None,64,404.918725,404.918725,404.918725,413.739316,498.585360,498.585360,0.000002,3.536215,19.540662,19.541062,2628,69349,3600.000000,0,0,0,GUROBI,1
5,None,64,384.328979,384.328979,384.328979,392.052762,461.192174,461.192174,0.000002,4.042552,9.759980,11.071169,1366,38584,3600.000000,0,0,0,GUROBI,1
