instanceIndex,vpcGenerator,terms,lpBound,disjunctiveDualBound,lpBoundPostVpc,rootDualBound,dualBound,primalBound,vpcGenerationTime,rootDualBoundTime,bestSolutionTime,terminationTime,nodes,iterations,maxTime,actualTerms,numCuts,cutLimit,mipSolver,providePrimalBound
0,New,64,60224.082818,60612.960210,60326.823134,64725.265121,64824.343385,64829.589844,375.369462,376.771465,378.040346,378.042238,178,5750,3600.000000,64,2,47,GUROBI,1
2,Old,64,60253.978923,60642.466757,60505.326357,64815.442263,64910.137725,64916.190000,1563.853369,1565.625033,1569.335370,1569.560001,388,16716,3600.000000,64,47,0,GUROBI,1
3,Old,64,60281.778016,60657.846697,60549.574320,64785.608334,64890.880719,64897.015625,1884.734400,1887.038926,1888.497745,1889.545104,240,8347,3600.000000,64,47,0,GUROBI,1
4,Old,64,60260.797135,60616.140367,60314.070710,64746.370392,64846.873231,64849.257812,387.826293,389.042055,390.609228,390.609535,294,7315,3600.000000,64,1,0,GUROBI,1
5,Old,64,60167.672226,60568.102693,60271.929770,64838.649570,64934.469254,64937.100000,310.901368,312.635525,314.908205,315.571862,469,14161,3600.000000,64,1,0,GUROBI,1
