instanceIndex,vpcGenerator,terms,lpBound,disjunctiveDualBound,lpBoundPostVpc,rootDualBound,dualBound,primalBound,vpcGenerationTime,rootDualBoundTime,bestSolutionTime,terminationTime,nodes,iterations,maxTime,actualTerms,numCuts,cutLimit,mipSolver,providePrimalBound
0,None,4,128.750000,128.750000,128.750000,131.526798,134.500000,134.500000,0.000003,4.110656,67.782093,69.106364,1354,175115,3600.000000,0,0,0,GUROBI,1
1,None,4,0.000000,0.000000,0.000000,0.000000,0.000000,0.000000,0.000002,0.000002,0.000002,0.401405,1,1433,3600.000000,0,0,0,GUROBI,1
2,None,4,0.000000,0.000000,0.000000,0.000000,0.000000,0.000000,0.000002,0.000002,0.000002,0.339400,1,1446,3600.000000,0,0,0,GUROBI,1
3,None,4,0.000000,0.000000,0.000000,0.000000,0.000000,0.000000,0.000001,0.105482,0.000001,0.105482,0,0,3600.000000,0,0,0,GUROBI,1
4,None,4,0.000000,0.000000,0.000000,0.000000,0.000000,0.000000,0.000003,0.000003,0.000003,0.493242,1,2379,3600.000000,0,0,0,GUROBI,1
5,None,4,0.000000,0.000000,0.000000,0.000000,0.000000,0.000000,0.000002,0.000002,0.000002,0.577216,1,2538,3600.000000,0,0,0,GUROBI,1
