instanceIndex,vpcGenerator,terms,lpBound,disjunctiveDualBound,lpBoundPostVpc,rootDualBound,dualBound,primalBound,vpcGenerationTime,rootDualBoundTime,bestSolutionTime,terminationTime,nodes,iterations,maxTime,actualTerms,numCuts,cutLimit,mipSolver,providePrimalBound
0,None,16,0.000000,0.000000,0.000000,0.000000,4.792456,4.792500,0.000003,0.200306,172.032424,862.339942,873301,11370966,3600.000000,0,0,0,GUROBI,1
1,None,16,0.000000,0.000000,0.000000,0.000000,0.000000,0.000000,0.000002,0.014661,0.000002,0.014661,0,0,3600.000000,0,0,0,GUROBI,1
2,None,16,0.000000,0.000000,0.000000,0.000000,0.000000,0.000000,0.000001,0.019408,0.000001,0.019408,0,0,3600.000000,0,0,0,GUROBI,1
3,None,16,0.000000,0.000000,0.000000,0.000000,0.000000,0.000000,0.000002,0.014072,0.000002,0.014072,0,0,3600.000000,0,0,0,GUROBI,1
4,None,16,0.000000,0.000000,0.000000,0.000000,0.000000,0.000000,0.000002,0.013707,0.000002,0.013707,0,0,3600.000000,0,0,0,GUROBI,1
5,None,16,0.000000,0.000000,0.000000,0.000000,0.000000,0.000000,0.000003,0.012319,0.000003,0.012319,0,0,3600.000000,0,0,0,GUROBI,1
6,None,16,0.000000,0.000000,0.000000,0.000000,0.000000,0.000000,0.000003,0.011062,0.000003,0.011062,0,0,3600.000000,0,0,0,GUROBI,1
7,None,16,0.000000,0.000000,0.000000,0.000000,0.000000,0.000000,0.000002,0.014442,0.000002,0.014442,0,0,3600.000000,0,0,0,GUROBI,1
8,None,16,0.000000,0.000000,0.000000,0.000000,0.000000,0.000000,0.000001,0.015181,0.000001,0.015181,0,0,3600.000000,0,0,0,GUROBI,1
9,None,16,0.000000,0.000000,0.000000,0.000000,0.000000,0.000000,0.000003,0.011083,0.000003,0.011083,0,0,3600.000000,0,0,0,GUROBI,1
10,None,16,0.000000,0.000000,0.000000,0.000000,0.000000,0.000000,0.000004,0.016192,0.000004,0.016192,0,0,3600.000000,0,0,0,GUROBI,1
