instanceIndex,vpcGenerator,terms,lpBound,disjunctiveDualBound,lpBoundPostVpc,rootDualBound,dualBound,primalBound,vpcGenerationTime,rootDualBoundTime,bestSolutionTime,terminationTime,nodes,iterations,maxTime,actualTerms,numCuts,cutLimit,mipSolver,providePrimalBound
0,New,4,-18811.492536,-18735.751343,-18745.991858,-18179.413826,-17783.000000,-17783.000000,4158.394701,4185.107773,4243.751999,4357.666404,821,136961,3600.000000,4,223,867,GUROBI,1
1,Old,4,-18812.601640,-18737.459291,-18758.567590,-18173.488899,-17783.000000,-17783.000000,3618.870170,3647.987391,3684.787440,3795.167790,843,143067,3600.000000,4,221,0,GUROBI,1
2,Old,4,-18811.656451,-18735.168163,-18751.165074,-18155.691779,-17783.000000,-17783.000000,3615.529998,3641.160895,3680.236309,3771.858599,754,132459,3600.000000,4,208,0,GUROBI,1
3,Old,4,-18814.027719,-18737.837320,-18764.139484,-18189.573244,-17784.000000,-17784.000000,3605.743240,3625.822697,3653.602918,3743.480090,678,123613,3600.000000,4,211,0,GUROBI,1
4,Old,4,-18809.976722,-18733.496895,-18755.725511,-18149.511274,-17780.000000,-17780.000000,3617.833613,3637.144911,3763.503184,3768.406159,809,136173,3600.000000,4,212,0,GUROBI,1
5,Old,4,-18807.319154,-18731.590351,-18745.425227,-18171.998435,-17774.000000,-17774.000000,3600.303347,3620.580609,3650.067391,3773.413639,766,142817,3600.000000,4,203,0,GUROBI,1
