instanceIndex,vpcGenerator,terms,lpBound,disjunctiveDualBound,lpBoundPostVpc,rootDualBound,dualBound,primalBound,vpcGenerationTime,rootDualBoundTime,bestSolutionTime,terminationTime,nodes,iterations,maxTime,actualTerms,numCuts,cutLimit,mipSolver,providePrimalBound
0,None,16,34.289167,34.289167,34.289167,35.982040,37.000000,37.000000,0.000029,0.148167,0.000029,0.152154,3,552,3600.000000,0,0,0,GUROBI,1
1,None,16,33.586287,33.586287,33.586287,33.897957,36.000000,36.000000,0.000002,0.117085,0.227975,0.767186,885,8153,3600.000000,0,0,0,GUROBI,1
2,None,16,35.376937,35.376937,35.376937,36.763318,38.000000,38.000000,0.000002,0.153932,0.191486,0.191569,64,938,3600.000000,0,0,0,GUROBI,1
3,None,16,34.813571,34.813571,34.813571,35.374038,37.000000,37.000000,0.000001,0.127077,0.151469,0.763777,960,8722,3600.000000,0,0,0,GUROBI,1
