instanceIndex,vpcGenerator,terms,lpBound,disjunctiveDualBound,lpBoundPostVpc,rootDualBound,dualBound,primalBound,vpcGenerationTime,rootDualBoundTime,bestSolutionTime,terminationTime,nodes,iterations,maxTime,actualTerms,numCuts,cutLimit,mipSolver,providePrimalBound
0,None,16,23.260000,23.260000,23.260000,23.260000,54.760000,54.760000,0.000001,0.418879,53.584101,197.642665,326131,2106182,3600.000000,0,0,0,GUROBI,1
1,None,16,23.161130,23.161130,23.161130,23.260000,54.760000,54.760000,0.000002,0.236602,31.843928,34.090574,7101,204201,3600.000000,0,0,0,GUROBI,1
2,None,16,23.260000,23.260000,23.260000,23.260000,54.740000,54.760000,0.000001,0.270968,3600.001606,3600.001784,4653467,40606223,3600.000000,0,0,0,GUROBI,1
3,None,16,-1917.392727,-1917.392727,-1917.392727,-1881.178372,-1878.490000,-1878.340000,0.000002,1.152453,20.904528,20.904677,8887,178257,3600.000000,0,0,0,GUROBI,1
4,None,16,23.178047,23.178047,23.178047,23.260000,54.760000,54.760000,0.000002,0.231243,15.136438,15.136592,949,80166,3600.000000,0,0,0,GUROBI,1
