instanceIndex,vpcGenerator,terms,lpBound,disjunctiveDualBound,lpBoundPostVpc,rootDualBound,dualBound,primalBound,vpcGenerationTime,rootDualBoundTime,bestSolutionTime,terminationTime,nodes,iterations,maxTime,actualTerms,numCuts,cutLimit,mipSolver,providePrimalBound,infeasibleTerms,feasibleToInfeasibleTerms,infeasibleToFeasibleTerms
0,New,4,6.727060,6.771595,6.771595,18.433552,23.974870,24.785775,2.647651,9.235071,3560.215718,3602.649349,23418,6367993,3600.000000,4,15,15,GUROBI,1,0,0,0
1,Old,4,6.477063,6.521598,6.521598,17.953829,23.330626,24.785820,2.073794,8.002355,3454.544166,3602.081931,25519,5998082,3600.000000,4,17,0,GUROBI,1,0,0,0
2,Old,4,4.604931,4.604931,4.604931,16.949822,23.174466,24.785820,1.980316,11.635443,3055.845183,3601.981962,23900,6246503,3600.000000,4,17,0,GUROBI,1,0,0,0
3,Old,4,2.105204,2.149739,2.149739,15.379222,22.595349,24.785786,2.496790,7.158222,3602.498519,3602.498893,26233,6465171,3600.000000,4,18,0,GUROBI,1,0,0,0
4,Old,4,5.664646,5.709181,5.709181,17.541131,22.728403,24.785770,2.256884,8.057706,3602.261053,3602.261466,38427,9024349,3600.000000,4,13,0,GUROBI,1,0,0,0
