instanceIndex,vpcGenerator,terms,lpBound,disjunctiveDualBound,lpBoundPostVpc,rootDualBound,dualBound,primalBound,vpcGenerationTime,rootDualBoundTime,bestSolutionTime,terminationTime,nodes,iterations,maxTime,actualTerms,numCuts,cutLimit,mipSolver,providePrimalBound,infeasibleTerms,feasibleToInfeasibleTerms,infeasibleToFeasibleTerms
0,New,16,-18525.765543,-18393.769495,-18407.765500,-17901.771877,-17381.000000,-17380.000000,27064.957844,27075.189897,27219.329373,27219.556112,1466,280767,3600.000000,30,53,857,GUROBI,1,22,0,0
1,New,16,-18488.289908,-18431.755092,-18486.227664,-17835.486791,-17004.000000,-17003.000000,45324.696445,45334.875540,45893.527648,46840.228716,26549,4691023,3600.000000,17,197,873,GUROBI,1,15,0,0
2,New,16,-18528.695431,-18370.046585,-18519.504747,-17818.669643,-16887.000000,-16886.000000,47334.254801,47343.726545,47768.054385,47780.639704,8902,1316804,3600.000000,16,101,871,GUROBI,1,12,0,0
3,New,16,-18527.502920,-18380.970475,-18518.772754,-17845.135612,-17381.000000,-17380.000000,18543.488414,18552.844373,18800.756454,18809.045550,3600,694424,3600.000000,16,40,877,GUROBI,1,9,0,0
4,New,16,-18531.286500,-18445.138665,-18511.820832,-17826.001491,-17178.000000,-17178.000000,104363.426328,104373.794739,104828.721384,104828.721821,9180,1509968,3600.000000,16,312,858,GUROBI,1,14,0,0
