instanceIndex,vpcGenerator,terms,lpBound,disjunctiveDualBound,lpBoundPostVpc,rootDualBound,dualBound,primalBound,vpcGenerationTime,rootDualBoundTime,bestSolutionTime,terminationTime,nodes,iterations,maxTime,actualTerms,numCuts,cutLimit,mipSolver,providePrimalBound,infeasibleTerms,feasibleToInfeasibleTerms,infeasibleToFeasibleTerms
0,None,64,-18811.492536,-18811.492536,-18811.492536,-18152.524612,-17784.000000,-17783.000000,0.000003,24.639895,192.721782,194.274507,1285,220138,3600.000000,0,0,0,GUROBI,1,0,0,0
1,None,64,-18811.492536,-18811.492536,-18811.492536,-18154.438217,-17777.000000,-17777.000000,0.000004,27.022171,161.574067,171.826739,788,179310,3600.000000,0,0,0,GUROBI,1,0,0,0
2,None,64,-18811.492536,-18811.492536,-18811.492536,-18157.572194,-17784.000000,-17783.000000,0.000004,13.779148,168.714319,179.788357,865,185760,3600.000000,0,0,0,GUROBI,1,0,0,0
3,None,64,-18811.492536,-18811.492536,-18811.492536,-18152.524612,-17784.000000,-17783.000000,0.000003,24.733642,235.548854,237.640948,1285,220138,3600.000000,0,0,0,GUROBI,1,0,0,0
4,None,64,-18811.492536,-18811.492536,-18811.492536,-18152.524612,-17784.000000,-17783.000000,0.000004,25.479370,195.248526,195.985584,1285,220138,3600.000000,0,0,0,GUROBI,1,0,0,0
5,None,64,-18811.369414,-18811.369414,-18811.369414,-18163.543978,-17783.000000,-17783.000000,0.000003,20.897738,187.769987,188.125450,774,145402,3600.000000,0,0,0,GUROBI,1,0,0,0
