instanceIndex,vpcGenerator,terms,lpBound,disjunctiveDualBound,lpBoundPostVpc,rootDualBound,dualBound,primalBound,vpcGenerationTime,rootDualBoundTime,bestSolutionTime,terminationTime,nodes,iterations,maxTime,actualTerms,numCuts,cutLimit,mipSolver,providePrimalBound,infeasibleTerms,feasibleToInfeasibleTerms,infeasibleToFeasibleTerms
0,New,64,253.833333,253.833333,253.833333,253.833333,255.000000,255.000000,13.292398,13.462575,13.292398,13.525811,30,2174,3600.000000,77,4,24,GUROBI,1,62,0,0
1,New,64,222.105263,222.513158,222.200000,223.000000,223.000000,223.000000,8.520939,8.520939,8.520939,8.563314,1,906,3600.000000,64,33,33,GUROBI,1,59,0,0
2,New,64,191.296296,191.296296,191.296296,192.000000,192.000000,192.000000,3.488188,3.488188,3.488188,3.535845,1,838,3600.000000,66,12,25,GUROBI,1,64,0,0
3,New,64,205.431373,205.941176,205.941176,206.272727,208.000000,208.000000,3.833518,4.035760,11.489628,21.166858,10217,108237,3600.000000,69,2,29,GUROBI,1,60,0,0
4,New,64,225.080000,225.080000,225.080000,226.567567,228.000000,228.000000,4.189811,4.420139,928.969631,928.969868,494803,7253841,3600.000000,72,1,29,GUROBI,1,65,0,0
