instanceIndex,vpcGenerator,terms,lpBound,disjunctiveDualBound,lpBoundPostVpc,rootDualBound,dualBound,primalBound,vpcGenerationTime,rootDualBoundTime,bestSolutionTime,terminationTime,nodes,iterations,maxTime,actualTerms,numCuts,cutLimit,mipSolver,providePrimalBound
0,None,16,35591.500000,35591.500000,35591.500000,35954.000000,35954.000000,35954.000000,0.000026,0.039753,0.000026,0.041025,1,61,3600.000000,0,0,0,GUROBI,1
1,None,16,34999.000000,34999.000000,34999.000000,35954.000000,35954.000000,35954.000000,0.000002,0.042419,0.000002,0.043650,1,59,3600.000000,0,0,0,GUROBI,1
2,None,16,34951.500000,34951.500000,34951.500000,35954.000000,35954.000000,35954.000000,0.000004,0.042800,0.000004,0.044095,1,61,3600.000000,0,0,0,GUROBI,1
3,None,16,35317.333333,35317.333333,35317.333333,35591.500000,35954.000000,35954.000000,0.000004,0.043465,0.000004,0.044655,1,41,3600.000000,0,0,0,GUROBI,1
4,None,16,35218.285714,35218.285714,35218.285714,35954.000000,35954.000000,35954.000000,0.000003,0.043139,0.000003,0.044384,1,68,3600.000000,0,0,0,GUROBI,1
5,None,16,35591.500000,35591.500000,35591.500000,35954.000000,35954.000000,35954.000000,0.000002,0.043502,0.000002,0.044724,1,58,3600.000000,0,0,0,GUROBI,1
