instanceIndex,vpcGenerator,terms,lpBound,disjunctiveDualBound,lpBoundPostVpc,rootDualBound,dualBound,primalBound,vpcGenerationTime,rootDualBoundTime,bestSolutionTime,terminationTime,nodes,iterations,maxTime,actualTerms,numCuts,cutLimit,mipSolver,providePrimalBound,infeasibleTerms,feasibleToInfeasibleTerms,infeasibleToFeasibleTerms
0,None,4,128.750000,128.750000,128.750000,131.526798,134.500000,134.500000,0.000003,4.068414,67.014686,68.350899,1354,175115,3600.000000,0,0,0,GUROBI,1,0,0,0
1,None,4,128.656250,128.656250,128.656250,131.874750,134.343750,134.343750,0.000003,4.077587,378.539364,408.495084,10792,1099959,3600.000000,0,0,0,GUROBI,1,0,0,0
2,None,4,128.750000,128.750000,128.750000,131.530642,134.500000,134.500000,0.000003,3.878232,46.506191,46.506769,809,106881,3600.000000,0,0,0,GUROBI,1,0,0,0
3,None,4,128.593750,128.593750,128.593750,131.189598,134.343750,134.343750,0.000004,3.684840,285.363729,287.109191,10492,775199,3600.000000,0,0,0,GUROBI,1,0,0,0
