instanceIndex,vpcGenerator,terms,lpBound,disjunctiveDualBound,lpBoundPostVpc,rootDualBound,dualBound,primalBound,vpcGenerationTime,rootDualBoundTime,bestSolutionTime,terminationTime,nodes,iterations,maxTime,actualTerms,numCuts,cutLimit,mipSolver,providePrimalBound
0,None,16,342.576816,342.576816,342.576816,382.452545,454.200000,454.200000,0.000002,0.764526,0.914574,4.266992,1531,14754,3600.000000,0,0,0,GUROBI,1
1,None,16,344.244031,344.244031,344.244031,395.743115,454.200000,454.200000,0.000002,1.458397,1.755665,5.918479,1569,19348,3600.000000,0,0,0,GUROBI,1
2,None,16,382.573865,382.573865,382.573865,452.678983,458.100000,458.100000,0.000002,0.557895,0.000002,0.571595,1,509,3600.000000,0,0,0,GUROBI,1
3,None,16,342.490421,342.490421,342.490421,379.809664,452.000000,452.000000,0.000002,1.254585,2.866614,8.099567,2497,29487,3600.000000,0,0,0,GUROBI,1
4,None,16,345.018087,345.018087,345.018087,393.156502,452.000000,452.000000,0.000002,0.979859,1.709579,3.133321,1068,8250,3600.000000,0,0,0,GUROBI,1
