instanceIndex,vpcGenerator,terms,lpBound,disjunctiveDualBound,lpBoundPostVpc,rootDualBound,dualBound,primalBound,vpcGenerationTime,rootDualBoundTime,bestSolutionTime,terminationTime,nodes,iterations,maxTime,actualTerms,numCuts,cutLimit,mipSolver,providePrimalBound
0,None,64,3175561447.505317,3175561447.505317,3175561447.505317,3179698976.999958,3179698976.999958,3179698977.000000,0.000025,0.004696,0.000025,0.005061,1,24,3600.000000,0,0,0,GUROBI,1
1,None,64,3175513169.505317,3175513169.505317,3175513169.505317,3179650698.999958,3179650698.999958,3179650699.000000,0.000023,0.004173,0.000023,0.004875,1,24,3600.000000,0,0,0,GUROBI,1
2,None,64,3175592279.968795,3175592279.968795,3175592279.968795,3179729834.999958,3179729834.999958,3179729835.000000,0.000025,0.003476,0.000025,0.003787,1,24,3600.000000,0,0,0,GUROBI,1
