instanceIndex,vpcGenerator,terms,lpBound,disjunctiveDualBound,lpBoundPostVpc,rootDualBound,dualBound,primalBound,vpcGenerationTime,rootDualBoundTime,bestSolutionTime,terminationTime,nodes,iterations,maxTime,actualTerms,numCuts,cutLimit,mipSolver,providePrimalBound
0,None,16,5711620.957128,5711620.957128,5711620.957128,5742906.053417,5761162.362085,5761665.217720,0.000003,1.676158,9.148273,14.211801,5263,20094,3600.000000,0,0,0,GUROBI,1
1,None,16,5629726.592297,5629726.592297,5629726.592297,5680015.656040,5691460.023141,5692689.308751,0.000002,1.587332,1715.025325,3600.002866,6710465,22997062,3600.000000,0,0,0,GUROBI,1
2,None,16,5701578.068738,5701578.068738,5701578.068738,5733366.012880,5756108.871617,5756615.217720,0.000002,1.515441,7.256401,11.837753,5110,17243,3600.000000,0,0,0,GUROBI,1
