instanceIndex,vpcGenerator,terms,lpBound,disjunctiveDualBound,lpBoundPostVpc,rootDualBound,dualBound,primalBound,vpcGenerationTime,rootDualBoundTime,bestSolutionTime,terminationTime,nodes,iterations,maxTime,actualTerms,numCuts,cutLimit,mipSolver,providePrimalBound,infeasibleTerms,feasibleToInfeasibleTerms,infeasibleToFeasibleTerms
0,New,4,-2501.144925,-2501.144925,-2501.144925,-1922.114422,454.864703,454.864697,2.458602,3.365527,4.759747,4.759923,604,13293,3600.000000,4,20,20,GUROBI,1,0,0,0
1,New,4,-2509.830662,-2509.304740,-2509.309080,-1805.280863,455.410451,455.451028,1.706291,3.803881,10.612546,13.800087,5088,64010,3600.000000,5,18,26,GUROBI,1,1,0,0
2,New,4,-2523.735738,-2522.740228,-2522.740228,-1942.139658,449.113660,449.156765,2.729838,4.233708,5.502583,14.890004,5046,77316,3600.000000,4,17,26,GUROBI,1,0,0,0
3,New,4,-2525.457858,-2525.398479,-2525.398479,-1946.895953,443.636811,443.650398,1.900509,3.432000,36.039677,36.039860,15998,239661,3600.000000,4,23,23,GUROBI,1,0,0,0
4,New,4,-2518.789774,-2518.208936,-2518.208936,-1936.915743,452.087965,452.087959,2.043152,3.432463,13.508695,15.197523,5283,85107,3600.000000,7,21,21,GUROBI,1,4,0,0
5,New,4,-2509.637845,-2509.637845,-2509.637845,-1827.431269,450.583916,450.588135,1.343222,3.028064,7.509279,7.509461,1923,38588,3600.000000,4,7,22,GUROBI,1,0,0,0
