instanceIndex,vpcGenerator,terms,lpBound,disjunctiveDualBound,lpBoundPostVpc,rootDualBound,dualBound,primalBound,vpcGenerationTime,rootDualBoundTime,bestSolutionTime,terminationTime,nodes,iterations,maxTime,actualTerms,numCuts,cutLimit,mipSolver,providePrimalBound
0,New,4,-17360.166667,-17115.166667,-17336.393939,-17042.780000,-17041.000000,-17041.000000,1.148818,1.840255,1.843325,1.845312,1,1971,3600.000000,4,6,175,GUROBI,1
2,New,4,-17339.000000,-17118.000000,-17305.000000,-17028.892857,-17024.000000,-17024.000000,1.267762,1.856452,1.859589,1.861599,1,1983,3600.000000,4,11,165,GUROBI,1
3,New,4,-17383.000000,-17137.000000,-17348.750000,-17073.500000,-17070.000000,-17070.000000,1.143156,1.589507,1.593272,1.595225,1,1913,3600.000000,4,8,165,GUROBI,1
4,New,4,-17345.333333,-17124.250000,-17300.416667,-17033.119048,-17026.000000,-17026.000000,1.101649,2.006624,2.010276,2.012345,1,2009,3600.000000,4,8,165,GUROBI,1
