instanceIndex,vpcGenerator,terms,lpBound,disjunctiveDualBound,lpBoundPostVpc,rootDualBound,dualBound,primalBound,vpcGenerationTime,rootDualBoundTime,bestSolutionTime,terminationTime,nodes,iterations,maxTime,actualTerms,numCuts,cutLimit,mipSolver,providePrimalBound,infeasibleTerms,feasibleToInfeasibleTerms,infeasibleToFeasibleTerms
0,None,4,103.403157,103.403157,103.403157,113.134636,119.000000,119.000000,0.000031,0.139717,0.534393,1.138169,1103,15137,3600.000000,0,0,0,GUROBI,1,0,0,0
1,None,4,105.907446,105.907446,105.907446,117.181421,123.000000,123.000000,0.000002,0.146704,1.202108,1.252956,708,9778,3600.000000,0,0,0,GUROBI,1,0,0,0
2,None,4,103.403157,103.403157,103.403157,113.134636,119.000000,119.000000,0.000002,0.144372,0.666938,1.275171,1113,15197,3600.000000,0,0,0,GUROBI,1,0,0,0
3,None,4,-677.019963,-677.019963,-677.019963,-664.102429,-660.000000,-660.000000,0.000002,0.234975,1.958550,1.959959,634,12812,3600.000000,0,0,0,GUROBI,1,0,0,0
4,None,4,103.970179,103.970179,103.970179,114.427848,119.000000,119.000000,0.000002,0.186746,0.564481,2.233971,574,9130,3600.000000,0,0,0,GUROBI,1,0,0,0
5,None,4,103.403157,103.403157,103.403157,113.134636,119.000000,119.000000,0.000002,0.147736,1.759641,1.773000,948,14073,3600.000000,0,0,0,GUROBI,1,0,0,0
6,None,4,-646.091588,-646.091588,-646.091588,-633.937126,-630.000000,-630.000000,0.000002,0.203957,0.310399,0.437519,276,4150,3600.000000,0,0,0,GUROBI,1,0,0,0
7,None,4,103.403157,103.403157,103.403157,113.945168,119.000000,119.000000,0.000001,0.231252,1.214650,1.225316,625,8868,3600.000000,0,0,0,GUROBI,1,0,0,0
8,None,4,103.403157,103.403157,103.403157,113.960638,120.000000,120.000000,0.000003,0.158442,0.389010,1.151251,910,14858,3600.000000,0,0,0,GUROBI,1,0,0,0
