instanceIndex,vpcGenerator,terms,lpBound,disjunctiveDualBound,lpBoundPostVpc,rootDualBound,dualBound,primalBound,vpcGenerationTime,rootDualBoundTime,bestSolutionTime,terminationTime,nodes,iterations,maxTime,actualTerms,numCuts,cutLimit,mipSolver,providePrimalBound
0,New,64,415.240000,415.240000,415.240000,427.197273,453.000000,453.000000,516.989502,518.638070,516.989502,520.216805,528,20626,3600.000000,230,2,478,GUROBI,1
1,Farkas,64,414.420000,414.420000,414.420000,428.095589,450.000000,450.000000,3.305192,4.532195,3.305192,4.576198,1,9990,3600.000000,230,2,0,GUROBI,1
2,Farkas,64,415.640000,415.640000,415.640000,448.572464,451.000000,451.000000,3.307043,4.506039,3.307043,4.514548,1,9702,3600.000000,230,2,0,GUROBI,1
