instanceIndex,vpcGenerator,terms,lpBound,disjunctiveDualBound,lpBoundPostVpc,rootDualBound,dualBound,primalBound,vpcGenerationTime,rootDualBoundTime,bestSolutionTime,terminationTime,nodes,iterations,maxTime,actualTerms,numCuts,cutLimit,mipSolver,providePrimalBound
0,New,16,61042972.232744,61310464.847270,61309478.720875,61564040.034046,61782490.877596,61910283.687950,2969.024951,2971.150648,5225.972759,6569.033041,929639,16454217,3600.000000,97,91,165,GUROBI,1
1,New,16,60842163.454143,61097141.619563,61061697.530934,61345649.871098,61585583.936983,61710723.914750,774.907612,776.623135,2958.904535,4374.916493,925525,14960666,3600.000000,365,2,114,GUROBI,1
