instanceIndex,vpcGenerator,terms,lpBound,disjunctiveDualBound,lpBoundPostVpc,rootDualBound,dualBound,primalBound,vpcGenerationTime,rootDualBoundTime,bestSolutionTime,terminationTime,nodes,iterations,maxTime,actualTerms,numCuts,cutLimit,mipSolver,providePrimalBound
0,None,16,1.767720,1.767720,1.767720,1.793009,2.613775,2.613775,0.000002,4.531887,40.462218,187.291655,2824,819529,3600.000000,0,0,0,GUROBI,1
1,None,16,1.715103,1.715103,1.715103,1.732702,2.501346,2.501346,0.000002,4.426716,256.684474,304.631744,4758,1191776,3600.000000,0,0,0,GUROBI,1
2,None,16,1.767720,1.767720,1.767720,1.788119,2.613775,2.613775,0.000003,3.265484,297.636984,358.075105,6124,1641156,3600.000000,0,0,0,GUROBI,1
3,None,16,1.767720,1.767720,1.767720,1.782964,2.613775,2.613775,0.000002,3.698247,315.743486,369.430718,5393,1638480,3600.000000,0,0,0,GUROBI,1
4,None,16,1.767720,1.767720,1.767720,1.782964,2.613775,2.613775,0.000002,3.679123,252.539911,495.292250,7621,2217813,3600.000000,0,0,0,GUROBI,1
5,None,16,1.705024,1.705024,1.705024,1.716952,2.613775,2.613775,0.000002,4.900243,473.545923,731.675663,10778,3311037,3600.000000,0,0,0,GUROBI,1
