instanceIndex,vpcGenerator,terms,lpBound,disjunctiveDualBound,lpBoundPostVpc,rootDualBound,dualBound,primalBound,vpcGenerationTime,rootDualBoundTime,bestSolutionTime,terminationTime,nodes,iterations,maxTime,actualTerms,numCuts,cutLimit,mipSolver,providePrimalBound
0,None,4,342.576816,342.576816,342.576816,382.452545,454.200000,454.200000,0.000002,0.758203,0.907566,4.249642,1531,14754,3600.000000,0,0,0,GUROBI,1
1,None,4,322.952273,322.952273,322.952273,362.267223,430.833591,430.833649,0.000003,1.303433,4.917980,6.104108,1709,20405,3600.000000,0,0,0,GUROBI,1
2,None,4,351.492444,351.492444,351.492444,384.408609,458.668825,458.668823,0.000002,1.114654,5.125705,6.514119,1941,23474,3600.000000,0,0,0,GUROBI,1
3,None,4,325.179676,325.179676,325.179676,361.859314,430.582009,430.582001,0.000003,1.423742,2.199973,3.865233,903,10395,3600.000000,0,0,0,GUROBI,1
4,None,4,347.484071,347.484071,347.484071,386.297530,455.267233,455.267233,0.000002,0.879219,7.206043,7.206185,2313,27062,3600.000000,0,0,0,GUROBI,1
