instanceIndex,vpcGenerator,terms,lpBound,disjunctiveDualBound,lpBoundPostVpc,rootDualBound,dualBound,primalBound,vpcGenerationTime,rootDualBoundTime,bestSolutionTime,terminationTime,nodes,iterations,maxTime,actualTerms,numCuts,cutLimit,mipSolver,providePrimalBound,infeasibleTerms,feasibleToInfeasibleTerms,infeasibleToFeasibleTerms
0,New,4,6519541.944917,6519892.961004,6519541.944917,11486166.652404,11490402.858514,11490666.666634,1.180308,1.926140,2.441795,6.298275,567,44113,3600.000000,4,5,202,GUROBI,1,0,0,0
2,Old,4,2713250.666805,2714875.248307,2714063.947715,10491223.652204,10495479.759574,10495590.332959,0.602255,1.408328,73.067133,73.070620,7996,415531,3600.000000,4,2,0,GUROBI,1,0,0,0
3,Old,4,4624799.805879,4624799.805879,4624799.805879,10750411.357664,10754886.666306,10755896.666306,1.058795,1.819679,46.745955,46.746851,10939,363602,3600.000000,4,6,0,GUROBI,1,0,0,0
4,Old,4,1869594.132911,1869700.005851,1869700.005851,10085313.779245,10097517.781708,10098480.168141,0.593487,1.257246,296.272868,333.744910,31430,1709750,3600.000000,4,2,0,GUROBI,1,0,0,0
