instanceIndex,vpcGenerator,terms,lpBound,disjunctiveDualBound,lpBoundPostVpc,rootDualBound,dualBound,primalBound,vpcGenerationTime,rootDualBoundTime,bestSolutionTime,terminationTime,nodes,iterations,maxTime,actualTerms,numCuts,cutLimit,mipSolver,providePrimalBound
0,None,64,3175561447.505317,3175561447.505317,3175561447.505317,3179698976.999958,3179698976.999958,3179698977.000000,0.000014,0.010541,0.000014,0.010883,1,24,3600.000000,0,0,0,GUROBI,1
1,None,64,3175603505.677811,3175603505.677811,3175603505.677811,3179769350.999958,3179769350.999958,3179769351.000000,0.000008,0.003702,0.000008,0.004013,1,27,3600.000000,0,0,0,GUROBI,1
2,None,64,3175347352.332823,3175347352.332823,3175347352.332823,3179428626.999959,3179428627.000001,3179428627.000001,0.000017,0.003800,0.004009,0.004291,1,26,3600.000000,0,0,0,GUROBI,1
3,None,64,3175293334.160329,3175293334.160329,3175293334.160329,3178975542.999964,3178975542.999964,3178975543.000000,0.000003,0.003520,0.000003,0.003836,1,27,3600.000000,0,0,0,GUROBI,1
4,None,64,3175544334.850305,3175544334.850305,3175544334.850305,3179681865.999958,3179681865.999958,3179681866.000000,0.000001,0.003744,0.000001,0.004050,1,29,3600.000000,0,0,0,GUROBI,1
5,None,64,3175357883.677811,3175357883.677811,3175357883.677811,3179523728.999958,3179523728.999958,3179523729.000000,0.000001,0.003690,0.000001,0.004006,1,25,3600.000000,0,0,0,GUROBI,1
