instanceIndex,vpcGenerator,terms,lpBound,disjunctiveDualBound,lpBoundPostVpc,rootDualBound,dualBound,primalBound,vpcGenerationTime,rootDualBoundTime,bestSolutionTime,terminationTime,nodes,iterations,maxTime,actualTerms,numCuts,cutLimit,mipSolver,providePrimalBound
0,None,64,6519541.944917,6519541.944917,6519541.944917,11486166.665992,11490666.666274,11490666.666274,0.000021,0.708420,5.143668,28.163742,10216,238360,3600.000000,0,0,0,GUROBI,1
1,None,64,3607988.652134,3607988.652134,3607988.652134,10435329.387112,10439788.332943,10440298.000000,0.000002,0.802361,65.381007,65.383433,14190,549156,3600.000000,0,0,0,GUROBI,1
2,None,64,2713250.666805,2713250.666805,2713250.666805,10491085.520459,10495480.785947,10495508.332959,0.000002,0.792383,138.160807,138.160989,13534,953002,3600.000000,0,0,0,GUROBI,1
3,None,64,4624799.805879,4624799.805879,4624799.805879,10750411.357634,10754886.666318,10755780.666306,0.000003,0.776158,69.548530,69.549398,15815,595968,3600.000000,0,0,0,GUROBI,1
4,None,64,1869594.132911,1869594.132911,1869594.132911,10086007.085632,10097860.427936,10098480.000000,0.000003,0.625773,369.998591,370.004640,41164,2148309,3600.000000,0,0,0,GUROBI,1
