instanceIndex,vpcGenerator,terms,lpBound,disjunctiveDualBound,lpBoundPostVpc,rootDualBound,dualBound,primalBound,vpcGenerationTime,rootDualBoundTime,bestSolutionTime,terminationTime,nodes,iterations,maxTime,actualTerms,numCuts,cutLimit,mipSolver,providePrimalBound
0,New,16,0.000681,0.001741,0.001143,0.138711,0.149991,0.150003,7.273921,7.945331,9.295218,9.596400,1369,18848,3600.000000,18,50,171,GUROBI,1
1,New,16,-0.000819,0.000219,-0.000352,0.142421,0.149993,0.150003,16.288444,17.069006,18.608010,18.608151,1501,18603,3600.000000,19,104,170,GUROBI,1
2,New,16,-0.000811,0.000218,-0.000206,0.138045,0.148184,0.148198,14.297338,14.995479,17.860065,18.839651,3178,39415,3600.000000,23,85,170,GUROBI,1
3,New,16,-0.000822,0.000211,-0.000339,0.115953,0.148485,0.148499,6.073162,7.062407,12.586840,12.586974,2106,32892,3600.000000,18,45,246,GUROBI,1
4,New,16,-0.000820,0.000209,-0.000360,0.117805,0.150430,0.150437,7.344753,8.137165,20.475422,20.962763,1400,27818,3600.000000,18,57,246,GUROBI,1
5,New,16,0.000685,0.001638,0.001141,0.122542,0.150001,0.150003,10.608745,11.429240,18.768541,18.768671,2576,33834,3600.000000,22,64,249,GUROBI,1
6,New,16,-0.000820,0.000238,-0.000366,0.137615,0.148513,0.148524,8.358248,9.067912,13.445929,13.446057,1460,21686,3600.000000,18,53,171,GUROBI,1
7,New,16,-0.000823,0.000159,-0.000363,0.114032,0.148499,0.148499,8.695702,9.644968,12.965046,13.300764,1167,21843,3600.000000,18,62,246,GUROBI,1
8,New,16,-0.000814,0.000080,-0.000349,0.115924,0.150440,0.150453,16.124497,16.960500,23.114592,23.114736,2365,36510,3600.000000,20,106,249,GUROBI,1
9,New,16,0.000678,0.001741,0.001181,0.143392,0.149920,0.149928,7.923277,9.076012,9.860924,10.263214,922,12520,3600.000000,18,48,171,GUROBI,1
10,New,16,-0.000823,0.000153,-0.000373,0.134234,0.148472,0.148484,7.452776,8.155260,11.719386,11.719510,1701,18731,3600.000000,21,44,171,GUROBI,1
