instanceIndex,vpcGenerator,terms,lpBound,disjunctiveDualBound,lpBoundPostVpc,rootDualBound,dualBound,primalBound,vpcGenerationTime,rootDualBoundTime,bestSolutionTime,terminationTime,nodes,iterations,maxTime,actualTerms,numCuts,cutLimit,mipSolver,providePrimalBound
0,None,16,-48603440750.590454,-48603440750.590454,-48603440750.590454,-48603438723.112579,-48603438723.112579,-48603440750.590408,0.000003,0.000003,0.133862,0.134935,1,574,3600.000000,0,0,0,GUROBI,1
1,None,16,-48603440750.590454,-48603440750.590454,-48603440750.590454,-48603438723.112465,-48603438723.112518,-48603440750.590408,0.000002,0.000002,0.113068,0.113993,1,555,3600.000000,0,0,0,GUROBI,1
2,None,16,-48596159081.590454,-48596159081.590454,-48596159081.590454,-48596157054.112579,-48596157054.112579,-48596159081.590408,0.000002,0.000002,0.133833,0.134736,1,574,3600.000000,0,0,0,GUROBI,1
3,None,16,-48603440750.590454,-48603440750.590454,-48603440750.590454,-48603438723.112778,-48603438723.112778,-48603440750.590408,0.000002,0.000002,0.136606,0.137589,1,538,3600.000000,0,0,0,GUROBI,1
4,None,16,-48603440750.590454,-48603440750.590454,-48603440750.590454,-48603438723.112595,-48603438723.112595,-48603440750.590408,0.000003,0.000003,0.119300,0.120290,1,562,3600.000000,0,0,0,GUROBI,1
5,None,16,-47296311387.777756,-47296311387.777756,-47296311387.777756,-47296309359.887390,-47296309359.887390,-47296311387.777725,0.000002,0.000002,0.124187,0.125095,1,566,3600.000000,0,0,0,GUROBI,1
