instanceIndex,vpcGenerator,terms,lpBound,disjunctiveDualBound,lpBoundPostVpc,rootDualBound,dualBound,primalBound,vpcGenerationTime,rootDualBoundTime,bestSolutionTime,terminationTime,nodes,iterations,maxTime,actualTerms,numCuts,cutLimit,mipSolver,providePrimalBound
0,New,4,192.000000,192.000000,192.000000,1555.229953,1600.000000,1600.000000,0.685071,0.786503,54.153867,60.026699,25008,365119,3600.000000,4,2,87,GUROBI,1
1,New,4,192.000225,192.000225,192.000225,1556.253586,1601.625000,1601.750000,0.065692,0.173106,51.879690,108.311580,41510,739033,3600.000000,4,5,87,GUROBI,1
