instanceIndex,vpcGenerator,terms,lpBound,disjunctiveDualBound,lpBoundPostVpc,rootDualBound,dualBound,primalBound,vpcGenerationTime,rootDualBoundTime,bestSolutionTime,terminationTime,nodes,iterations,maxTime,actualTerms,numCuts,cutLimit,mipSolver,providePrimalBound
0,New,4,23.260000,23.260000,23.260000,23.260000,54.760000,54.760000,1.094318,1.505704,34.034813,161.774140,146209,1629018,3600.000000,4,17,43,GUROBI,1
1,Farkas,4,23.228750,23.228750,23.228750,23.228750,54.723750,54.728750,0.019042,0.429398,150.164931,150.165125,110401,1363611,3600.000000,4,17,0,GUROBI,1
2,Farkas,4,-354.365000,-354.365000,-354.365000,-354.365000,-320.805000,-320.765000,0.045411,0.334690,604.275861,3600.047951,5706188,44555680,3600.000000,4,17,0,GUROBI,1
3,Farkas,4,23.260000,23.260000,23.260000,23.260000,54.737500,54.760000,0.015991,0.447123,3600.017670,3600.017847,4883383,42263271,3600.000000,4,17,0,GUROBI,1
4,Farkas,4,23.228750,23.228750,23.228750,51.634398,54.723750,54.728750,0.030922,1.261283,28.511554,28.511711,9729,221855,3600.000000,4,17,0,GUROBI,1
