instanceIndex,vpcGenerator,terms,lpBound,disjunctiveDualBound,lpBoundPostVpc,rootDualBound,dualBound,primalBound,vpcGenerationTime,rootDualBoundTime,bestSolutionTime,terminationTime,nodes,iterations,maxTime,actualTerms,numCuts,cutLimit,mipSolver,providePrimalBound,infeasibleTerms,feasibleToInfeasibleTerms,infeasibleToFeasibleTerms
0,New,4,6290575.552807,6291985.411942,6291914.142665,6304453.176839,6307855.573921,6307996.000000,6.660848,7.129783,12.151510,12.152658,612,10502,3600.000000,4,29,29,GUROBI,1,0,0,0
1,Farkas,4,3948251.273581,3948251.273581,3948251.273581,3954496.822622,4127834.514527,4128242.000000,0.211712,0.723749,72.995098,158.072017,36206,784087,3600.000000,4,29,0,GUROBI,1,0,0,0
2,Farkas,4,4226103.039094,4226103.039094,4226103.039094,4240505.798340,4346915.000000,4346915.000000,0.207789,0.813964,3.934217,8.867067,1672,26534,3600.000000,4,29,0,GUROBI,1,0,0,0
3,Farkas,4,4413905.524037,4413905.524037,4413905.524037,4452723.569714,4552474.812528,4552930.000000,0.187315,0.862613,62.081283,63.695993,14204,310606,3600.000000,4,29,0,GUROBI,1,0,0,0
4,Farkas,4,4210905.701524,4210905.701524,4210905.701524,4241585.489155,4308294.039184,4308686.000000,0.223065,1.174653,22.996261,27.665241,6054,103961,3600.000000,4,29,0,GUROBI,1,0,0,0
5,Farkas,4,3269030.994383,3269030.994383,3269030.994383,3312879.922930,3431010.358450,3431345.000000,0.226592,0.939941,59.588388,61.616187,11740,307238,3600.000000,4,29,0,GUROBI,1,0,0,0
