instanceIndex,vpcGenerator,terms,lpBound,disjunctiveDualBound,lpBoundPostVpc,rootDualBound,dualBound,primalBound,vpcGenerationTime,rootDualBoundTime,bestSolutionTime,terminationTime,nodes,iterations,maxTime,actualTerms,numCuts,cutLimit,mipSolver,providePrimalBound,infeasibleTerms,feasibleToInfeasibleTerms,infeasibleToFeasibleTerms
0,New,4,-17360.166667,-17115.166667,-17336.393939,-17042.780000,-17041.000000,-17041.000000,1.197020,1.780695,1.783888,1.785834,1,1971,3600.000000,4,6,175,GUROBI,1,0,0,0
1,New,4,-17328.166667,-17083.166667,-17296.096667,-17012.898925,-17009.000000,-17009.000000,1.501947,2.049112,2.054329,2.056207,1,1948,3600.000000,4,12,175,GUROBI,1,0,0,0
2,New,4,-17168.500000,-17032.500000,-17123.350575,-16977.250000,-16977.000000,-16977.000000,1.107757,1.416631,1.418985,1.420573,1,1721,3600.000000,4,7,165,GUROBI,1,0,0,0
3,New,4,-17273.333333,-17038.666667,-17224.628378,-17009.527849,-16986.000000,-16986.000000,1.619782,2.098076,2.104800,2.106749,1,1930,3600.000000,4,17,162,GUROBI,1,0,0,0
