instanceIndex,vpcGenerator,terms,lpBound,disjunctiveDualBound,lpBoundPostVpc,rootDualBound,dualBound,primalBound,vpcGenerationTime,rootDualBoundTime,bestSolutionTime,terminationTime,nodes,iterations,maxTime,actualTerms,numCuts,cutLimit,mipSolver,providePrimalBound,infeasibleTerms,feasibleToInfeasibleTerms,infeasibleToFeasibleTerms
0,None,4,58939.682617,58939.682617,58939.682617,59512.686074,71320.000000,71320.000000,0.000003,28.893332,357.143752,360.110019,787,788090,3600.000000,0,0,0,GUROBI,1,0,0,0
1,None,4,89907.152993,89907.152993,89907.152993,105939.824510,139865.000000,140955.000000,0.000002,46.174929,3600.003378,3600.004023,7571,9472594,3600.000000,0,0,0,GUROBI,1,0,0,0
2,None,4,59709.876015,59709.876015,59709.876015,80646.320738,91245.000000,91245.000000,0.000003,19.392470,356.536317,360.936426,957,520853,3600.000000,0,0,0,GUROBI,1,0,0,0
3,None,4,59628.672943,59628.672943,59628.672943,69775.985823,81380.000000,81380.000000,0.000002,24.498093,1329.388644,1329.389283,1930,2951785,3600.000000,0,0,0,GUROBI,1,0,0,0
