instanceIndex,vpcGenerator,terms,lpBound,disjunctiveDualBound,lpBoundPostVpc,rootDualBound,dualBound,primalBound,vpcGenerationTime,rootDualBoundTime,bestSolutionTime,terminationTime,nodes,iterations,maxTime,actualTerms,numCuts,cutLimit,mipSolver,providePrimalBound
0,New,16,6.727060,6.873508,6.844819,19.097293,23.660172,24.785775,12.803683,21.737763,3612.804664,3612.805035,26066,7398901,3600.000000,35,15,15,GUROBI,1
1,Farkas,16,6.727060,6.873508,6.844819,18.596228,23.817953,24.785820,1.002027,6.780417,3601.003136,3601.003507,21560,8023690,3600.000000,35,15,0,GUROBI,1
2,Farkas,16,6.210938,6.357385,6.210938,18.436443,21.663822,21.665610,1.342085,10.708881,1878.354135,1878.354544,18092,3501146,3600.000000,35,15,0,GUROBI,1
3,Farkas,16,6.727060,6.873508,6.844819,18.573848,23.849940,24.785820,0.994567,7.365615,2519.579717,3600.996269,27288,6914771,3600.000000,35,15,0,GUROBI,1
4,Farkas,16,6.077333,6.223780,6.195091,18.173760,21.835177,21.837168,1.557178,8.246411,1400.804245,2246.477039,20700,5035584,3600.000000,35,15,0,GUROBI,1
