instanceIndex,vpcGenerator,terms,lpBound,disjunctiveDualBound,lpBoundPostVpc,rootDualBound,dualBound,primalBound,vpcGenerationTime,rootDualBoundTime,bestSolutionTime,terminationTime,nodes,iterations,maxTime,actualTerms,numCuts,cutLimit,mipSolver,providePrimalBound
0,New,4,10.143845,10.605384,10.499772,24.510847,29.672571,33.384730,7.609813,28.787315,1541.886548,3607.614030,13057,3423209,3600.000000,4,25,33,GUROBI,1
1,Farkas,4,11.558055,12.019594,11.827059,25.364890,31.892015,34.798940,0.144950,16.065415,2290.235128,3600.146980,19929,3986993,3600.000000,4,25,0,GUROBI,1
2,Farkas,4,11.143845,11.605384,11.499772,25.645191,30.064644,34.384730,0.143638,18.607732,2549.340064,3600.145437,29240,5036574,3600.000000,4,25,0,GUROBI,1
3,Farkas,4,10.143845,10.605384,10.499772,24.262373,28.441789,33.384730,0.141021,15.807802,3525.539493,3600.151545,48387,6133640,3600.000000,4,25,0,GUROBI,1
4,Farkas,4,11.558055,12.019594,11.913982,26.723884,31.414532,34.798940,0.141734,20.886025,3600.142802,3600.143288,15810,3787426,3600.000000,4,25,0,GUROBI,1
