instanceIndex,vpcGenerator,terms,lpBound,disjunctiveDualBound,lpBoundPostVpc,rootDualBound,dualBound,primalBound,vpcGenerationTime,rootDualBoundTime,bestSolutionTime,terminationTime,nodes,iterations,maxTime,actualTerms,numCuts,cutLimit,mipSolver,providePrimalBound,infeasibleTerms,feasibleToInfeasibleTerms,infeasibleToFeasibleTerms
0,None,16,3175561447.505317,3175561447.505317,3175561447.505317,3179698976.999958,3179698976.999958,3179698977.000000,0.000009,0.004790,0.000009,0.005158,1,24,3600.000000,0,0,0,GUROBI,1,0,0,0
1,None,16,3175513169.505317,3175513169.505317,3175513169.505317,3179650698.999958,3179650698.999958,3179650699.000000,0.000019,0.004187,0.000019,0.004503,1,24,3600.000000,0,0,0,GUROBI,1,0,0,0
2,None,16,3175592279.968795,3175592279.968795,3175592279.968795,3179729834.999958,3179729834.999958,3179729835.000000,0.000024,0.003518,0.000024,0.003820,1,24,3600.000000,0,0,0,GUROBI,1,0,0,0
