instanceIndex,vpcGenerator,terms,lpBound,disjunctiveDualBound,lpBoundPostVpc,rootDualBound,dualBound,primalBound,vpcGenerationTime,rootDualBoundTime,bestSolutionTime,terminationTime,nodes,iterations,maxTime,actualTerms,numCuts,cutLimit,mipSolver,providePrimalBound
0,New,4,23.260000,23.260000,23.260000,23.260000,54.760000,54.759998,1.142190,1.554318,34.002545,160.980164,146209,1629018,3600.000000,4,17,43,GUROBI,1
1,Farkas,4,0.000000,0.000000,0.000000,26.527749,27.605000,27.606667,0.040163,1.002615,5.319519,5.319669,826,24261,3600.000000,4,17,0,GUROBI,1
2,Farkas,4,0.000000,0.000000,0.000000,24.806967,26.093333,26.093333,0.044452,0.724781,5.557073,5.557222,597,23125,3600.000000,4,17,0,GUROBI,1
3,Farkas,4,0.000000,0.000000,0.000000,31.250253,32.638333,32.638332,0.046586,0.530930,2.929310,2.929456,557,20624,3600.000000,4,17,0,GUROBI,1
4,Farkas,4,0.000000,0.000000,0.000000,24.414902,26.022500,26.022499,0.045374,0.646456,3.023463,3.027473,531,24240,3600.000000,4,17,0,GUROBI,1
