instanceIndex,vpcGenerator,terms,lpBound,disjunctiveDualBound,lpBoundPostVpc,rootDualBound,dualBound,primalBound,vpcGenerationTime,rootDualBoundTime,bestSolutionTime,terminationTime,nodes,iterations,maxTime,actualTerms,numCuts,cutLimit,mipSolver,providePrimalBound,infeasibleTerms,feasibleToInfeasibleTerms,infeasibleToFeasibleTerms
0,New,16,429.000000,429.000000,429.000000,443.795455,446.000000,446.000000,2.245932,2.352689,2.245932,2.355223,1,853,3600.000000,29,20,91,GUROBI,1,20,0,0
2,Old,16,428.875000,428.875000,428.875000,443.686080,445.875000,445.875000,0.315173,0.415919,0.315173,0.419386,1,797,3600.000000,29,8,0,GUROBI,1,20,0,0
3,Old,16,428.984375,428.984375,428.984375,445.984375,445.984375,446.000000,0.340861,0.648601,14.605443,14.605536,4382,207496,3600.000000,29,9,0,GUROBI,1,20,0,0
4,Old,16,428.984375,428.984375,428.984375,444.409091,445.984375,445.984375,0.352824,0.475890,0.352824,0.480772,1,782,3600.000000,29,6,0,GUROBI,1,20,0,0
