instanceIndex,vpcGenerator,terms,lpBound,disjunctiveDualBound,lpBoundPostVpc,rootDualBound,dualBound,primalBound,vpcGenerationTime,rootDualBoundTime,bestSolutionTime,terminationTime,nodes,iterations,maxTime,actualTerms,numCuts,cutLimit,mipSolver,providePrimalBound
0,None,4,5136.205301,5136.205301,5136.205301,5326.007954,6730.000000,6730.000000,0.000002,3.783020,58.394170,61.212827,5487,118196,3600.000000,0,0,0,GUROBI,1
1,None,4,11182.222222,11182.222222,11182.222222,11428.290159,12120.000000,12120.000000,0.000003,2.372184,21.278108,22.618423,1317,27015,3600.000000,0,0,0,GUROBI,1
2,None,4,6795.942029,6795.942029,6795.942029,6988.885508,8080.000000,8080.000000,0.000002,2.666467,64.772825,70.567878,6037,130259,3600.000000,0,0,0,GUROBI,1
3,None,4,10428.373494,10428.373494,10428.373494,10715.830764,11560.000000,11560.000000,0.000002,3.119909,16.508197,24.683940,1498,26644,3600.000000,0,0,0,GUROBI,1
4,None,4,5680.229634,5680.229634,5680.229634,6140.384119,6890.000000,6890.000000,0.000002,2.666260,13.141669,14.697385,751,12765,3600.000000,0,0,0,GUROBI,1
5,None,4,10627.050454,10627.050454,10627.050454,11086.613494,12200.000000,12200.000000,0.000002,2.373395,86.817800,135.596308,21104,369951,3600.000000,0,0,0,GUROBI,1
