instanceIndex,vpcGenerator,terms,lpBound,disjunctiveDualBound,lpBoundPostVpc,rootDualBound,dualBound,primalBound,vpcGenerationTime,rootDualBoundTime,bestSolutionTime,terminationTime,nodes,iterations,maxTime,actualTerms,numCuts,cutLimit,mipSolver,providePrimalBound
0,None,4,342.576816,342.576816,342.576816,382.452545,454.200000,454.200000,0.000002,1.398316,1.547491,6.423140,1531,14754,3600.000000,0,0,0,GUROBI,1
1,None,4,347.638965,347.638965,347.638965,400.644207,454.200000,454.200000,0.000002,1.975059,2.397205,2.443703,78,1582,3600.000000,0,0,0,GUROBI,1
2,None,4,357.316615,357.316615,357.316615,416.607941,460.300000,460.300000,0.000002,2.620159,2.733810,2.928690,59,1395,3600.000000,0,0,0,GUROBI,1
