instanceIndex,vpcGenerator,terms,lpBound,disjunctiveDualBound,lpBoundPostVpc,rootDualBound,dualBound,primalBound,vpcGenerationTime,rootDualBoundTime,bestSolutionTime,terminationTime,nodes,iterations,maxTime,actualTerms,numCuts,cutLimit,mipSolver,providePrimalBound
0,New,4,2035.362225,2172.953726,2061.401019,2691.878913,3201.000000,3201.000000,88.118078,92.278814,132.721945,136.574476,1006,116311,3600.000000,8,97,97,GUROBI,1
1,Farkas,4,2024.456996,2167.170684,2060.079093,2684.645116,3201.000000,3201.000000,1.031255,5.289746,46.583473,46.840476,986,131196,3600.000000,8,97,0,GUROBI,1
2,Farkas,4,2035.362225,2172.953726,2061.401019,2694.245756,3201.000000,3201.000000,0.854720,5.203581,21.268995,22.826070,642,88057,3600.000000,8,97,0,GUROBI,1
3,Farkas,4,1936.403460,2030.617941,1936.458730,2347.944710,3201.000000,3201.000000,1.653300,7.124809,48.884520,50.284524,1042,155387,3600.000000,8,97,0,GUROBI,1
4,Farkas,4,2463.525638,2585.833274,2463.525638,3518.669724,4329.000000,4329.000000,1.958795,7.497179,14.498066,15.472104,428,37543,3600.000000,8,97,0,GUROBI,1
