instanceIndex,vpcGenerator,terms,lpBound,disjunctiveDualBound,lpBoundPostVpc,rootDualBound,dualBound,primalBound,vpcGenerationTime,rootDualBoundTime,bestSolutionTime,terminationTime,nodes,iterations,maxTime,actualTerms,numCuts,cutLimit,mipSolver,providePrimalBound
0,New,16,6290575.552807,6292182.853500,6291457.087209,6304453.176839,6307918.734489,6307996.000000,252.702150,253.182947,259.666821,259.667082,790,12479,3600.000000,376,29,29,GUROBI,1
1,New,16,2382447.310205,2390110.487436,2390110.487436,2539274.574082,2846951.575224,3091216.000000,205.149949,205.829799,1458.236632,3805.154064,355895,18710331,3600.000000,423,52,52,GUROBI,1
2,New,16,2220825.477791,2273832.294474,2273062.439111,2392457.375781,2714302.681109,2838588.000000,189.898421,190.492344,1848.341739,3789.902597,574582,22641496,3600.000000,456,30,53,GUROBI,1
3,New,16,2617809.039131,2627514.882522,2626813.801424,2671943.033453,3016901.019582,3017199.000000,498.535260,499.123968,3326.815705,3486.605382,606741,18956260,3600.000000,529,57,57,GUROBI,1
4,New,16,3149783.780043,3174634.628631,3169639.683692,3210519.379510,3452551.221305,3452887.000000,363.553838,364.203009,622.068006,633.405431,64008,1329784,3600.000000,443,61,61,GUROBI,1
