instanceIndex,vpcGenerator,terms,lpBound,disjunctiveDualBound,lpBoundPostVpc,rootDualBound,dualBound,primalBound,vpcGenerationTime,rootDualBoundTime,bestSolutionTime,terminationTime,nodes,iterations,maxTime,actualTerms,numCuts,cutLimit,mipSolver,providePrimalBound,infeasibleTerms,feasibleToInfeasibleTerms,infeasibleToFeasibleTerms
0,None,16,253.833333,253.833333,253.833333,253.833333,255.000000,255.000000,0.000038,0.087378,0.000038,0.090382,1,1106,3600.000000,0,0,0,GUROBI,1,0,0,0
1,None,16,254.157895,254.157895,254.157895,255.000000,255.000000,255.000000,0.000003,0.000003,0.000003,0.048229,1,1055,3600.000000,0,0,0,GUROBI,1,0,0,0
2,None,16,253.833333,253.833333,253.833333,253.833333,255.000000,255.000000,0.000003,0.068466,0.000003,0.101627,1,1612,3600.000000,0,0,0,GUROBI,1,0,0,0
3,None,16,255.894737,255.894737,255.894737,257.000000,257.000000,257.000000,0.000003,0.071944,0.000003,0.074014,1,1337,3600.000000,0,0,0,GUROBI,1,0,0,0
4,None,16,253.833333,253.833333,253.833333,255.000000,255.000000,255.000000,0.000003,0.053194,0.000003,0.055320,1,918,3600.000000,0,0,0,GUROBI,1,0,0,0
