instanceIndex,vpcGenerator,terms,lpBound,disjunctiveDualBound,lpBoundPostVpc,rootDualBound,dualBound,primalBound,vpcGenerationTime,rootDualBoundTime,bestSolutionTime,terminationTime,nodes,iterations,maxTime,actualTerms,numCuts,cutLimit,mipSolver,providePrimalBound,infeasibleTerms,feasibleToInfeasibleTerms,infeasibleToFeasibleTerms
0,New,4,326.924434,327.439586,327.439586,337.242793,375.498095,375.498095,5.180155,9.411070,38.571240,45.303925,774,47740,3600.000000,4,12,33,GUROBI,1,0,0,0
1,Old,4,327.424434,327.939586,327.939586,335.356132,375.998095,375.998090,4.353374,6.287795,333.493682,333.494305,56221,334648,3600.000000,4,33,0,GUROBI,1,0,0,0
2,Old,4,327.631539,328.146691,328.146691,336.389569,376.205200,376.205195,4.380073,6.833539,59.325455,59.325916,719,55386,3600.000000,4,33,0,GUROBI,1,0,0,0
3,Old,4,327.631539,328.146691,328.146691,336.567525,376.205200,376.205200,4.175840,7.188101,11.039253,83.917661,15326,96301,3600.000000,4,10,0,GUROBI,1,0,0,0
