instanceIndex,vpcGenerator,terms,lpBound,disjunctiveDualBound,lpBoundPostVpc,rootDualBound,dualBound,primalBound,vpcGenerationTime,rootDualBoundTime,bestSolutionTime,terminationTime,nodes,iterations,maxTime,actualTerms,numCuts,cutLimit,mipSolver,providePrimalBound
0,New,64,8.333333,9.333333,9.333333,13.529412,16.000000,16.000000,1239.409907,1240.944058,1241.029121,1245.802785,1430,40278,3600.000000,526,3,571,GUROBI,1
1,Old,64,8.333333,9.333333,9.333333,13.134892,16.000000,16.000000,398.213445,399.255056,399.369607,410.319144,2986,77030,3600.000000,526,2,0,GUROBI,1
2,Old,64,8.083333,9.083333,9.083333,13.016667,15.750000,15.750000,1120.609027,1122.219568,1122.462868,1131.063943,2540,62026,3600.000000,526,2,0,GUROBI,1
