instanceIndex,vpcGenerator,terms,lpBound,disjunctiveDualBound,lpBoundPostVpc,rootDualBound,dualBound,primalBound,vpcGenerationTime,rootDualBoundTime,bestSolutionTime,terminationTime,nodes,iterations,maxTime,actualTerms,numCuts,cutLimit,mipSolver,providePrimalBound
0,None,16,0.000000,0.000000,0.000000,0.000000,3.522397,3.522397,0.000044,0.275057,15.252118,15.252236,12160,139935,3600.000000,0,0,0,GUROBI,1
1,None,16,0.000000,0.000000,0.000000,0.000000,0.000000,0.000000,0.000003,0.014614,0.000003,0.014614,0,0,3600.000000,0,0,0,GUROBI,1
2,None,16,0.000000,0.000000,0.000000,0.000000,0.000000,0.000000,0.000002,0.016403,0.000002,0.016403,0,0,3600.000000,0,0,0,GUROBI,1
3,None,16,0.000000,0.000000,0.000000,0.000000,0.000000,0.000000,0.000002,0.017634,0.000002,0.017634,0,0,3600.000000,0,0,0,GUROBI,1
4,None,16,0.000000,0.000000,0.000000,0.000000,0.000000,0.000000,0.000002,0.013598,0.000002,0.013598,0,0,3600.000000,0,0,0,GUROBI,1
5,None,16,0.000000,0.000000,0.000000,0.000000,0.000000,0.000000,0.000003,0.013171,0.000003,0.013171,0,0,3600.000000,0,0,0,GUROBI,1
6,None,16,0.000000,0.000000,0.000000,0.000000,0.000000,0.000000,0.000002,0.016350,0.000002,0.016350,0,0,3600.000000,0,0,0,GUROBI,1
7,None,16,0.000000,0.000000,0.000000,0.000000,0.000000,0.000000,0.000002,0.015157,0.000002,0.015157,0,0,3600.000000,0,0,0,GUROBI,1
8,None,16,0.000000,0.000000,0.000000,0.000000,0.000000,0.000000,0.000002,0.015811,0.000002,0.015811,0,0,3600.000000,0,0,0,GUROBI,1
9,None,16,0.000000,0.000000,0.000000,0.000000,0.000000,0.000000,0.000003,0.013517,0.000003,0.013517,0,0,3600.000000,0,0,0,GUROBI,1
