instanceIndex,vpcGenerator,terms,lpBound,disjunctiveDualBound,lpBoundPostVpc,rootDualBound,dualBound,primalBound,vpcGenerationTime,rootDualBoundTime,bestSolutionTime,terminationTime,nodes,iterations,maxTime,actualTerms,numCuts,cutLimit,mipSolver,providePrimalBound,infeasibleTerms,feasibleToInfeasibleTerms,infeasibleToFeasibleTerms
0,None,16,5711620.957128,5711620.957128,5711620.957128,5742906.053417,5761162.362085,5761665.217720,0.000026,1.676685,9.172376,14.248478,5263,20094,3600.000000,0,0,0,GUROBI,1,0,0,0
1,None,16,5629726.592297,5629726.592297,5629726.592297,5680015.656040,5691460.023141,5692689.308751,0.000002,1.591550,1716.362675,3600.002866,6707343,22989758,3600.000000,0,0,0,GUROBI,1,0,0,0
2,None,16,5701578.068738,5701578.068738,5701578.068738,5733366.012880,5756108.871617,5756615.217720,0.000002,1.511154,7.297874,11.979439,5110,17243,3600.000000,0,0,0,GUROBI,1,0,0,0
