instanceIndex,vpcGenerator,terms,lpBound,disjunctiveDualBound,lpBoundPostVpc,rootDualBound,dualBound,primalBound,vpcGenerationTime,rootDualBoundTime,bestSolutionTime,terminationTime,nodes,iterations,maxTime,actualTerms,numCuts,cutLimit,mipSolver,providePrimalBound,infeasibleTerms,feasibleToInfeasibleTerms,infeasibleToFeasibleTerms
0,None,16,0.000681,0.000681,0.000681,0.140494,0.149988,0.150003,0.000003,1.099556,1.550488,3.882222,1268,15356,3600.000000,0,0,0,GUROBI,1,0,0,0
1,None,16,0.000681,0.000681,0.000681,0.138817,0.149991,0.150005,0.000002,1.456534,9.683540,10.043572,2120,25211,3600.000000,0,0,0,GUROBI,1,0,0,0
2,None,16,0.000681,0.000681,0.000681,0.138992,0.149995,0.150003,0.000003,1.302943,4.377885,5.638180,1922,25080,3600.000000,0,0,0,GUROBI,1,0,0,0
3,None,16,0.000680,0.000680,0.000680,0.121236,0.149966,0.149980,0.000002,1.158840,9.758571,9.758704,1646,25800,3600.000000,0,0,0,GUROBI,1,0,0,0
4,None,16,0.001554,0.001554,0.001554,0.139479,0.151731,0.151733,0.000003,0.813636,3.937674,6.473402,1910,25236,3600.000000,0,0,0,GUROBI,1,0,0,0
5,None,16,0.001338,0.001338,0.001338,0.142062,0.151332,0.151343,0.000003,0.959302,5.637491,7.327999,2500,32729,3600.000000,0,0,0,GUROBI,1,0,0,0
