instanceIndex,vpcGenerator,terms,lpBound,disjunctiveDualBound,lpBoundPostVpc,rootDualBound,dualBound,primalBound,vpcGenerationTime,rootDualBoundTime,bestSolutionTime,terminationTime,nodes,iterations,maxTime,actualTerms,numCuts,cutLimit,mipSolver,providePrimalBound
0,New,16,128.750000,129.022727,128.750000,131.526798,134.500000,134.500000,4011.862930,4015.843202,4101.346239,4105.413473,1890,235889,3600.000000,657,93,124,GUROBI,1
1,Farkas,16,0.107059,0.107059,0.107059,0.567974,1.208333,2.000000,700.204979,703.847082,3573.417927,4300.213379,93234,13712451,3600.000000,657,93,0,GUROBI,1
