instanceIndex,vpcGenerator,terms,lpBound,disjunctiveDualBound,lpBoundPostVpc,rootDualBound,dualBound,primalBound,vpcGenerationTime,rootDualBoundTime,bestSolutionTime,terminationTime,nodes,iterations,maxTime,actualTerms,numCuts,cutLimit,mipSolver,providePrimalBound
0,None,4,-2501.144925,-2501.144925,-2501.144925,-1896.123820,454.864703,454.864697,0.000002,1.155728,2.653568,2.653750,886,14713,3600.000000,0,0,0,GUROBI,1
1,None,4,-2644.042327,-2644.042327,-2644.042327,-1934.045272,308.234359,308.251028,0.000002,1.684816,5.657865,6.068686,1973,36659,3600.000000,0,0,0,GUROBI,1
2,None,4,-2549.984368,-2549.984368,-2549.984368,-1856.760960,428.764698,428.764694,0.000002,1.751589,13.113186,13.113370,5862,94802,3600.000000,0,0,0,GUROBI,1
3,None,4,-2536.140171,-2536.140171,-2536.140171,-1867.712603,425.207244,425.206708,0.000002,1.394931,3.262787,7.776599,3218,53859,3600.000000,0,0,0,GUROBI,1
4,None,4,-2561.142811,-2561.142811,-2561.142811,-2039.427543,412.690951,412.690945,0.000003,1.241357,6.663802,11.105597,5624,80357,3600.000000,0,0,0,GUROBI,1
5,None,4,-2508.074734,-2508.074734,-2508.074734,-1902.495597,461.271329,461.290947,0.000002,1.378084,6.309926,9.301675,3642,67840,3600.000000,0,0,0,GUROBI,1
6,None,4,-2548.507367,-2548.507367,-2548.507367,-2031.828644,439.321200,439.321009,0.000002,1.089902,12.096979,12.097167,5357,96342,3600.000000,0,0,0,GUROBI,1
7,None,4,-2592.878711,-2592.878711,-2592.878711,-1829.613816,391.448716,391.448712,0.000003,1.898328,10.999190,15.754940,6667,116793,3600.000000,0,0,0,GUROBI,1
8,None,4,-2489.955261,-2489.955261,-2489.955261,-1820.683347,496.419954,496.448711,0.000002,1.700941,4.396120,14.368409,6151,91027,3600.000000,0,0,0,GUROBI,1
9,None,4,-2527.080429,-2527.080429,-2527.080429,-1911.623102,447.855198,447.889279,0.000002,1.562770,13.763345,13.763534,5326,99201,3600.000000,0,0,0,GUROBI,1
