instanceIndex,vpcGenerator,terms,lpBound,disjunctiveDualBound,lpBoundPostVpc,rootDualBound,dualBound,primalBound,vpcGenerationTime,rootDualBoundTime,bestSolutionTime,terminationTime,nodes,iterations,maxTime,actualTerms,numCuts,cutLimit,mipSolver,providePrimalBound,infeasibleTerms,feasibleToInfeasibleTerms,infeasibleToFeasibleTerms
0,None,16,-182.000000,-182.000000,-182.000000,-182.000000,-182.000000,-181.000000,0.000030,0.314095,7.126012,3600.001541,1061845,52494804,3600.000000,0,0,0,GUROBI,1,0,0,0
1,None,16,-184.000000,-184.000000,-184.000000,-184.000000,-183.010638,-183.000000,0.000002,0.341626,22.062079,1106.203622,361201,15901718,3600.000000,0,0,0,GUROBI,1,0,0,0
2,None,16,-182.500000,-182.500000,-182.500000,-182.500000,-182.500000,-181.500000,0.000002,0.303516,0.790098,3600.012701,983086,50309681,3600.000000,0,0,0,GUROBI,1,0,0,0
3,None,16,-182.500000,-182.500000,-182.500000,-182.500000,-182.500000,-181.500000,0.000003,0.498177,10.472528,3600.001443,828035,47307788,3600.000000,0,0,0,GUROBI,1,0,0,0
4,None,16,-182.000000,-182.000000,-182.000000,-182.000000,-182.000000,-181.000000,0.000002,0.343522,0.666368,3600.001648,990959,51632158,3600.000000,0,0,0,GUROBI,1,0,0,0
5,None,16,-182.000000,-182.000000,-182.000000,-182.000000,-182.000000,-181.000000,0.000002,0.345319,1.523887,3600.001566,1159175,52405447,3600.000000,0,0,0,GUROBI,1,0,0,0
6,None,16,-184.000000,-184.000000,-184.000000,-184.000000,-183.017544,-183.000000,0.000002,0.483865,1.918002,1518.625967,480291,22931616,3600.000000,0,0,0,GUROBI,1,0,0,0
