instanceIndex,vpcGenerator,terms,lpBound,disjunctiveDualBound,lpBoundPostVpc,rootDualBound,dualBound,primalBound,vpcGenerationTime,rootDualBoundTime,bestSolutionTime,terminationTime,nodes,iterations,maxTime,actualTerms,numCuts,cutLimit,mipSolver,providePrimalBound,infeasibleTerms,feasibleToInfeasibleTerms,infeasibleToFeasibleTerms
0,None,4,23.260000,23.260000,23.260000,23.260000,54.760000,54.760000,0.000002,0.420482,53.599845,197.303939,326131,2106182,3600.000000,0,0,0,GUROBI,1,0,0,0
1,None,4,0.000000,0.000000,0.000000,39.838921,42.625000,42.625000,0.000002,0.807744,25.991280,30.786200,12837,240830,3600.000000,0,0,0,GUROBI,1,0,0,0
2,None,4,0.000000,0.000000,0.000000,23.009964,46.150000,46.150000,0.000002,0.178852,17.465497,17.465665,2135,79404,3600.000000,0,0,0,GUROBI,1,0,0,0
3,None,4,0.000000,0.000000,0.000000,36.500446,39.251667,39.255000,0.000002,0.824188,33.394962,39.214773,9253,255222,3600.000000,0,0,0,GUROBI,1,0,0,0
