instanceIndex,vpcGenerator,terms,lpBound,disjunctiveDualBound,lpBoundPostVpc,rootDualBound,dualBound,primalBound,vpcGenerationTime,rootDualBoundTime,bestSolutionTime,terminationTime,nodes,iterations,maxTime,actualTerms,numCuts,cutLimit,mipSolver,providePrimalBound
0,None,16,1.000000,1.000000,1.000000,3.000000,3.000000,3.000000,0.000004,8.377625,0.000004,9.011669,1,15111,3600.000000,0,0,0,GUROBI,1
1,None,16,0.833333,0.833333,0.833333,3.000000,3.000000,3.000000,0.000049,8.685782,0.000049,9.626084,1,17602,3600.000000,0,0,0,GUROBI,1
2,None,16,0.700000,0.700000,0.700000,3.000000,3.000000,3.000000,0.000045,7.492100,0.000045,8.248727,1,15205,3600.000000,0,0,0,GUROBI,1
3,None,16,0.500000,0.500000,0.500000,3.000000,3.000000,3.000000,0.000004,7.987154,0.000004,8.649223,1,15688,3600.000000,0,0,0,GUROBI,1
4,None,16,1.000000,1.000000,1.000000,3.000000,3.000000,3.000000,0.000052,8.388414,0.000052,9.192723,1,16247,3600.000000,0,0,0,GUROBI,1
5,None,16,1.000000,1.000000,1.000000,3.000000,3.000000,3.000000,0.000003,10.061167,0.000003,10.794531,1,18386,3600.000000,0,0,0,GUROBI,1
