instanceIndex,vpcGenerator,terms,lpBound,disjunctiveDualBound,lpBoundPostVpc,rootDualBound,dualBound,primalBound,vpcGenerationTime,rootDualBoundTime,bestSolutionTime,terminationTime,nodes,iterations,maxTime,actualTerms,numCuts,cutLimit,mipSolver,providePrimalBound,infeasibleTerms,feasibleToInfeasibleTerms,infeasibleToFeasibleTerms
0,None,4,0.000681,0.000681,0.000681,0.140494,0.149988,0.150003,0.000003,1.413507,1.817184,4.698936,1268,15356,3600.000000,0,0,0,GUROBI,1,0,0,0
1,None,4,-0.006666,-0.006666,-0.006666,0.136831,0.150431,0.150446,0.000003,1.448996,6.574472,6.907468,2352,25755,3600.000000,0,0,0,GUROBI,1,0,0,0
2,None,4,0.000699,0.000699,0.000699,0.122313,0.150253,0.150268,0.000002,1.463135,10.721065,10.721193,3448,44495,3600.000000,0,0,0,GUROBI,1,0,0,0
3,None,4,0.000693,0.000693,0.000693,0.124032,0.150305,0.150315,0.000002,0.750246,5.804504,6.299446,1563,25739,3600.000000,0,0,0,GUROBI,1,0,0,0
4,None,4,-0.014044,-0.014044,-0.014044,0.125472,0.134815,0.134828,0.000003,1.204801,1.366947,4.536466,2129,23624,3600.000000,0,0,0,GUROBI,1,0,0,0
5,None,4,-0.006684,-0.006684,-0.006684,0.135157,0.142590,0.142593,0.000002,1.140699,3.165253,3.165410,1452,17489,3600.000000,0,0,0,GUROBI,1,0,0,0
