instanceIndex,vpcGenerator,terms,lpBound,disjunctiveDualBound,lpBoundPostVpc,rootDualBound,dualBound,primalBound,vpcGenerationTime,rootDualBoundTime,bestSolutionTime,terminationTime,nodes,iterations,maxTime,actualTerms,numCuts,cutLimit,mipSolver,providePrimalBound,infeasibleTerms,feasibleToInfeasibleTerms,infeasibleToFeasibleTerms
0,New,64,60224.082818,60612.960210,60326.823134,64725.885421,64825.405690,64829.590000,190.508850,191.867559,193.218355,193.466055,243,7186,3600.000000,64,2,47,GUROBI,1,0,0,0
4,Old,64,60287.081475,60670.957553,60554.675742,66990.080329,67114.719256,67120.672000,3292.701729,3295.087849,3298.319184,3298.319507,448,15225,3600.000000,64,45,0,GUROBI,1,0,0,0
5,Old,64,60261.390717,60649.214168,60364.131033,67202.388138,67317.737686,67323.106000,490.836671,492.580439,495.635447,495.804241,422,13517,3600.000000,64,1,0,GUROBI,1,0,0,0
