instanceIndex,vpcGenerator,terms,lpBound,disjunctiveDualBound,lpBoundPostVpc,rootDualBound,dualBound,primalBound,vpcGenerationTime,rootDualBoundTime,bestSolutionTime,terminationTime,nodes,iterations,maxTime,actualTerms,numCuts,cutLimit,mipSolver,providePrimalBound
0,None,16,-751.000000,-751.000000,-751.000000,-751.000000,-751.000000,-751.000000,0.000002,0.000002,0.838529,0.854095,1,2545,3600.000000,0,0,0,GUROBI,1
1,None,16,-751.055556,-751.055556,-751.055556,-751.031250,-751.031250,-751.031250,0.000002,0.982164,0.988117,0.989778,1,2882,3600.000000,0,0,0,GUROBI,1
2,None,16,-751.000000,-751.000000,-751.000000,-751.000000,-751.000000,-751.000000,0.000002,0.000002,1.021659,1.023160,1,2372,3600.000000,0,0,0,GUROBI,1
3,None,16,-751.031250,-751.031250,-751.031250,-751.031250,-751.031250,-751.031250,0.000003,0.000003,1.133832,1.202332,1,3697,3600.000000,0,0,0,GUROBI,1
4,None,16,-751.031250,-751.031250,-751.031250,-751.031250,-751.031250,-751.031250,0.000002,0.000002,1.000746,1.090322,1,3678,3600.000000,0,0,0,GUROBI,1
5,None,16,-751.062500,-751.062500,-751.062500,-751.062500,-751.062500,-751.062500,0.000003,0.000003,0.558854,0.718523,1,2227,3600.000000,0,0,0,GUROBI,1
