instanceIndex,vpcGenerator,terms,lpBound,disjunctiveDualBound,lpBoundPostVpc,rootDualBound,dualBound,primalBound,vpcGenerationTime,rootDualBoundTime,bestSolutionTime,terminationTime,nodes,iterations,maxTime,actualTerms,numCuts,cutLimit,mipSolver,providePrimalBound
0,None,64,5711620.957128,5711620.957128,5711620.957128,5742906.053417,5761162.362085,5761665.217720,0.000006,1.681678,9.155645,14.224347,5263,20094,3600.000000,0,0,0,GUROBI,1
1,None,64,5629726.592297,5629726.592297,5629726.592297,5680015.656040,5691460.009163,5692689.308751,0.000002,1.579789,1719.547350,3600.002807,6691602,22940303,3600.000000,0,0,0,GUROBI,1
2,None,64,5701578.068738,5701578.068738,5701578.068738,5733366.012880,5756108.871617,5756615.217720,0.000002,1.514245,7.251508,11.819306,5110,17243,3600.000000,0,0,0,GUROBI,1
