instanceIndex,vpcGenerator,terms,lpBound,disjunctiveDualBound,lpBoundPostVpc,rootDualBound,dualBound,primalBound,vpcGenerationTime,rootDualBoundTime,bestSolutionTime,terminationTime,nodes,iterations,maxTime,actualTerms,numCuts,cutLimit,mipSolver,providePrimalBound,infeasibleTerms,feasibleToInfeasibleTerms,infeasibleToFeasibleTerms
0,None,64,342.576816,342.576816,342.576816,382.452545,454.200000,454.200000,0.000015,0.766934,0.917809,4.309512,1531,14754,3600.000000,0,0,0,GUROBI,1,0,0,0
1,None,64,342.780986,342.780986,342.780986,373.683971,452.000000,452.000000,0.000002,0.477422,1.149740,2.345968,786,7895,3600.000000,0,0,0,GUROBI,1,0,0,0
2,None,64,342.576816,342.576816,342.576816,383.934659,445.900000,445.900000,0.000002,0.604641,1.291010,2.902341,952,9907,3600.000000,0,0,0,GUROBI,1,0,0,0
3,None,64,342.576816,342.576816,342.576816,382.452545,454.200000,454.200000,0.000003,0.759644,0.909149,4.260884,1531,14754,3600.000000,0,0,0,GUROBI,1,0,0,0
4,None,64,342.576816,342.576816,342.576816,383.934659,445.900000,445.900000,0.000002,0.689990,2.643602,3.060659,910,11256,3600.000000,0,0,0,GUROBI,1,0,0,0
