instanceIndex,vpcGenerator,terms,lpBound,disjunctiveDualBound,lpBoundPostVpc,rootDualBound,dualBound,primalBound,vpcGenerationTime,rootDualBoundTime,bestSolutionTime,terminationTime,nodes,iterations,maxTime,actualTerms,numCuts,cutLimit,mipSolver,providePrimalBound
0,New,16,46.441955,46.807598,46.756601,47.152208,49.000000,49.000000,13.275543,13.499148,13.743023,13.969815,352,6370,3600.000000,37,36,38,GUROBI,1
1,Old,16,-66.512500,-66.512500,-66.512500,-65.762500,-65.687500,-65.687500,10.448865,10.691582,10.713792,10.804060,72,3042,3600.000000,37,3,0,GUROBI,1
2,Old,16,46.453870,46.807598,46.626421,47.395029,49.000000,49.000000,10.262345,10.520551,11.970275,12.783649,1114,18748,3600.000000,37,32,0,GUROBI,1
3,Old,16,46.665093,46.944167,46.911033,47.791316,49.000000,49.000000,6.712136,6.940314,8.022784,8.258581,667,12181,3600.000000,37,35,0,GUROBI,1
4,Old,16,-65.918662,-65.873942,-65.881339,-63.812500,-63.812500,-63.812500,4.092875,4.303964,4.305325,4.305765,1,891,3600.000000,37,29,0,GUROBI,1
