instanceIndex,vpcGenerator,terms,lpBound,disjunctiveDualBound,lpBoundPostVpc,rootDualBound,dualBound,primalBound,vpcGenerationTime,rootDualBoundTime,bestSolutionTime,terminationTime,nodes,iterations,maxTime,actualTerms,numCuts,cutLimit,mipSolver,providePrimalBound
0,None,64,96.310297,96.310297,96.310297,103.628391,107.000000,107.000000,0.000012,0.229988,0.627837,0.627938,551,6025,3600.000000,0,0,0,GUROBI,1
1,None,64,101.804929,101.804929,101.804929,111.512130,116.000000,116.000000,0.000002,0.222804,0.415704,0.475696,412,4036,3600.000000,0,0,0,GUROBI,1
2,None,64,99.431544,99.431544,99.431544,110.277183,114.000000,114.000000,0.000002,0.238695,0.340958,0.507705,220,2911,3600.000000,0,0,0,GUROBI,1
3,None,64,101.636062,101.636062,101.636062,112.815728,115.000000,115.000000,0.000001,0.177185,0.439517,0.445812,247,3047,3600.000000,0,0,0,GUROBI,1
