instanceIndex,vpcGenerator,terms,lpBound,disjunctiveDualBound,lpBoundPostVpc,rootDualBound,dualBound,primalBound,vpcGenerationTime,rootDualBoundTime,bestSolutionTime,terminationTime,nodes,iterations,maxTime,actualTerms,numCuts,cutLimit,mipSolver,providePrimalBound,infeasibleTerms,feasibleToInfeasibleTerms,infeasibleToFeasibleTerms
0,New,16,-1216923.270104,-1042304.008551,-1042304.008551,-599070.293811,-61271.803777,12940.219678,6.610110,6.955356,3254.733702,3606.610921,1663269,37750055,3600.000000,16,38,41,GUROBI,1,0,0,0
1,Old,16,-1437626.238262,-1262885.766954,-1264873.530013,-877670.305833,-73527.720802,-73520.435503,2.970753,3.528476,724.407273,885.212455,592219,8357231,3600.000000,16,43,0,GUROBI,1,0,0,0
2,Old,16,-1417390.624011,-1264311.346632,-1279627.879604,-825996.358755,-123090.851841,-123079.837697,4.124847,4.614208,389.859524,389.859692,332962,3533379,3600.000000,16,42,0,GUROBI,1,0,0,0
3,Old,16,-1764006.248720,-1597388.543258,-1615223.327694,-1166499.235814,-434451.358385,-434413.464852,5.107871,5.559383,66.926786,339.945257,258006,3008859,3600.000000,16,43,0,GUROBI,1,0,0,0
4,Old,16,-3327025.450286,-3224062.191102,-3243960.781228,-2563125.566959,-1608432.599493,-1608293.526045,5.466059,6.058658,64.064209,64.064358,32227,554740,3600.000000,16,43,0,GUROBI,1,0,0,0
