instanceIndex,vpcGenerator,terms,lpBound,disjunctiveDualBound,lpBoundPostVpc,rootDualBound,dualBound,primalBound,vpcGenerationTime,rootDualBoundTime,bestSolutionTime,terminationTime,nodes,iterations,maxTime,actualTerms,numCuts,cutLimit,mipSolver,providePrimalBound
0,New,64,479.138796,481.642865,479.539300,480.446048,492.475544,492.514435,52.660391,55.383501,63.949045,83.230753,5950,141781,3600.000000,83,22,22,GUROBI,1
1,Old,64,479.138796,481.642865,479.351612,480.213707,492.473250,492.514404,28.039248,30.325744,39.629396,56.821882,5271,133993,3600.000000,83,22,0,GUROBI,1
2,Old,64,478.920019,481.476198,480.686770,481.158886,492.173586,492.217773,28.056824,29.919704,53.758715,61.746020,8250,177715,3600.000000,83,24,0,GUROBI,1
3,Old,64,333.286845,334.299663,333.286845,334.714771,347.555038,347.584625,29.000996,31.031627,52.620471,52.870344,4988,105197,3600.000000,83,25,0,GUROBI,1
4,Old,64,229.139943,231.763805,230.346285,230.907498,242.493559,242.514448,26.212945,28.145824,53.102533,53.102772,5353,119753,3600.000000,83,21,0,GUROBI,1
5,Old,64,486.286245,487.436871,487.077213,487.998560,498.550630,498.574972,14.184429,15.945077,20.447760,20.749140,1255,17496,3600.000000,83,15,0,GUROBI,1
