instanceIndex,vpcGenerator,terms,lpBound,disjunctiveDualBound,lpBoundPostVpc,rootDualBound,dualBound,primalBound,vpcGenerationTime,rootDualBoundTime,bestSolutionTime,terminationTime,nodes,iterations,maxTime,actualTerms,numCuts,cutLimit,mipSolver,providePrimalBound
0,New,64,8877.000000,10186.285714,10168.357465,10490.282975,14392.000000,14393.000000,19.728008,19.887910,1173.423014,2593.580964,4234794,27259196,3600.000000,696,24,24,GUROBI,1
1,New,64,8875.928571,9484.714286,9344.281485,10493.188776,14391.000000,14392.000000,15.017477,15.114559,1775.537390,2896.321842,4308279,27736190,3600.000000,552,24,24,GUROBI,1
2,New,64,8876.142857,10168.571429,9825.534111,10155.001620,14394.571429,14396.000000,22.443203,22.560220,1774.927921,3504.945555,4154309,24330252,3600.000000,717,24,24,GUROBI,1
