instanceIndex,vpcGenerator,terms,lpBound,disjunctiveDualBound,lpBoundPostVpc,rootDualBound,dualBound,primalBound,vpcGenerationTime,rootDualBoundTime,bestSolutionTime,terminationTime,nodes,iterations,maxTime,actualTerms,numCuts,cutLimit,mipSolver,providePrimalBound,infeasibleTerms,feasibleToInfeasibleTerms,infeasibleToFeasibleTerms
0,None,16,-78.000000,-78.000000,-78.000000,-78.000000,-77.000000,-77.000000,0.000026,0.320674,2.442805,3.541510,2065,55007,3600.000000,0,0,0,GUROBI,1,0,0,0
1,None,16,-78.000000,-78.000000,-78.000000,-78.000000,-77.000000,-77.000000,0.000001,0.206036,1.999584,5.112144,3137,86729,3600.000000,0,0,0,GUROBI,1,0,0,0
2,None,16,-78.000000,-78.000000,-78.000000,-78.000000,-77.000000,-77.000000,0.000002,0.210724,4.972019,18.043864,9883,332702,3600.000000,0,0,0,GUROBI,1,0,0,0
3,None,16,-78.000000,-78.000000,-78.000000,-78.000000,-77.000000,-77.000000,0.000003,0.212157,0.617396,10.317768,5488,165968,3600.000000,0,0,0,GUROBI,1,0,0,0
4,None,16,-78.000000,-78.000000,-78.000000,-78.000000,-77.000000,-77.000000,0.000003,0.191495,0.559440,53.891410,33840,972004,3600.000000,0,0,0,GUROBI,1,0,0,0
