instanceIndex,vpcGenerator,terms,lpBound,disjunctiveDualBound,lpBoundPostVpc,rootDualBound,dualBound,primalBound,vpcGenerationTime,rootDualBoundTime,bestSolutionTime,terminationTime,nodes,iterations,maxTime,actualTerms,numCuts,cutLimit,mipSolver,providePrimalBound,infeasibleTerms,feasibleToInfeasibleTerms,infeasibleToFeasibleTerms
0,New,16,954341.026667,954452.664233,954393.098563,968612.722672,987937.149819,988585.620000,10.173010,17.133744,2696.186831,3610.176764,352409,4275493,3600.000000,16,5,152,GUROBI,1,0,0,0
1,Old,16,339484.160722,339632.821389,339632.821389,402768.587140,403051.124381,403053.170000,2.802664,3.606037,3.696361,3.715791,25,1340,3600.000000,16,5,0,GUROBI,1,0,0,0
2,Old,16,775335.519130,775346.299130,775346.299130,820570.161075,824790.672241,824827.980000,2.837936,4.263701,10.263602,10.263789,541,6705,3600.000000,16,4,0,GUROBI,1,0,0,0
3,Old,16,690126.694296,690391.469074,690165.445407,740790.753099,741460.295798,741534.330000,2.809795,4.030828,7.135791,8.255855,841,5243,3600.000000,16,5,0,GUROBI,1,0,0,0
4,Old,16,717933.869296,718231.576519,717975.999872,764367.097173,767161.015625,767216.520000,2.861721,4.204749,12.051363,15.419348,1971,18171,3600.000000,16,4,0,GUROBI,1,0,0,0
5,Old,16,459689.127333,459986.900000,459874.316444,516217.629242,518913.370749,518963.960000,2.778329,3.777240,9.496409,9.496593,1274,6239,3600.000000,16,2,0,GUROBI,1,0,0,0
6,Old,16,788427.396009,788471.503266,788440.613266,837310.955521,841607.088097,841649.360000,2.974922,4.373456,12.633242,12.634302,755,10753,3600.000000,16,7,0,GUROBI,1,0,0,0
