instanceIndex,vpcGenerator,terms,lpBound,disjunctiveDualBound,lpBoundPostVpc,rootDualBound,dualBound,primalBound,vpcGenerationTime,rootDualBoundTime,bestSolutionTime,terminationTime,nodes,iterations,maxTime,actualTerms,numCuts,cutLimit,mipSolver,providePrimalBound
0,New,4,6290575.552807,6291985.411942,6291914.142665,6304453.176839,6307855.573921,6307996.000000,6.717236,7.182660,12.204735,12.205914,612,10502,3600.000000,4,29,29,GUROBI,1
1,Old,4,6290699.817815,6292103.668591,6291375.424728,6306645.326021,6307909.243801,6308132.000000,3.676112,4.176051,7.003993,7.004286,565,6913,3600.000000,4,29,0,GUROBI,1
2,Old,4,6290429.262197,6291831.087262,6290942.885322,6304918.247898,6307804.982983,6307855.000000,5.651053,6.081918,10.605656,10.605914,686,9871,3600.000000,4,29,0,GUROBI,1
3,Old,4,6290592.595612,6292003.402823,6291550.838443,6305681.685685,6307583.227352,6308024.998691,54.400232,54.971715,60.475130,60.475385,706,9935,3600.000000,4,23,0,GUROBI,1
4,Old,4,6290662.271623,6292075.692619,6291989.388456,6304782.524906,6307693.830985,6308089.000000,3.475028,3.926751,7.358300,7.359274,742,8454,3600.000000,4,29,0,GUROBI,1
5,Old,4,6290749.254863,6292158.194353,6291510.741312,6305349.289332,6307804.224171,6308152.998544,3.901521,4.378404,7.931808,7.932061,663,8192,3600.000000,4,29,0,GUROBI,1
