instanceIndex,vpcGenerator,terms,lpBound,disjunctiveDualBound,lpBoundPostVpc,rootDualBound,dualBound,primalBound,vpcGenerationTime,rootDualBoundTime,bestSolutionTime,terminationTime,nodes,iterations,maxTime,actualTerms,numCuts,cutLimit,mipSolver,providePrimalBound
0,New,4,248.325000,248.325000,248.325000,3064.203257,3274.580000,3274.810000,144.808061,149.405193,403.005018,403.005329,4418,545777,3600.000000,4,2,184,GUROBI,1
2,Old,4,248.325000,248.325000,248.325000,3160.255882,3396.220000,3396.219971,89.710888,93.101832,133.627225,133.627544,771,110954,3600.000000,4,5,0,GUROBI,1
3,Old,4,248.897917,248.897917,248.897917,3066.892069,3345.070000,3345.379883,331.674973,336.079365,628.624671,628.625009,6060,663113,3600.000000,4,1,0,GUROBI,1
4,Old,4,248.325000,248.325000,248.325000,3120.975331,3394.820000,3394.820000,933.699155,937.112714,1013.632018,1013.632313,1814,218610,3600.000000,4,18,0,GUROBI,1
