instanceIndex,vpcGenerator,terms,lpBound,disjunctiveDualBound,lpBoundPostVpc,rootDualBound,dualBound,primalBound,vpcGenerationTime,rootDualBoundTime,bestSolutionTime,terminationTime,nodes,iterations,maxTime,actualTerms,numCuts,cutLimit,mipSolver,providePrimalBound,infeasibleTerms,feasibleToInfeasibleTerms,infeasibleToFeasibleTerms
0,None,64,-182.000000,-182.000000,-182.000000,-182.000000,-182.000000,-181.000000,0.000010,0.318377,7.142411,3600.001469,1064516,52639481,3600.000000,0,0,0,GUROBI,1,0,0,0
1,None,64,-184.000000,-184.000000,-184.000000,-184.000000,-183.010638,-183.000000,0.000003,0.343707,22.066629,1106.497507,361201,15901718,3600.000000,0,0,0,GUROBI,1,0,0,0
2,None,64,-182.500000,-182.500000,-182.500000,-182.500000,-182.500000,-181.500000,0.000003,0.314384,0.800955,3600.001675,1010082,51729041,3600.000000,0,0,0,GUROBI,1,0,0,0
3,None,64,-182.500000,-182.500000,-182.500000,-182.500000,-182.500000,-181.500000,0.000002,0.357564,5.457999,3600.001467,930890,52735281,3600.000000,0,0,0,GUROBI,1,0,0,0
4,None,64,-182.000000,-182.000000,-182.000000,-182.000000,-182.000000,-181.000000,0.000002,0.337256,0.660260,3600.001791,990608,51611090,3600.000000,0,0,0,GUROBI,1,0,0,0
5,None,64,-182.000000,-182.000000,-182.000000,-182.000000,-182.000000,-181.000000,0.000002,0.344270,1.524231,3600.001937,1157860,52338235,3600.000000,0,0,0,GUROBI,1,0,0,0
6,None,64,-184.000000,-184.000000,-184.000000,-184.000000,-183.017544,-183.000000,0.000002,0.483362,1.918445,1521.062571,480291,22931616,3600.000000,0,0,0,GUROBI,1,0,0,0
