instanceIndex,vpcGenerator,terms,lpBound,disjunctiveDualBound,lpBoundPostVpc,rootDualBound,dualBound,primalBound,vpcGenerationTime,rootDualBoundTime,bestSolutionTime,terminationTime,nodes,iterations,maxTime,actualTerms,numCuts,cutLimit,mipSolver,providePrimalBound
0,New,4,0.000000,0.000000,0.000000,0.000000,302.000000,302.000000,2680.577794,2681.576621,2754.241857,2759.598108,12982,403606,3600.000000,4,66,143,GUROBI,1
1,New,4,620.777778,621.057971,620.944244,622.057546,623.000000,623.000000,121.005427,121.263382,121.278673,121.281535,8,1684,3600.000000,202,44,64,GUROBI,1
2,New,4,1456.518519,1457.111111,1456.635659,1457.667608,1459.000000,1459.000000,23.732571,24.099822,24.206400,24.210874,16,1026,3600.000000,202,4,15,GUROBI,1
3,New,4,8.000420,8.000420,8.000420,49.325394,301.980000,302.000000,165.372694,168.951387,213.214103,219.491726,3563,187457,3600.000000,103,132,132,GUROBI,1
4,New,4,176.518519,177.111111,177.107875,180.167826,319.000000,318.999999,216.519415,217.180156,227.592049,228.445640,903,38794,3600.000000,202,117,131,GUROBI,1
