instanceIndex,vpcGenerator,terms,lpBound,disjunctiveDualBound,lpBoundPostVpc,rootDualBound,dualBound,primalBound,vpcGenerationTime,rootDualBoundTime,bestSolutionTime,terminationTime,nodes,iterations,maxTime,actualTerms,numCuts,cutLimit,mipSolver,providePrimalBound,infeasibleTerms,feasibleToInfeasibleTerms,infeasibleToFeasibleTerms
0,New,4,23.260000,23.260000,23.260000,23.260000,54.760000,54.760000,2.375084,2.786673,35.412078,163.124662,146209,1629018,3600.000000,4,22,43,GUROBI,1,0,0,0
1,Old,4,23.161130,23.161130,23.161130,23.260000,54.760000,54.760000,4.882425,5.129905,18.743697,26.411402,5170,111999,3600.000000,4,25,0,GUROBI,1,0,0,0
2,Old,4,23.260000,23.260000,23.260000,23.260000,54.755000,54.760000,1.709451,2.040007,21.758721,55.548797,51826,439027,3600.000000,4,43,0,GUROBI,1,0,0,0
3,Old,4,-1917.392727,-1917.392727,-1917.392727,-1880.919908,-1878.450000,-1878.340000,4.254623,5.482176,44.851803,44.851980,19888,339949,3600.000000,4,3,0,GUROBI,1,0,0,0
