instanceIndex,vpcGenerator,terms,lpBound,disjunctiveDualBound,lpBoundPostVpc,rootDualBound,dualBound,primalBound,vpcGenerationTime,rootDualBoundTime,bestSolutionTime,terminationTime,nodes,iterations,maxTime,actualTerms,numCuts,cutLimit,mipSolver,providePrimalBound
0,New,4,-2501.144925,-2501.144925,-2501.144925,-1922.114422,454.864703,454.864697,2.432810,3.340079,4.800294,4.800469,726,14812,3600.000000,4,20,20,GUROBI,1
1,New,4,-2509.830662,-2509.304740,-2509.309080,-1886.743691,455.427477,455.451028,1.630894,3.333276,4.800334,12.695296,4866,79610,3600.000000,5,18,26,GUROBI,1
2,New,4,-2523.735738,-2522.740228,-2522.740228,-1883.793087,449.156773,449.156765,2.695015,4.080601,5.378208,20.373370,8850,132709,3600.000000,4,18,26,GUROBI,1
3,New,4,-2525.457858,-2525.398479,-2525.398479,-1916.890012,443.651031,443.650398,1.838286,3.794755,29.780462,29.781941,12071,185432,3600.000000,4,23,23,GUROBI,1
4,New,4,-2518.789774,-2518.208936,-2518.208936,-1936.915743,452.048934,452.087959,1.900658,3.169825,12.611523,13.859484,5195,84229,3600.000000,7,21,21,GUROBI,1
5,New,4,-2509.637845,-2509.637845,-2509.637845,-1967.315012,450.567355,450.588135,1.302777,2.511562,6.101403,6.101594,1859,32706,3600.000000,4,7,22,GUROBI,1
