instanceIndex,vpcGenerator,terms,lpBound,disjunctiveDualBound,lpBoundPostVpc,rootDualBound,dualBound,primalBound,vpcGenerationTime,rootDualBoundTime,bestSolutionTime,terminationTime,nodes,iterations,maxTime,actualTerms,numCuts,cutLimit,mipSolver,providePrimalBound
0,None,64,-11670000.000000,-11670000.000000,-11670000.000000,-11670000.000000,-11670000.000000,-11670000.000000,0.000021,0.000021,0.001704,0.001882,1,18,3600.000000,0,0,0,GUROBI,1
1,None,64,-10980004.400000,-10980004.400000,-10980004.400000,-10450008.299834,-10450004.400000,-10450004.400000,0.000017,0.003682,0.003795,0.003964,2,20,3600.000000,0,0,0,GUROBI,1
2,None,64,-12053339.333333,-12053339.333333,-12053339.333333,-12053339.333333,-12053339.333333,-12053339.333333,0.000028,0.000028,0.001231,0.001370,1,10,3600.000000,0,0,0,GUROBI,1
3,None,64,-12979999.200000,-12979999.200000,-12979999.200000,-12979999.200000,-12979999.200000,-12979999.200000,0.000026,0.000026,0.000902,0.001029,1,8,3600.000000,0,0,0,GUROBI,1
4,None,64,-10968004.799744,-10968004.799744,-10968004.799744,-10936666.453178,-10936661.866667,-10936661.866667,0.000030,0.002856,0.002970,0.003127,2,22,3600.000000,0,0,0,GUROBI,1
