instanceIndex,vpcGenerator,terms,lpBound,disjunctiveDualBound,lpBoundPostVpc,rootDualBound,dualBound,primalBound,vpcGenerationTime,rootDualBoundTime,bestSolutionTime,terminationTime,nodes,iterations,maxTime,actualTerms,numCuts,cutLimit,mipSolver,providePrimalBound
0,None,4,31235.742857,31235.742857,31235.742857,32050.600000,32075.600000,32075.600000,0.000002,0.453158,0.000002,0.460643,1,363,3600.000000,0,0,0,GUROBI,1
1,None,4,40739.642857,40739.642857,40739.642857,40877.142857,41114.000000,41114.000000,0.000002,0.356899,0.000002,0.364232,1,363,3600.000000,0,0,0,GUROBI,1
2,None,4,32617.742857,32617.742857,32617.742857,33783.600000,33808.600000,33808.600000,0.000002,0.509044,0.000002,0.516175,1,383,3600.000000,0,0,0,GUROBI,1
3,None,4,31235.742857,31235.742857,31235.742857,31875.600000,32075.600000,32075.600000,0.000002,0.350600,0.000002,0.357054,1,381,3600.000000,0,0,0,GUROBI,1
