instanceIndex,vpcGenerator,terms,lpBound,disjunctiveDualBound,lpBoundPostVpc,rootDualBound,dualBound,primalBound,vpcGenerationTime,rootDualBoundTime,bestSolutionTime,terminationTime,nodes,iterations,maxTime,actualTerms,numCuts,cutLimit,mipSolver,providePrimalBound
0,New,4,-18525.765543,-18442.043263,-18462.890111,-17872.225625,-17380.000000,-17380.000000,4460.432276,4470.632107,4619.738164,4619.738599,2030,408568,3600.000000,4,233,857,GUROBI,1
1,Farkas,4,-18485.073651,-18401.656753,-18424.114193,-17829.162637,-17346.000000,-17346.000000,0.644401,9.946880,59.296691,71.735164,884,160224,3600.000000,4,233,0,GUROBI,1
2,Farkas,4,-18519.454796,-18433.997521,-18454.594967,-17862.754692,-17358.000000,-17358.000000,0.544344,9.880042,25.408788,76.514995,936,165321,3600.000000,4,233,0,GUROBI,1
3,Farkas,4,-18534.321000,-18453.201889,-18472.371007,-17888.836582,-17423.000000,-17422.000000,0.593294,10.951003,228.614321,252.371147,4452,627535,3600.000000,4,233,0,GUROBI,1
4,Farkas,4,-18495.980598,-18413.623350,-18435.322151,-17830.347732,-17342.000000,-17341.000000,0.543381,11.354941,145.046108,150.103351,2699,395997,3600.000000,4,233,0,GUROBI,1
