instanceIndex,vpcGenerator,terms,lpBound,disjunctiveDualBound,lpBoundPostVpc,rootDualBound,dualBound,primalBound,vpcGenerationTime,rootDualBoundTime,bestSolutionTime,terminationTime,nodes,iterations,maxTime,actualTerms,numCuts,cutLimit,mipSolver,providePrimalBound
0,None,64,499999999923.744507,499999999923.744507,499999999923.744507,536419868908.917114,572046580863.932007,572103066654.169067,0.000002,0.892525,275.048651,275.050586,43043,750832,3600.000000,0,0,0,GUROBI,1
1,None,64,500904999923.744507,500904999923.744507,500904999923.744507,537651369193.210632,572951489753.569458,573008061316.567505,0.000002,0.934498,208.681516,208.683811,33133,612807,3600.000000,0,0,0,GUROBI,1
2,None,64,500765999923.744507,500765999923.744507,500765999923.744507,538184134490.027771,572442407047.565796,572447853565.092896,0.000002,1.044997,106.229084,106.230813,13043,300398,3600.000000,0,0,0,GUROBI,1
3,None,64,501512199923.744507,501512199923.744507,501512199923.744507,539230995083.629944,573394370566.102051,573400014151.216064,0.000002,1.066016,44.725718,44.727223,7951,99732,3600.000000,0,0,0,GUROBI,1
