instanceIndex,vpcGenerator,terms,lpBound,disjunctiveDualBound,lpBoundPostVpc,rootDualBound,dualBound,primalBound,vpcGenerationTime,rootDualBoundTime,bestSolutionTime,terminationTime,nodes,iterations,maxTime,actualTerms,numCuts,cutLimit,mipSolver,providePrimalBound
0,None,64,23.260000,23.260000,23.260000,23.260000,54.760000,54.760000,0.000047,0.416200,53.485181,197.416442,326131,2106182,3600.000000,0,0,0,GUROBI,1
1,None,64,0.000000,0.000000,0.000000,25.819015,27.605000,27.606667,0.000003,0.837254,9.744657,9.744812,2745,62041,3600.000000,0,0,0,GUROBI,1
2,None,64,0.000000,0.000000,0.000000,24.768082,26.093333,26.093333,0.000002,0.709682,5.320963,5.321104,623,23129,3600.000000,0,0,0,GUROBI,1
3,None,64,0.000000,0.000000,0.000000,30.398381,32.638333,32.638333,0.000003,0.442234,3.057316,3.060036,620,19718,3600.000000,0,0,0,GUROBI,1
4,None,64,0.000000,0.000000,0.000000,25.634581,26.022500,26.022500,0.000003,0.759728,1.242463,1.242605,83,6157,3600.000000,0,0,0,GUROBI,1
