instanceIndex,vpcGenerator,terms,lpBound,disjunctiveDualBound,lpBoundPostVpc,rootDualBound,dualBound,primalBound,vpcGenerationTime,rootDualBoundTime,bestSolutionTime,terminationTime,nodes,iterations,maxTime,actualTerms,numCuts,cutLimit,mipSolver,providePrimalBound,infeasibleTerms,feasibleToInfeasibleTerms,infeasibleToFeasibleTerms
0,New,16,479.138796,480.186691,479.320536,480.268003,492.466079,492.514432,9.419543,11.758067,51.603797,62.819502,11329,250117,3600.000000,17,22,22,GUROBI,1,5,0,0
1,Farkas,16,479.138796,480.186691,479.320536,480.268003,492.466572,492.514419,0.465743,2.797865,21.601601,31.494884,5960,143472,3600.000000,17,22,0,GUROBI,1,5,0,0
2,Farkas,16,478.920019,479.984934,479.099007,480.353527,492.173460,492.217777,0.469552,3.967402,32.683923,35.783052,7795,185037,3600.000000,17,22,0,GUROBI,1,5,0,0
3,Farkas,16,333.286845,333.750403,333.286845,334.714771,347.551311,347.584639,0.690063,2.692943,26.194519,26.759739,5709,121724,3600.000000,17,22,0,GUROBI,1,5,0,0
4,Farkas,16,229.139943,230.392209,229.320577,230.675552,242.492497,242.514448,0.483094,2.589153,21.757211,23.560464,4807,105090,3600.000000,17,22,0,GUROBI,1,5,0,0
5,Farkas,16,486.286245,486.969901,486.286245,488.017629,498.543516,498.574972,0.667174,2.216067,5.102388,5.418090,1189,18390,3600.000000,17,22,0,GUROBI,1,5,0,0
6,Farkas,16,476.382824,477.408740,476.614713,477.365978,490.125894,490.174449,0.461436,2.406965,33.279285,35.115100,8558,181902,3600.000000,17,22,0,GUROBI,1,5,0,0
7,Farkas,16,479.693276,480.731476,479.765301,481.792896,494.694081,494.736544,0.584891,3.226923,15.968077,19.772142,3774,75782,3600.000000,17,22,0,GUROBI,1,5,0,0
8,Farkas,16,562.048532,562.048532,562.048532,568.301739,580.887023,580.941234,1.068516,4.394658,11.483469,11.524990,1350,20352,3600.000000,17,22,0,GUROBI,1,5,0,0
