instanceIndex,vpcGenerator,terms,lpBound,disjunctiveDualBound,lpBoundPostVpc,rootDualBound,dualBound,primalBound,vpcGenerationTime,rootDualBoundTime,bestSolutionTime,terminationTime,nodes,iterations,maxTime,actualTerms,numCuts,cutLimit,mipSolver,providePrimalBound
0,None,64,286.534383,286.534383,286.534383,315.521667,2270.780000,2270.850000,0.000002,2.206912,970.073568,1587.618228,117419,4590949,3600.000000,0,0,0,GUROBI,1
1,None,64,275.750661,275.750661,275.750661,306.342169,2270.850000,2270.850000,0.000002,1.956499,752.405549,1593.699968,116215,4473517,3600.000000,0,0,0,GUROBI,1
2,None,64,275.346834,275.346834,275.346834,303.084028,2268.809000,2268.850000,0.000003,1.685903,1131.178333,1771.012444,120103,4797391,3600.000000,0,0,0,GUROBI,1
3,None,64,269.313064,269.313064,269.313064,300.590909,2267.630000,2267.850000,0.000002,1.299452,1018.969294,1018.969600,106441,4061465,3600.000000,0,0,0,GUROBI,1
4,None,64,275.055456,275.055456,275.055456,304.765385,2269.850000,2269.850000,0.000004,1.480367,832.761511,1178.983646,115994,4522286,3600.000000,0,0,0,GUROBI,1
5,None,64,271.619602,271.619602,271.619602,301.022727,2269.753125,2269.850000,0.000003,0.975391,258.520924,1016.900318,123220,5732423,3600.000000,0,0,0,GUROBI,1
6,None,64,276.691705,276.691705,276.691705,306.525370,2262.625000,2262.850000,0.000003,1.047274,1025.824644,1025.824958,121253,4648460,3600.000000,0,0,0,GUROBI,1
7,None,64,274.361563,274.361563,274.361563,304.113636,2267.634000,2267.850000,0.000003,1.135953,1073.431521,1077.537469,133820,5154114,3600.000000,0,0,0,GUROBI,1
8,None,64,272.888929,272.888929,272.888929,304.330000,2273.790000,2273.850000,0.000003,0.951253,496.325326,1019.986655,137197,5099080,3600.000000,0,0,0,GUROBI,1
9,None,64,281.894680,281.894680,281.894680,319.088333,2270.626111,2270.850000,0.000003,1.337888,531.174030,1249.140532,137641,6607439,3600.000000,0,0,0,GUROBI,1
10,None,64,273.753360,273.753360,273.753360,301.820031,2268.850000,2268.850000,0.000004,1.093455,414.704375,819.889204,92941,3790146,3600.000000,0,0,0,GUROBI,1
