instanceIndex,vpcGenerator,terms,lpBound,disjunctiveDualBound,lpBoundPostVpc,rootDualBound,dualBound,primalBound,vpcGenerationTime,rootDualBoundTime,bestSolutionTime,terminationTime,nodes,iterations,maxTime,actualTerms,numCuts,cutLimit,mipSolver,providePrimalBound
0,New,16,-1216923.270104,-1042304.008551,-1042304.008551,-599070.293811,-61235.700848,12940.219727,5.912375,6.247037,3248.094300,3605.913244,1665272,37799705,3600.000000,16,38,41,GUROBI,1
1,New,16,-7693611.072885,-7400071.668004,-7480166.123266,-6961401.177951,-6185037.184754,-6184445.621756,4.554910,5.084883,54.229721,54.404456,28749,465804,3600.000000,16,33,44,GUROBI,1
2,New,16,-13514545.211134,-12943893.414733,-12991158.516097,-12626015.490703,-11836711.876871,-11835544.000000,4.416158,5.074993,72.290276,73.171288,45290,630099,3600.000000,16,47,47,GUROBI,1
3,New,16,-28871314.802961,-28336834.622677,-28397740.476008,-27646797.851249,-26748703.263607,-26746238.964009,4.029189,4.457472,40.958236,40.984388,14657,349893,3600.000000,16,42,42,GUROBI,1
4,New,16,-43363980.601083,-43054480.406357,-43188851.814512,-42385485.582011,-41350371.996316,-41346244.000000,4.204791,4.710164,49.105391,49.522133,27589,439758,3600.000000,16,43,43,GUROBI,1
6,New,16,-3625760.690265,-3107255.383315,-3143142.622024,-2944254.650748,-2016310.228535,-2016111.668874,4.103678,4.647649,189.589561,190.126226,137968,1676647,3600.000000,16,47,47,GUROBI,1
7,New,16,-17026679.410661,-16490801.612287,-16734161.872412,-16083152.793810,-14848448.015157,-14847013.000000,8.475894,8.960394,98.250045,101.711628,43675,1040929,3600.000000,16,41,50,GUROBI,1
9,New,16,-48732445.400903,-48447699.249695,-48568879.025004,-47852447.473939,-47558935.455111,-47554400.000000,3.709184,4.229169,4.574248,4.678572,348,6188,3600.000000,16,25,44,GUROBI,1
