instanceIndex,vpcGenerator,terms,lpBound,disjunctiveDualBound,lpBoundPostVpc,rootDualBound,dualBound,primalBound,vpcGenerationTime,rootDualBoundTime,bestSolutionTime,terminationTime,nodes,iterations,maxTime,actualTerms,numCuts,cutLimit,mipSolver,providePrimalBound
0,New,4,6.727060,6.771595,6.771595,18.433552,23.998297,24.785775,2.550276,9.074921,3467.527104,3602.551654,24240,6555914,3600.000000,4,15,15,GUROBI,1
1,Old,4,6.727060,6.771595,6.771595,18.571232,23.778861,24.785820,1.844173,7.357386,1192.184004,3601.845676,25862,6619372,3600.000000,4,15,0,GUROBI,1
3,Old,4,6.727060,6.771595,6.771595,18.786365,23.652380,24.785820,1.647807,9.628524,2412.175961,3601.649394,28609,6744327,3600.000000,4,15,0,GUROBI,1
4,Old,4,6.077333,6.121868,6.121868,18.130150,21.837190,21.837168,2.182165,9.067822,493.652860,1292.010761,10487,2112064,3600.000000,4,8,0,GUROBI,1
