instanceIndex,vpcGenerator,terms,lpBound,disjunctiveDualBound,lpBoundPostVpc,rootDualBound,dualBound,primalBound,vpcGenerationTime,rootDualBoundTime,bestSolutionTime,terminationTime,nodes,iterations,maxTime,actualTerms,numCuts,cutLimit,mipSolver,providePrimalBound
0,New,4,-18902.810023,-18809.259984,-18838.051790,-18125.689066,-17905.000000,-17905.000000,3983.252383,3993.885438,3994.340051,3997.016875,63,18992,3600.000000,4,178,850,GUROBI,1
1,New,4,-18901.520144,-18786.503901,-18821.231242,-18083.381435,-17538.000000,-17538.000000,4107.084337,4117.275473,4299.174857,4338.178402,2100,431447,3600.000000,4,169,852,GUROBI,1
2,New,4,-18255.492933,-18137.396192,-18166.285809,-17575.986919,-17519.000000,-17519.000000,244422.415338,244429.199478,244429.399161,244429.507570,9,8576,3600.000000,62,159,836,GUROBI,1
