instanceIndex,vpcGenerator,terms,lpBound,disjunctiveDualBound,lpBoundPostVpc,rootDualBound,dualBound,primalBound,vpcGenerationTime,rootDualBoundTime,bestSolutionTime,terminationTime,nodes,iterations,maxTime,actualTerms,numCuts,cutLimit,mipSolver,providePrimalBound
0,New,64,46.441955,47.007942,46.988237,47.152208,49.000000,49.000000,21.240580,21.545407,21.876244,22.103254,352,6370,3600.000000,64,16,38,GUROBI,1
1,New,64,-407.329829,-406.436250,-407.005476,-405.930503,-404.750000,-404.750000,13.440309,13.780284,13.800877,13.981628,155,3393,3600.000000,66,5,30,GUROBI,1
2,New,64,-260.784973,-260.132500,-260.132500,-259.439829,-258.250000,-258.250000,13.703466,14.008806,14.191327,14.676174,529,8849,3600.000000,64,3,37,GUROBI,1
3,New,64,46.441955,47.117500,47.117500,47.625488,49.000000,49.000000,15.031115,15.342656,15.389514,16.091938,582,9584,3600.000000,64,2,38,GUROBI,1
4,New,64,46.208555,46.721428,46.721428,47.338496,48.750000,48.750000,15.269241,15.566478,15.849475,16.580079,872,13100,3600.000000,68,2,37,GUROBI,1
5,New,64,-290.962500,-290.605578,-290.605578,-290.075000,-289.000000,-289.000000,15.276442,15.420934,15.568307,15.831832,276,5571,3600.000000,64,4,42,GUROBI,1
6,New,64,46.441955,47.007942,46.988237,47.152208,49.000000,49.000000,20.390979,20.604312,20.783922,23.021763,1895,29637,3600.000000,64,14,38,GUROBI,1
7,New,64,46.864127,47.576875,47.576518,48.345304,50.000000,50.000000,22.059413,22.368197,22.451942,23.050346,624,9273,3600.000000,64,7,43,GUROBI,1
8,New,64,-167.779241,-167.295938,-167.321384,-166.805160,-165.500000,-165.500000,13.955165,14.255923,14.537935,15.023815,600,8892,3600.000000,66,3,31,GUROBI,1
9,New,64,136.191955,136.867500,136.249556,137.095094,138.750000,138.750000,16.532224,16.827396,16.990387,17.867542,843,12184,3600.000000,64,4,38,GUROBI,1
10,New,64,47.214688,47.905684,47.300550,48.832595,50.000000,50.000000,18.456967,18.707980,18.926543,19.234117,423,7905,3600.000000,68,10,38,GUROBI,1
