instanceIndex,vpcGenerator,terms,lpBound,disjunctiveDualBound,lpBoundPostVpc,rootDualBound,dualBound,primalBound,vpcGenerationTime,rootDualBoundTime,bestSolutionTime,terminationTime,nodes,iterations,maxTime,actualTerms,numCuts,cutLimit,mipSolver,providePrimalBound
0,None,16,429.000000,429.000000,429.000000,443.795455,446.000000,446.000000,0.000010,0.106052,0.000010,0.111369,1,979,3600.000000,0,0,0,GUROBI,1
1,None,16,429.000000,429.000000,429.000000,435.614473,439.000000,439.000000,0.000004,0.204332,12.964433,22.540217,7972,292124,3600.000000,0,0,0,GUROBI,1
2,None,16,429.000000,429.000000,429.000000,439.714286,446.000000,446.000000,0.000002,0.259556,8.837926,10.992909,3539,144939,3600.000000,0,0,0,GUROBI,1
3,None,16,431.000000,431.000000,431.000000,442.103682,450.000000,450.000000,0.000003,0.278689,3.313388,3.431691,1625,38628,3600.000000,0,0,0,GUROBI,1
4,None,16,431.000000,431.000000,431.000000,438.000000,445.000000,445.000000,0.000003,0.198335,16.197748,17.226168,5354,261481,3600.000000,0,0,0,GUROBI,1
