instanceIndex,vpcGenerator,terms,lpBound,disjunctiveDualBound,lpBoundPostVpc,rootDualBound,dualBound,primalBound,vpcGenerationTime,rootDualBoundTime,bestSolutionTime,terminationTime,nodes,iterations,maxTime,actualTerms,numCuts,cutLimit,mipSolver,providePrimalBound,infeasibleTerms,feasibleToInfeasibleTerms,infeasibleToFeasibleTerms
0,None,4,499999999913.192444,499999999913.192444,499999999913.192444,533930930050.444519,564975283913.045532,565031773604.128784,0.000002,0.823940,170.467538,173.829602,15233,369361,3600.000000,0,0,0,GUROBI,1,0,0,0
1,None,4,499999203350.374878,499999203350.374878,499999203350.374878,533265494669.086060,564935841305.214600,564987625196.440186,0.000003,0.812514,47.247976,47.581753,1636,95049,3600.000000,0,0,0,GUROBI,1,0,0,0
2,None,4,499997359453.118347,499997359453.118347,499997359453.118347,533419456330.649597,564767291169.794312,564771761946.492310,0.000003,0.795528,55.694427,57.003646,3208,103016,3600.000000,0,0,0,GUROBI,1,0,0,0
3,None,4,499999919733.309082,499999919733.309082,499999919733.309082,533856025468.009216,564947990523.276245,565004466165.816528,0.000003,0.742444,210.392042,222.772539,21109,591546,3600.000000,0,0,0,GUROBI,1,0,0,0
4,None,4,500000034873.119690,500000034873.119690,500000034873.119690,533659253664.546570,564868406173.171997,564873800507.842896,0.000003,0.899058,209.124173,209.125981,18032,474822,3600.000000,0,0,0,GUROBI,1,0,0,0
