instanceIndex,vpcGenerator,terms,lpBound,disjunctiveDualBound,lpBoundPostVpc,rootDualBound,dualBound,primalBound,vpcGenerationTime,rootDualBoundTime,bestSolutionTime,terminationTime,nodes,iterations,maxTime,actualTerms,numCuts,cutLimit,mipSolver,providePrimalBound,infeasibleTerms,feasibleToInfeasibleTerms,infeasibleToFeasibleTerms
0,New,4,286.534383,286.534383,286.534383,315.521667,2270.705000,2270.850000,153.118987,154.716186,407.474604,930.629819,91616,4461013,3600.000000,4,143,160,GUROBI,1,0,0,0
1,Farkas,4,268.573062,268.966848,268.573062,298.405303,2271.850000,2271.850000,0.198735,1.078710,283.407763,783.614779,144087,5684858,3600.000000,4,143,0,GUROBI,1,0,0,0
2,Farkas,4,237.238945,237.238945,237.238945,273.650000,2268.850000,2268.850000,0.211375,1.090881,197.421562,1479.431641,131136,5997952,3600.000000,4,143,0,GUROBI,1,0,0,0
3,Farkas,4,234.261012,234.261012,234.261012,280.573121,2259.850000,2259.850000,0.225643,1.186496,603.440282,1633.099212,121831,5108503,3600.000000,4,143,0,GUROBI,1,0,0,0
