instanceIndex,vpcGenerator,terms,lpBound,disjunctiveDualBound,lpBoundPostVpc,rootDualBound,dualBound,primalBound,vpcGenerationTime,rootDualBoundTime,bestSolutionTime,terminationTime,nodes,iterations,maxTime,actualTerms,numCuts,cutLimit,mipSolver,providePrimalBound
0,None,64,58939.682617,58939.682617,58939.682617,59512.686074,71320.000000,71320.000000,0.000002,28.912535,357.961447,360.962885,787,788090,3600.000000,0,0,0,GUROBI,1
1,None,64,54770.718446,54770.718446,54770.718446,59537.961147,71320.000000,71320.000000,0.000004,24.101693,311.309107,311.309737,714,723050,3600.000000,0,0,0,GUROBI,1
2,None,64,58850.272796,58850.272796,58850.272796,59411.191260,71320.000000,71320.000000,0.000003,35.579229,701.223479,701.224099,795,1225163,3600.000000,0,0,0,GUROBI,1
