instanceIndex,vpcGenerator,terms,lpBound,disjunctiveDualBound,lpBoundPostVpc,rootDualBound,dualBound,primalBound,vpcGenerationTime,rootDualBoundTime,bestSolutionTime,terminationTime,nodes,iterations,maxTime,actualTerms,numCuts,cutLimit,mipSolver,providePrimalBound,infeasibleTerms,feasibleToInfeasibleTerms,infeasibleToFeasibleTerms
0,New,16,6.727060,6.771598,6.771598,18.843897,23.279726,24.785775,7.012851,14.380680,3607.014588,3607.014970,20774,6439842,3600.000000,16,15,15,GUROBI,1,7,0,0
1,New,16,6.727060,6.771598,6.771598,18.137442,23.430950,24.785820,9.666394,15.299400,3609.674330,3609.674773,31466,7224817,3600.000000,29,15,15,GUROBI,1,20,0,0
2,New,16,6.727060,6.771598,6.771595,19.772082,23.569443,24.785820,6.976639,26.132447,2122.484392,3606.978253,21341,6080591,3600.000000,16,15,15,GUROBI,1,7,0,0
3,New,16,6.602060,6.646598,6.646598,18.417502,23.355895,24.785760,6.734982,13.016794,3606.736255,3606.736638,23394,6496374,3600.000000,16,15,15,GUROBI,1,7,0,0
4,New,16,6.727060,6.771598,6.771598,18.816668,23.521226,24.785755,13.305667,22.124528,3613.306706,3613.307095,22448,6288283,3600.000000,39,15,15,GUROBI,1,30,0,0
