instanceIndex,vpcGenerator,terms,lpBound,disjunctiveDualBound,lpBoundPostVpc,rootDualBound,dualBound,primalBound,vpcGenerationTime,rootDualBoundTime,bestSolutionTime,terminationTime,nodes,iterations,maxTime,actualTerms,numCuts,cutLimit,mipSolver,providePrimalBound,infeasibleTerms,feasibleToInfeasibleTerms,infeasibleToFeasibleTerms
0,New,16,4970975.847015,4987085.459464,4987085.459464,5972167.730813,6021720.000000,6021720.000000,27.286174,27.677689,27.689128,27.787561,42,1477,3600.000000,21,8,8,GUROBI,1,4,0,0
1,Old,16,4970930.286870,4987039.899319,4987039.899319,6019289.883333,6020142.844712,6020157.150000,17.754106,17.932717,17.754106,17.938903,1,1132,3600.000000,21,4,0,GUROBI,1,4,0,0
2,Old,16,4970939.341420,4987048.953869,4987015.267824,5713484.734616,6020442.892375,6020443.600000,18.108768,18.269629,18.108768,18.285477,1,1022,3600.000000,21,8,0,GUROBI,1,4,0,0
3,Old,16,4970974.952601,4987084.565050,4974108.155582,6004797.305059,6019206.296500,6019215.400000,16.063577,16.360148,16.063577,16.368021,1,1696,3600.000000,21,8,0,GUROBI,1,4,0,0
4,Old,16,4970980.405752,4987090.018201,4987090.018201,5966102.575148,6020057.350000,6020057.350000,18.415999,18.754927,18.415999,18.761101,1,1633,3600.000000,21,8,0,GUROBI,1,4,0,0
5,Old,16,4970994.060756,4987103.673205,4987103.673205,6019787.953596,6019804.550000,6019804.550000,18.239604,18.451061,18.453862,18.456366,1,1499,3600.000000,21,7,0,GUROBI,1,4,0,0
