instanceIndex,vpcGenerator,terms,lpBound,disjunctiveDualBound,lpBoundPostVpc,rootDualBound,dualBound,primalBound,vpcGenerationTime,rootDualBoundTime,bestSolutionTime,terminationTime,nodes,iterations,maxTime,actualTerms,numCuts,cutLimit,mipSolver,providePrimalBound,infeasibleTerms,feasibleToInfeasibleTerms,infeasibleToFeasibleTerms
0,New,64,36590350.000000,36590350.000000,36590350.000000,42976300.000000,44265887.499940,44269807.528174,26.204965,27.122101,55.985079,102.165061,10040,105938,3600.000000,66,71,71,GUROBI,1,28,0,0
1,Farkas,64,150763775.000000,150763775.000000,150763775.000000,150763775.000000,150763775.000000,150763775.000000,1.123079,1.123079,1.123079,1.195816,1,56,3600.000000,66,71,0,GUROBI,1,30,2,0
2,Farkas,64,152013400.000000,152013400.000000,152013400.000000,152013400.000000,152013400.000000,152013400.000000,1.113631,1.113631,1.113631,1.207398,1,102,3600.000000,66,71,0,GUROBI,1,29,2,1
3,Farkas,64,146280225.000000,146280225.000000,146280225.000000,146280225.000000,146280225.000000,146280225.000000,1.554602,1.554602,1.554602,1.723080,1,102,3600.000000,66,71,0,GUROBI,1,48,20,0
4,Farkas,64,153776800.000000,153776800.000000,153776800.000000,153776800.000000,153776800.000000,153776800.000000,0.945081,0.945081,0.945081,1.158137,1,132,3600.000000,66,71,0,GUROBI,1,33,5,0
