instanceIndex,vpcGenerator,terms,lpBound,disjunctiveDualBound,lpBoundPostVpc,rootDualBound,dualBound,primalBound,vpcGenerationTime,rootDualBoundTime,bestSolutionTime,terminationTime,nodes,iterations,maxTime,actualTerms,numCuts,cutLimit,mipSolver,providePrimalBound
0,New,16,954341.026667,954452.664233,954347.451111,969865.026217,987941.325518,988585.620000,10.309410,14.803593,3610.311797,3610.312013,756112,10283711,3600.000000,16,5,152,GUROBI,1
1,Farkas,16,616113.652948,616345.958504,616113.652948,699516.334067,700424.860000,700424.860000,1.075210,1.513117,1.755189,2.574929,525,3992,3600.000000,16,5,0,GUROBI,1
2,Farkas,16,743582.480076,743702.841544,743582.480076,785538.307908,793484.998790,793495.860000,0.900089,1.604445,6.193165,6.202172,609,12009,3600.000000,16,5,0,GUROBI,1
3,Farkas,16,694447.231167,694471.190746,694447.231167,761569.377944,761819.480211,761891.045000,1.006980,1.650463,1.675916,1.700330,26,1909,3600.000000,16,5,0,GUROBI,1
4,Farkas,16,750384.699120,750522.338763,750384.699120,812894.771906,814885.891492,814937.240000,0.903868,1.578509,3.996897,4.142015,739,9339,3600.000000,16,5,0,GUROBI,1
