instanceIndex,vpcGenerator,terms,lpBound,disjunctiveDualBound,lpBoundPostVpc,rootDualBound,dualBound,primalBound,vpcGenerationTime,rootDualBoundTime,bestSolutionTime,terminationTime,nodes,iterations,maxTime,actualTerms,numCuts,cutLimit,mipSolver,providePrimalBound,infeasibleTerms,feasibleToInfeasibleTerms,infeasibleToFeasibleTerms
0,None,16,-11670000.000000,-11670000.000000,-11670000.000000,-11670000.000000,-11670000.000000,-11670000.000000,0.000021,0.000021,0.001572,0.001747,1,18,3600.000000,0,0,0,GUROBI,1,0,0,0
1,None,16,-11669937.600000,-11669937.600000,-11669937.600000,-11669937.600000,-11669937.600000,-11669937.600000,0.000021,0.000021,0.001178,0.001306,1,14,3600.000000,0,0,0,GUROBI,1,0,0,0
2,None,16,-12980062.400000,-12980062.400000,-12980062.400000,-12980062.400000,-12980062.400000,-12980062.400000,0.000019,0.000019,0.000764,0.000886,1,9,3600.000000,0,0,0,GUROBI,1,0,0,0
3,None,16,-11669920.200000,-11669920.200000,-11669920.200000,-11339928.200000,-11339928.200000,-11339928.200000,0.000017,0.000017,0.001172,0.001296,1,7,3600.000000,0,0,0,GUROBI,1,0,0,0
4,None,16,-10700041.600000,-10700041.600000,-10700041.600000,-10700041.600000,-10700041.000000,-10700041.000000,0.000020,0.002275,0.002375,0.002531,2,17,3600.000000,0,0,0,GUROBI,1,0,0,0
