instanceIndex,vpcGenerator,terms,lpBound,disjunctiveDualBound,lpBoundPostVpc,rootDualBound,dualBound,primalBound,vpcGenerationTime,rootDualBoundTime,bestSolutionTime,terminationTime,nodes,iterations,maxTime,actualTerms,numCuts,cutLimit,mipSolver,providePrimalBound
0,New,64,10593526.000000,10604787.000000,10593526.000000,11485624.913346,11806521.461939,11807698.000000,4.426034,5.295414,131.568295,160.259943,43898,780412,3600.000000,64,5,142,GUROBI,1
1,Old,64,10593526.000000,10604799.000000,10593526.000000,12420161.565578,12909842.654769,12911122.974242,4.810914,6.248727,18.377024,22.240926,2974,63824,3600.000000,64,5,0,GUROBI,1
