instanceIndex,vpcGenerator,terms,lpBound,disjunctiveDualBound,lpBoundPostVpc,rootDualBound,dualBound,primalBound,vpcGenerationTime,rootDualBoundTime,bestSolutionTime,terminationTime,nodes,iterations,maxTime,actualTerms,numCuts,cutLimit,mipSolver,providePrimalBound,infeasibleTerms,feasibleToInfeasibleTerms,infeasibleToFeasibleTerms
0,None,16,4.500000,4.500000,4.500000,4.500000,7.000000,8.000000,0.000003,6.924980,8.858910,3600.005097,681950,35534057,3600.000000,0,0,0,GUROBI,1,0,0,0
1,None,16,4.500000,4.500000,4.500000,4.500000,7.000000,8.000000,0.000003,6.299035,8.869607,3600.016400,403616,26592707,3600.000000,0,0,0,GUROBI,1,0,0,0
2,None,16,4.500000,4.500000,4.500000,4.500000,7.000000,8.000000,0.000002,25.034281,34.690595,3600.008169,89359,10432666,3600.000000,0,0,0,GUROBI,1,0,0,0
3,None,16,4.500000,4.500000,4.500000,4.500000,7.000000,8.000000,0.000002,16.139920,24.210173,3600.008300,88337,9708079,3600.000000,0,0,0,GUROBI,1,0,0,0
4,None,16,4.500000,4.500000,4.500000,4.500000,7.000000,8.000000,0.000003,17.953056,24.800875,3600.012773,92263,12486702,3600.000000,0,0,0,GUROBI,1,0,0,0
