instanceIndex,vpcGenerator,terms,lpBound,disjunctiveDualBound,lpBoundPostVpc,rootDualBound,dualBound,primalBound,vpcGenerationTime,rootDualBoundTime,bestSolutionTime,terminationTime,nodes,iterations,maxTime,actualTerms,numCuts,cutLimit,mipSolver,providePrimalBound
0,None,16,499999999913.192444,499999999913.192444,499999999913.192444,533930930050.444519,564975283913.045532,565031773604.128784,0.000002,0.826064,169.621603,172.999294,15233,369361,3600.000000,0,0,0,GUROBI,1
1,None,16,14932471390.843977,14932471390.843977,14932471390.843977,26092496695.369823,26500317911.357296,26500317911.357296,0.000002,0.414918,2.384453,2.738067,892,8069,3600.000000,0,0,0,GUROBI,1
2,None,16,9203061094.961260,9203061094.961260,9203061094.961260,15888083585.786903,16206008344.833332,16206008344.832333,0.000003,0.458682,3.950378,3.950632,656,5127,3600.000000,0,0,0,GUROBI,1
3,None,16,3633417418.181669,3633417418.181669,3633417418.181669,7261484018.791457,7264378883.170295,7264378883.170296,0.000002,0.222649,0.000002,0.240422,7,196,3600.000000,0,0,0,GUROBI,1
