instanceIndex,vpcGenerator,terms,lpBound,disjunctiveDualBound,lpBoundPostVpc,rootDualBound,dualBound,primalBound,vpcGenerationTime,rootDualBoundTime,bestSolutionTime,terminationTime,nodes,iterations,maxTime,actualTerms,numCuts,cutLimit,mipSolver,providePrimalBound,infeasibleTerms,feasibleToInfeasibleTerms,infeasibleToFeasibleTerms
0,New,16,6519541.944917,6528338.348903,6520430.833806,11486166.666274,11490553.230564,11490666.666634,4.579890,5.404220,11.605682,11.605848,586,56515,3600.000000,19,6,202,GUROBI,1,7,0,0
1,New,16,6463828.376967,6468346.647409,6464253.356276,11391548.717808,11396167.898129,11397144.586134,1.761308,2.390016,3601.763561,3601.763757,494211,22067884,3600.000000,19,6,210,GUROBI,1,8,0,0
2,New,16,6440505.921528,6441629.731055,6440525.333802,11388240.337909,11392713.524166,11392912.332975,2.262900,2.983958,86.409390,86.409549,12505,431890,3600.000000,16,3,212,GUROBI,1,3,0,0
3,New,16,6508689.639703,6513081.566613,6509692.886157,11475193.792883,11479695.859098,11480545.332971,1.957168,2.711730,522.080986,522.139828,155579,3945822,3600.000000,19,6,203,GUROBI,1,9,0,0
4,New,16,6513217.611583,6513568.627671,6513217.611583,11477923.999277,11482423.999278,11482653.999363,1.551012,2.486719,30.645276,30.645440,8890,283183,3600.000000,17,2,194,GUROBI,1,9,0,0
