instanceIndex,vpcGenerator,terms,lpBound,disjunctiveDualBound,lpBoundPostVpc,rootDualBound,dualBound,primalBound,vpcGenerationTime,rootDualBoundTime,bestSolutionTime,terminationTime,nodes,iterations,maxTime,actualTerms,numCuts,cutLimit,mipSolver,providePrimalBound
0,New,16,4970975.847015,4990942.404803,4990942.404803,5965645.567498,6021720.000000,6021720.000000,64.208369,64.578841,64.208369,64.582833,1,1735,3600.000000,50,8,8,GUROBI,1
1,Old,16,4970788.601206,4990755.158994,4990755.158994,5965530.435256,6018536.400000,6018536.400000,33.587063,33.870776,33.587063,33.874645,1,1456,3600.000000,50,8,0,GUROBI,1
2,Old,16,4970839.557250,4990809.722610,4990809.722610,5959029.745281,6011717.000000,6011717.000000,35.146671,35.433072,35.523674,35.524868,39,1559,3600.000000,50,8,0,GUROBI,1
3,Old,16,4970382.860594,4990348.516489,4977630.259275,6014829.575936,6014962.887434,6015013.500000,35.159594,35.409911,35.159594,35.415519,1,1786,3600.000000,50,8,0,GUROBI,1
4,Old,16,4970585.299704,4990551.857492,4990529.645450,5707205.157764,6012375.050000,6012375.050000,30.244414,30.400616,30.244414,30.418159,1,1070,3600.000000,50,6,0,GUROBI,1
5,Old,16,4970727.551810,4990692.756759,4971565.869954,6007560.365000,6015956.900000,6015956.900000,35.970813,36.530245,36.588661,36.591754,11,3776,3600.000000,50,9,0,GUROBI,1
