instanceIndex,vpcGenerator,terms,lpBound,disjunctiveDualBound,lpBoundPostVpc,rootDualBound,dualBound,primalBound,vpcGenerationTime,rootDualBoundTime,bestSolutionTime,terminationTime,nodes,iterations,maxTime,actualTerms,numCuts,cutLimit,mipSolver,providePrimalBound
0,None,64,11.724138,11.724138,11.724138,17.306264,62.931139,65.666667,0.000012,1.712034,2085.416079,3600.002088,269647,24958370,3600.000000,0,0,0,GUROBI,1
1,None,64,11.892308,11.892308,11.892308,17.210420,61.228512,61.231111,0.000001,1.570126,559.577549,1115.879298,126343,7526382,3600.000000,0,0,0,GUROBI,1
2,None,64,11.896552,11.896552,11.896552,17.365384,64.193687,64.200000,0.000002,1.334717,260.662001,2023.427275,231676,16736179,3600.000000,0,0,0,GUROBI,1
3,None,64,11.761905,11.761905,11.761905,16.660607,60.191658,60.194444,0.000002,1.170458,701.321236,1167.890490,112959,7434524,3600.000000,0,0,0,GUROBI,1
4,None,64,12.133333,12.133333,12.133333,17.990194,62.624283,62.627907,0.000002,1.306460,366.360246,366.360445,43484,3075906,3600.000000,0,0,0,GUROBI,1
5,None,64,11.638889,11.638889,11.638889,17.926287,66.257635,66.263158,0.000002,1.572418,2550.712601,2550.712749,299617,19836959,3600.000000,0,0,0,GUROBI,1
