instanceIndex,vpcGenerator,terms,lpBound,disjunctiveDualBound,lpBoundPostVpc,rootDualBound,dualBound,primalBound,vpcGenerationTime,rootDualBoundTime,bestSolutionTime,terminationTime,nodes,iterations,maxTime,actualTerms,numCuts,cutLimit,mipSolver,providePrimalBound
0,None,4,11.724138,11.724138,11.724138,17.306264,63.760512,65.666667,0.000002,1.375593,1872.573517,3600.001261,288500,26567962,3600.000000,0,0,0,GUROBI,1
1,None,4,11.692308,11.692308,11.692308,23.557670,67.118491,67.125000,0.000002,1.847916,919.162718,973.838755,115597,8694693,3600.000000,0,0,0,GUROBI,1
2,None,4,11.769231,11.769231,11.769231,18.828580,66.621366,66.625000,0.000002,2.073979,1136.641844,1136.642049,134422,9970293,3600.000000,0,0,0,GUROBI,1
3,None,4,11.724138,11.724138,11.724138,37.500000,70.250000,70.250000,0.000001,0.637079,1.857271,19.212388,9556,320779,3600.000000,0,0,0,GUROBI,1
4,None,4,11.724138,11.724138,11.724138,19.329385,66.272727,66.272727,0.000001,2.138227,1063.745958,1877.715051,1356676,33054784,3600.000000,0,0,0,GUROBI,1
5,None,4,11.724138,11.724138,11.724138,17.666629,66.400000,66.400000,0.000002,1.609005,122.589913,400.234284,272441,6689578,3600.000000,0,0,0,GUROBI,1
