instanceIndex,vpcGenerator,terms,lpBound,disjunctiveDualBound,lpBoundPostVpc,rootDualBound,dualBound,primalBound,vpcGenerationTime,rootDualBoundTime,bestSolutionTime,terminationTime,nodes,iterations,maxTime,actualTerms,numCuts,cutLimit,mipSolver,providePrimalBound,infeasibleTerms,feasibleToInfeasibleTerms,infeasibleToFeasibleTerms
0,New,64,11.724138,27.000000,21.150993,21.150993,61.420461,65.666667,3635.975256,3636.892638,4144.489663,7235.976393,384628,29549426,3600.000000,64,5,52,GUROBI,1,17,0,0
1,Old,64,11.653017,26.789062,26.789062,59.086791,62.104827,65.666667,3693.140749,3697.696046,4228.189298,7293.142687,158893,18917410,3600.000000,64,7,0,GUROBI,1,17,0,0
2,Old,64,11.724138,27.000000,27.000000,57.610647,61.389820,65.666667,3636.628216,3641.038912,6166.601307,7236.630343,159429,20067755,3600.000000,64,5,0,GUROBI,1,17,0,0
3,Old,64,11.632543,26.789062,20.091797,58.096927,61.684061,65.447917,3672.622347,3677.085812,4560.210554,7272.624700,156332,20006537,3600.000000,64,8,0,GUROBI,1,17,0,0
4,Old,64,11.724138,27.000000,20.250000,57.635261,61.677472,65.666667,3688.612142,3693.345434,3721.180666,7288.614140,168765,20346672,3600.000000,64,4,0,GUROBI,1,17,0,0
5,Old,64,11.668103,26.789062,21.431250,58.572329,61.970947,65.666667,3663.786432,3668.281255,4450.356887,7263.787841,172034,20553838,3600.000000,64,7,0,GUROBI,1,17,0,0
