instanceIndex,vpcGenerator,terms,lpBound,disjunctiveDualBound,lpBoundPostVpc,rootDualBound,dualBound,primalBound,vpcGenerationTime,rootDualBoundTime,bestSolutionTime,terminationTime,nodes,iterations,maxTime,actualTerms,numCuts,cutLimit,mipSolver,providePrimalBound
0,New,64,12.030303,13.454545,13.007576,29.000000,29.000000,29.000000,5.224018,5.250745,5.224018,5.256122,1,513,3600.000000,68,9,33,GUROBI,1
1,New,64,10.134847,11.134847,11.121277,26.000000,27.000000,27.000000,6.605269,6.647529,6.605269,6.649600,1,501,3600.000000,68,29,29,GUROBI,1
2,New,64,11.571635,12.571635,12.571502,28.000000,28.000000,28.000000,7.277990,7.301083,7.277990,7.311629,1,452,3600.000000,83,30,30,GUROBI,1
3,New,64,10.509880,11.509880,11.433764,27.000000,27.000000,27.000000,8.672769,8.695427,8.672769,8.706902,1,456,3600.000000,74,31,31,GUROBI,1
4,New,64,12.115536,13.115536,13.115536,26.000000,26.000000,26.000000,6.354240,6.377020,6.354240,6.388269,1,550,3600.000000,71,27,27,GUROBI,1
