instanceIndex,vpcGenerator,terms,lpBound,disjunctiveDualBound,lpBoundPostVpc,rootDualBound,dualBound,primalBound,vpcGenerationTime,rootDualBoundTime,bestSolutionTime,terminationTime,nodes,iterations,maxTime,actualTerms,numCuts,cutLimit,mipSolver,providePrimalBound
0,New,4,56.333333,56.333333,56.333333,64.333333,66.000000,66.000000,5.716742,6.252937,5.716742,6.258051,1,3995,3600.000000,4,16,46,GUROBI,1
1,Farkas,4,56.416667,56.416667,56.416667,59.000000,66.000000,66.000000,0.124251,0.784771,4.596296,5.973916,517,19157,3600.000000,4,16,0,GUROBI,1
2,Farkas,4,56.333333,56.333333,56.333333,63.183333,66.000000,66.000000,0.120032,0.684115,0.120032,0.691785,1,4332,3600.000000,4,16,0,GUROBI,1
3,Farkas,4,56.333333,56.333333,56.333333,59.916667,66.000000,66.000000,0.118477,0.602982,0.118477,0.616829,1,4122,3600.000000,4,16,0,GUROBI,1
4,Farkas,4,56.333333,56.333333,56.333333,63.931973,66.000000,66.000000,0.117456,0.639558,0.117456,0.653208,1,4195,3600.000000,4,16,0,GUROBI,1
