instanceIndex,vpcGenerator,terms,lpBound,disjunctiveDualBound,lpBoundPostVpc,rootDualBound,dualBound,primalBound,vpcGenerationTime,rootDualBoundTime,bestSolutionTime,terminationTime,nodes,iterations,maxTime,actualTerms,numCuts,cutLimit,mipSolver,providePrimalBound
0,New,16,56.333333,56.333333,56.333333,64.611111,66.000000,66.000000,21.442207,22.374210,21.442207,22.385060,1,4181,3600.000000,16,5,46,GUROBI,1
1,Old,16,54.333333,54.333333,54.333333,62.416667,64.000000,64.000000,23.085054,23.731541,23.085054,23.736662,1,5349,3600.000000,16,6,0,GUROBI,1
2,Old,16,56.333333,56.333333,56.333333,65.000000,66.000000,66.000000,22.747032,23.596781,22.747032,23.604767,1,4415,3600.000000,16,8,0,GUROBI,1
3,Old,16,56.333333,56.333333,56.333333,65.416667,66.000000,66.000000,22.645684,23.241633,22.645684,23.251832,1,4021,3600.000000,16,8,0,GUROBI,1
