instanceIndex,vpcGenerator,terms,lpBound,disjunctiveDualBound,lpBoundPostVpc,rootDualBound,dualBound,primalBound,vpcGenerationTime,rootDualBoundTime,bestSolutionTime,terminationTime,nodes,iterations,maxTime,actualTerms,numCuts,cutLimit,mipSolver,providePrimalBound
0,New,4,56.333333,56.333333,56.333333,64.333333,66.000000,66.000000,5.663813,6.188977,5.663813,6.194069,1,3995,3600.000000,4,16,46,GUROBI,1
1,Farkas,4,56.416667,56.416667,56.416667,59.000000,66.000000,66.000000,0.078491,0.732971,4.514403,5.893317,517,19157,3600.000000,4,16,0,GUROBI,1
2,Farkas,4,56.333333,56.333333,56.333333,63.183333,66.000000,66.000000,0.081403,0.637470,0.081403,0.644806,1,4332,3600.000000,4,16,0,GUROBI,1
3,Farkas,4,56.333333,56.333333,56.333333,59.916667,66.000000,66.000000,0.080881,0.564943,0.080881,0.578758,1,4122,3600.000000,4,16,0,GUROBI,1
4,Farkas,4,56.333333,56.333333,56.333333,63.931973,66.000000,66.000000,0.080676,0.597641,0.080676,0.611060,1,4195,3600.000000,4,16,0,GUROBI,1
