instanceIndex,vpcGenerator,terms,lpBound,disjunctiveDualBound,lpBoundPostVpc,rootDualBound,dualBound,primalBound,vpcGenerationTime,rootDualBoundTime,bestSolutionTime,terminationTime,nodes,iterations,maxTime,actualTerms,numCuts,cutLimit,mipSolver,providePrimalBound,infeasibleTerms,feasibleToInfeasibleTerms,infeasibleToFeasibleTerms
0,New,64,12.030303,13.454545,13.454545,29.000000,29.000000,29.000000,7.566562,7.594239,7.566562,7.601787,1,519,3600.000000,64,33,33,GUROBI,1,4,0,0
1,Farkas,64,12.060606,13.484848,13.478469,29.000000,29.000000,29.000000,0.243599,0.272078,0.243599,0.278977,1,490,3600.000000,64,33,0,GUROBI,1,4,0,0
2,Farkas,64,12.030303,13.454545,13.454545,29.000000,29.000000,29.000000,0.242181,0.268442,0.242181,0.275536,1,520,3600.000000,64,33,0,GUROBI,1,4,0,0
3,Farkas,64,12.060606,13.484848,13.484848,30.000000,30.000000,30.000000,0.241204,0.267805,0.241204,0.275209,1,598,3600.000000,64,33,0,GUROBI,1,4,0,0
4,Farkas,64,12.060606,13.515152,13.484848,29.000000,29.000000,29.000000,0.255539,0.281526,0.255539,0.291532,1,584,3600.000000,64,33,0,GUROBI,1,22,18,0
