instanceIndex,vpcGenerator,terms,lpBound,disjunctiveDualBound,lpBoundPostVpc,rootDualBound,dualBound,primalBound,vpcGenerationTime,rootDualBoundTime,bestSolutionTime,terminationTime,nodes,iterations,maxTime,actualTerms,numCuts,cutLimit,mipSolver,providePrimalBound,infeasibleTerms,feasibleToInfeasibleTerms,infeasibleToFeasibleTerms
0,None,64,56.333333,56.333333,56.333333,60.583333,66.000000,66.000000,0.000002,0.483531,0.000002,0.499689,1,4094,3600.000000,0,0,0,GUROBI,1,0,0,0
1,None,64,55.958333,55.958333,55.958333,58.000000,66.000000,66.000000,0.000002,0.638066,4.704196,5.718076,632,18050,3600.000000,0,0,0,GUROBI,1,0,0,0
2,None,64,55.833333,55.833333,55.833333,60.138889,66.000000,66.000000,0.000002,0.499421,0.000002,0.513998,1,4211,3600.000000,0,0,0,GUROBI,1,0,0,0
3,None,64,56.333333,56.333333,56.333333,58.000000,66.000000,66.000000,0.000003,0.695945,5.792850,8.091357,515,32442,3600.000000,0,0,0,GUROBI,1,0,0,0
4,None,64,56.275641,56.275641,56.275641,58.000000,66.000000,66.000000,0.000003,0.658715,3.850439,4.953095,516,20523,3600.000000,0,0,0,GUROBI,1,0,0,0
