instanceIndex,vpcGenerator,terms,lpBound,disjunctiveDualBound,lpBoundPostVpc,rootDualBound,dualBound,primalBound,vpcGenerationTime,rootDualBoundTime,bestSolutionTime,terminationTime,nodes,iterations,maxTime,actualTerms,numCuts,cutLimit,mipSolver,providePrimalBound
0,None,64,56.333333,56.333333,56.333333,60.583333,66.000000,66.000000,0.000002,0.484081,0.000002,0.499993,1,4094,3600.000000,0,0,0,GUROBI,1
1,None,64,56.416667,56.416667,56.416667,59.000000,66.000000,66.000000,0.000002,0.657684,5.410008,6.569431,615,23195,3600.000000,0,0,0,GUROBI,1
2,None,64,56.333333,56.333333,56.333333,63.416667,66.000000,66.000000,0.000002,0.529252,0.000002,0.536129,1,4282,3600.000000,0,0,0,GUROBI,1
3,None,64,56.333333,56.333333,56.333333,58.000000,66.000000,66.000000,0.000002,0.574725,4.103381,5.171764,518,19272,3600.000000,0,0,0,GUROBI,1
4,None,64,56.333333,56.333333,56.333333,60.083333,66.000000,66.000000,0.000002,0.482455,0.000002,0.493998,1,3892,3600.000000,0,0,0,GUROBI,1
