instanceIndex,vpcGenerator,terms,lpBound,disjunctiveDualBound,lpBoundPostVpc,rootDualBound,dualBound,primalBound,vpcGenerationTime,rootDualBoundTime,bestSolutionTime,terminationTime,nodes,iterations,maxTime,actualTerms,numCuts,cutLimit,mipSolver,providePrimalBound
0,New,64,56.333333,56.833333,56.333333,64.333333,66.000000,66.000000,107.374401,107.917201,107.374401,107.922726,1,3995,3600.000000,64,22,46,GUROBI,1
1,New,64,54.333333,54.833333,54.333333,63.923077,64.000000,64.000000,96.647553,97.255012,96.647553,97.259898,1,5233,3600.000000,64,3,46,GUROBI,1
2,New,64,56.333333,56.833333,56.388889,65.166667,66.000000,66.000000,105.571815,106.146990,105.571815,106.152543,1,4567,3600.000000,64,22,46,GUROBI,1
3,New,64,56.333333,56.833333,56.333333,65.416667,66.000000,66.000000,105.080352,105.716258,105.080352,105.727194,1,4021,3600.000000,64,22,46,GUROBI,1
4,New,64,54.833333,54.833333,54.833333,64.666667,65.000000,65.000000,108.710359,109.240537,108.710359,109.247108,1,4577,3600.000000,64,2,47,GUROBI,1
