instanceIndex,vpcGenerator,terms,lpBound,disjunctiveDualBound,lpBoundPostVpc,rootDualBound,dualBound,primalBound,vpcGenerationTime,rootDualBoundTime,bestSolutionTime,terminationTime,nodes,iterations,maxTime,actualTerms,numCuts,cutLimit,mipSolver,providePrimalBound
0,None,64,56.333333,56.333333,56.333333,60.583333,66.000000,66.000000,0.000002,0.492236,0.000002,0.508738,1,4094,3600.000000,0,0,0,GUROBI,1
1,None,64,54.333333,54.333333,54.333333,62.625000,64.000000,64.000000,0.000002,0.547077,0.000002,0.556809,1,5195,3600.000000,0,0,0,GUROBI,1
2,None,64,56.333333,56.333333,56.333333,65.194444,66.000000,66.000000,0.000002,0.602610,0.000002,0.610442,1,4615,3600.000000,0,0,0,GUROBI,1
3,None,64,56.333333,56.333333,56.333333,65.583333,66.000000,66.000000,0.000002,0.543765,0.000002,0.548575,1,4177,3600.000000,0,0,0,GUROBI,1
4,None,64,54.833333,54.833333,54.833333,63.750000,65.000000,65.000000,0.000003,0.513909,0.000003,0.518952,1,4442,3600.000000,0,0,0,GUROBI,1
