instanceIndex,vpcGenerator,terms,lpBound,disjunctiveDualBound,lpBoundPostVpc,rootDualBound,dualBound,primalBound,vpcGenerationTime,rootDualBoundTime,bestSolutionTime,terminationTime,nodes,iterations,maxTime,actualTerms,numCuts,cutLimit,mipSolver,providePrimalBound
0,None,16,49.214876,49.214876,49.214876,69.755867,71.000000,71.000000,0.000034,0.490236,1.270360,1.274877,231,8004,3600.000000,0,0,0,GUROBI,1
1,None,16,49.214876,49.214876,49.214876,70.059597,71.000000,71.000000,0.000002,0.563624,1.613380,1.613527,304,4548,3600.000000,0,0,0,GUROBI,1
2,None,16,49.214876,49.214876,49.214876,69.755867,71.000000,71.000000,0.000002,0.491338,1.049219,1.430843,271,8562,3600.000000,0,0,0,GUROBI,1
3,None,16,49.214876,49.214876,49.214876,69.755867,71.000000,71.000000,0.000002,0.491660,1.449572,1.449717,272,9291,3600.000000,0,0,0,GUROBI,1
4,None,16,49.214876,49.214876,49.214876,69.869995,71.000000,71.000000,0.000002,0.527651,1.174650,1.471682,384,8922,3600.000000,0,0,0,GUROBI,1
5,None,16,49.214876,49.214876,49.214876,69.755867,71.000000,71.000000,0.000002,0.491166,1.183293,1.553011,300,9313,3600.000000,0,0,0,GUROBI,1
