instanceIndex,vpcGenerator,terms,lpBound,disjunctiveDualBound,lpBoundPostVpc,rootDualBound,dualBound,primalBound,vpcGenerationTime,rootDualBoundTime,bestSolutionTime,terminationTime,nodes,iterations,maxTime,actualTerms,numCuts,cutLimit,mipSolver,providePrimalBound
0,New,4,56.333333,56.333333,56.333333,64.333333,66.000000,66.000000,5.558029,6.097940,5.558029,6.103403,1,3995,3600.000000,4,16,46,GUROBI,1
1,Old,4,55.958333,55.958333,55.958333,64.333333,66.000000,66.000000,5.304922,5.874173,5.304922,5.881312,1,4547,3600.000000,4,9,0,GUROBI,1
4,Old,4,56.275641,56.275641,56.275641,58.000000,66.000000,66.000000,5.012374,5.680591,10.329878,11.262605,637,21610,3600.000000,4,13,0,GUROBI,1
