instanceIndex,vpcGenerator,terms,lpBound,disjunctiveDualBound,lpBoundPostVpc,rootDualBound,dualBound,primalBound,vpcGenerationTime,rootDualBoundTime,bestSolutionTime,terminationTime,nodes,iterations,maxTime,actualTerms,numCuts,cutLimit,mipSolver,providePrimalBound
0,New,64,12.030303,13.454545,13.007576,29.000000,29.000000,29.000000,6.063079,6.088218,6.063079,6.093533,1,513,3600.000000,68,9,33,GUROBI,1
1,New,64,12.000000,13.333333,13.333333,29.000000,29.000000,29.000000,5.381506,5.408870,5.381506,5.416243,1,592,3600.000000,67,17,33,GUROBI,1
2,New,64,12.024064,13.302473,12.944048,29.000000,29.000000,29.000000,4.132306,4.159417,4.132306,4.166288,1,616,3600.000000,64,7,30,GUROBI,1
3,New,64,11.999109,13.333333,12.880622,29.000000,29.000000,29.000000,4.901809,4.930542,4.901809,4.939117,1,594,3600.000000,65,14,31,GUROBI,1
4,New,64,12.002674,13.469697,12.653843,29.000000,29.000000,29.000000,5.811171,5.838384,5.811171,5.846984,1,587,3600.000000,64,29,30,GUROBI,1
