instanceIndex,vpcGenerator,terms,lpBound,disjunctiveDualBound,lpBoundPostVpc,rootDualBound,dualBound,primalBound,vpcGenerationTime,rootDualBoundTime,bestSolutionTime,terminationTime,nodes,iterations,maxTime,actualTerms,numCuts,cutLimit,mipSolver,providePrimalBound,infeasibleTerms,feasibleToInfeasibleTerms,infeasibleToFeasibleTerms
0,New,64,1394.000000,1394.000000,1394.000000,1414.000000,1418.000000,1418.000000,13.505013,15.256370,15.763391,17.486392,514,24994,3600.000000,66,1,545,GUROBI,1,4,0,0
1,New,64,-211.517673,-203.822162,-210.018245,300.155837,436.962527,437.000000,14.270801,16.925027,232.238279,358.369668,14474,1320193,3600.000000,64,6,544,GUROBI,1,4,0,0
2,New,64,-244.258023,-239.652519,-244.258023,306.781243,488.000000,488.000000,23.530617,26.176126,361.175256,365.733853,12214,1210686,3600.000000,68,24,595,GUROBI,1,7,0,0
3,New,64,-445.198023,-441.448023,-445.198023,91.340885,246.000000,246.000000,13.232345,15.555458,104.406140,107.368977,3942,325630,3600.000000,64,4,531,GUROBI,1,4,0,0
4,New,64,-665.458517,-661.261850,-665.448517,-129.639015,-21.000000,-21.000000,12.720727,15.228210,63.493181,84.719926,3306,251692,3600.000000,64,4,563,GUROBI,1,9,0,0
5,New,64,-356.523997,-346.191342,-356.336497,410.925391,537.000000,537.000000,12.734173,15.318039,235.309868,235.310140,7190,649131,3600.000000,64,2,531,GUROBI,1,2,0,0
6,New,64,-490.274754,-464.513749,-489.501076,133.096278,238.999997,238.999997,15.608138,18.121989,127.191270,127.191938,4124,378650,3600.000000,64,6,563,GUROBI,1,0,0,0
