instanceIndex,vpcGenerator,terms,lpBound,disjunctiveDualBound,lpBoundPostVpc,rootDualBound,dualBound,primalBound,vpcGenerationTime,rootDualBoundTime,bestSolutionTime,terminationTime,nodes,iterations,maxTime,actualTerms,numCuts,cutLimit,mipSolver,providePrimalBound,infeasibleTerms,feasibleToInfeasibleTerms,infeasibleToFeasibleTerms
0,None,16,1394.000000,1394.000000,1394.000000,1402.000000,1418.000000,1418.000000,0.000002,1.478096,5.382999,5.383265,520,28760,3600.000000,0,0,0,GUROBI,1,0,0,0
1,None,16,1202.416667,1202.416667,1202.416667,1223.811727,1242.898768,1243.000000,0.000003,2.122054,31.472392,42.938638,3170,184085,3600.000000,0,0,0,GUROBI,1,0,0,0
2,None,16,1135.266667,1135.266667,1135.266667,1199.238838,1221.886411,1222.000000,0.000002,2.286078,81.349019,176.154208,15857,778969,3600.000000,0,0,0,GUROBI,1,0,0,0
3,None,16,1320.250000,1320.250000,1320.250000,1347.540830,1360.867172,1361.000000,0.000002,1.901213,80.667310,87.839228,4171,390117,3600.000000,0,0,0,GUROBI,1,0,0,0
4,None,16,1027.450000,1027.450000,1027.450000,1095.140657,1105.000000,1105.000000,0.000002,1.386487,11.270973,11.271218,690,45051,3600.000000,0,0,0,GUROBI,1,0,0,0
5,None,16,1256.283333,1256.283333,1256.283333,1284.957281,1293.933333,1294.000000,0.000002,1.836386,26.756377,41.939626,4347,208519,3600.000000,0,0,0,GUROBI,1,0,0,0
