instanceIndex,vpcGenerator,terms,lpBound,disjunctiveDualBound,lpBoundPostVpc,rootDualBound,dualBound,primalBound,vpcGenerationTime,rootDualBoundTime,bestSolutionTime,terminationTime,nodes,iterations,maxTime,actualTerms,numCuts,cutLimit,mipSolver,providePrimalBound,infeasibleTerms,feasibleToInfeasibleTerms,infeasibleToFeasibleTerms
0,None,4,-43.000000,-43.000000,-43.000000,-43.000000,-41.000000,-41.000000,0.000025,0.061163,1.284714,156.024702,459737,2390050,3600.000000,0,0,0,GUROBI,1,0,0,0
1,None,4,-43.000000,-43.000000,-43.000000,-43.000000,-41.000000,-41.000000,0.000004,0.063542,1.082377,148.317755,531942,2500158,3600.000000,0,0,0,GUROBI,1,0,0,0
2,None,4,-43.000000,-43.000000,-43.000000,-43.000000,-43.000000,-43.000000,0.000005,0.059269,3.241410,3.242614,7693,46523,3600.000000,0,0,0,GUROBI,1,0,0,0
3,None,4,-43.000000,-43.000000,-43.000000,-43.000000,-41.000000,-41.000000,0.000004,0.077215,0.095086,435.351038,1451021,8203519,3600.000000,0,0,0,GUROBI,1,0,0,0
4,None,4,-43.000000,-43.000000,-43.000000,-43.000000,-41.000000,-41.000000,0.000002,0.046907,0.110778,68.242567,210535,1219518,3600.000000,0,0,0,GUROBI,1,0,0,0
