instanceIndex,vpcGenerator,terms,lpBound,disjunctiveDualBound,lpBoundPostVpc,rootDualBound,dualBound,primalBound,vpcGenerationTime,rootDualBoundTime,bestSolutionTime,terminationTime,nodes,iterations,maxTime,actualTerms,numCuts,cutLimit,mipSolver,providePrimalBound
0,None,16,-43.000000,-43.000000,-43.000000,-43.000000,-41.000000,-41.000000,0.000001,0.123709,1.595143,200.490782,459737,2390050,3600.000000,0,0,0,GUROBI,1
1,None,16,-43.000000,-43.000000,-43.000000,-43.000000,-43.000000,-43.000000,0.000002,0.079848,0.125771,0.126073,30,295,3600.000000,0,0,0,GUROBI,1
2,None,16,-43.000000,-43.000000,-43.000000,-43.000000,-43.000000,-43.000000,0.000002,0.106755,0.450151,0.450628,332,2619,3600.000000,0,0,0,GUROBI,1
3,None,16,-43.000000,-43.000000,-43.000000,-43.000000,-43.000000,-43.000000,0.000003,0.000003,0.008904,0.010725,1,178,3600.000000,0,0,0,GUROBI,1
4,None,16,-43.000000,-43.000000,-43.000000,-43.000000,-43.000000,-43.000000,0.000002,0.040897,0.041239,0.041479,1,76,3600.000000,0,0,0,GUROBI,1
