instanceIndex,vpcGenerator,terms,lpBound,disjunctiveDualBound,lpBoundPostVpc,rootDualBound,dualBound,primalBound,vpcGenerationTime,rootDualBoundTime,bestSolutionTime,terminationTime,nodes,iterations,maxTime,actualTerms,numCuts,cutLimit,mipSolver,providePrimalBound
0,None,16,7297.333333,7297.333333,7297.333333,12293.500000,20622.000000,20622.000000,0.000004,5.139778,34.889610,112.089579,4569,527168,3600.000000,0,0,0,GUROBI,1
1,None,16,7244.476190,7244.476190,7244.476190,12060.122727,20623.000000,20625.000000,0.000003,3.468573,77.774314,110.137909,4546,440439,3600.000000,0,0,0,GUROBI,1
2,None,16,7231.569951,7231.569951,7231.569951,11767.132993,20589.000000,20589.000000,0.000004,2.674702,180.027122,182.705400,9402,776814,3600.000000,0,0,0,GUROBI,1
3,None,16,7218.157407,7218.157407,7218.157407,11764.621907,20599.090909,20600.000000,0.000004,3.713403,130.467259,130.467575,6256,527147,3600.000000,0,0,0,GUROBI,1
4,None,16,7265.143519,7265.143519,7265.143519,11633.251675,20615.000000,20617.000000,0.000005,2.194793,202.901697,205.373967,9132,854888,3600.000000,0,0,0,GUROBI,1
5,None,16,7235.598386,7235.598386,7235.598386,11619.930422,20595.000000,20596.000000,0.000003,2.876390,172.087026,176.745032,8092,736186,3600.000000,0,0,0,GUROBI,1
