instanceIndex,vpcGenerator,terms,lpBound,disjunctiveDualBound,lpBoundPostVpc,rootDualBound,dualBound,primalBound,vpcGenerationTime,rootDualBoundTime,bestSolutionTime,terminationTime,nodes,iterations,maxTime,actualTerms,numCuts,cutLimit,mipSolver,providePrimalBound,infeasibleTerms,feasibleToInfeasibleTerms,infeasibleToFeasibleTerms
0,None,4,7297.333333,7297.333333,7297.333333,12293.500000,20622.000000,20622.000000,0.000003,5.138291,34.687180,110.200233,4569,527168,3600.000000,0,0,0,GUROBI,1,0,0,0
1,None,4,7280.556579,7280.556579,7280.556579,11917.920455,20617.000000,20619.000000,0.000004,3.357673,122.118854,127.851890,4979,521207,3600.000000,0,0,0,GUROBI,1,0,0,0
2,None,4,7281.879630,7281.879630,7281.879630,11910.800000,20628.000000,20630.000000,0.000003,2.856647,149.042178,172.711966,6867,662377,3600.000000,0,0,0,GUROBI,1,0,0,0
3,None,4,7281.572454,7281.572454,7281.572454,12178.726891,20620.250000,20622.000000,0.000004,4.953316,123.138725,169.224366,5742,582500,3600.000000,0,0,0,GUROBI,1,0,0,0
4,None,4,7286.333333,7286.333333,7286.333333,11766.631367,20622.529412,20624.000000,0.000004,3.930457,178.336332,197.356524,8124,786479,3600.000000,0,0,0,GUROBI,1,0,0,0
5,None,4,7274.750000,7274.750000,7274.750000,11616.584239,20622.000000,20624.000000,0.000002,1.920346,79.470575,140.341726,5407,591460,3600.000000,0,0,0,GUROBI,1,0,0,0
