instanceIndex,vpcGenerator,terms,lpBound,disjunctiveDualBound,lpBoundPostVpc,rootDualBound,dualBound,primalBound,vpcGenerationTime,rootDualBoundTime,bestSolutionTime,terminationTime,nodes,iterations,maxTime,actualTerms,numCuts,cutLimit,mipSolver,providePrimalBound
0,New,64,99.322299,102.201564,101.922629,107.892531,120.000000,120.000000,15.707209,16.328888,16.683755,17.244266,628,16896,3600.000000,64,7,17,GUROBI,1
1,Farkas,64,98.938612,101.830515,101.519186,107.512162,119.500000,119.500000,0.649536,1.279476,1.645852,2.191655,598,16450,3600.000000,64,7,0,GUROBI,1
2,Farkas,64,99.213317,102.106919,101.751396,107.732291,119.500000,119.500000,0.688783,1.288466,1.625398,2.086239,576,15236,3600.000000,64,7,0,GUROBI,1
3,Farkas,64,99.822299,102.701564,102.422629,108.388806,120.000000,120.000000,0.989938,1.611626,2.034900,2.478846,578,16025,3600.000000,64,7,0,GUROBI,1
4,Farkas,64,98.874068,101.793991,101.453492,107.470317,119.500000,119.500000,0.692172,1.336034,1.681674,2.235207,616,16599,3600.000000,64,7,0,GUROBI,1
