instanceIndex,vpcGenerator,terms,lpBound,disjunctiveDualBound,lpBoundPostVpc,rootDualBound,dualBound,primalBound,vpcGenerationTime,rootDualBoundTime,bestSolutionTime,terminationTime,nodes,iterations,maxTime,actualTerms,numCuts,cutLimit,mipSolver,providePrimalBound,infeasibleTerms,feasibleToInfeasibleTerms,infeasibleToFeasibleTerms
0,New,4,99.322299,100.496627,100.223484,107.760895,120.000000,120.000000,0.335810,0.919128,1.250263,1.809846,637,16384,3600.000000,4,2,17,GUROBI,1,0,0,0
1,New,4,98.938612,100.125578,99.842652,107.526772,119.500000,119.500000,0.340319,0.996513,1.348554,1.858430,613,15773,3600.000000,4,2,17,GUROBI,1,0,0,0
2,New,4,99.213317,100.401982,100.094088,107.683582,119.500000,119.500000,0.362104,0.988420,1.474710,1.838391,592,15686,3600.000000,4,3,17,GUROBI,1,0,0,0
3,New,4,99.822299,100.996627,100.698074,108.325350,120.000000,120.000000,0.357628,0.961374,1.756944,1.757065,571,14562,3600.000000,4,2,17,GUROBI,1,0,0,0
4,New,4,98.874068,100.089055,99.797422,107.330900,119.500000,119.500000,0.377690,0.975924,1.302376,1.802231,603,15752,3600.000000,4,3,17,GUROBI,1,0,0,0
