instanceIndex,vpcGenerator,terms,lpBound,disjunctiveDualBound,lpBoundPostVpc,rootDualBound,dualBound,primalBound,vpcGenerationTime,rootDualBoundTime,bestSolutionTime,terminationTime,nodes,iterations,maxTime,actualTerms,numCuts,cutLimit,mipSolver,providePrimalBound,infeasibleTerms,feasibleToInfeasibleTerms,infeasibleToFeasibleTerms
0,New,16,99.322299,101.361458,100.376397,107.744605,119.994475,120.000000,2.332285,2.907676,3.236172,3.762796,640,16195,3600.000000,16,2,17,GUROBI,1,0,0,0
1,New,16,99.322299,101.361458,100.829418,109.778705,117.000000,117.000000,1.537642,2.134492,2.676629,2.676742,443,11509,3600.000000,16,2,17,GUROBI,1,0,0,0
2,New,16,99.322299,101.930242,100.422176,109.111934,121.000000,121.000000,1.397058,1.830878,2.759443,2.815796,644,19279,3600.000000,16,1,17,GUROBI,1,2,0,0
3,New,16,99.207030,101.312769,100.139730,103.572067,115.411765,115.411765,1.483626,1.956992,2.685381,2.685497,444,13180,3600.000000,16,3,16,GUROBI,1,0,0,0
4,New,16,99.322299,101.361458,100.338349,107.744605,120.000000,120.000000,1.579365,2.173442,2.512744,2.963577,570,14781,3600.000000,16,2,17,GUROBI,1,0,0,0
