instanceIndex,vpcGenerator,terms,lpBound,disjunctiveDualBound,lpBoundPostVpc,rootDualBound,dualBound,primalBound,vpcGenerationTime,rootDualBoundTime,bestSolutionTime,terminationTime,nodes,iterations,maxTime,actualTerms,numCuts,cutLimit,mipSolver,providePrimalBound
0,New,4,49882.002525,49934.835859,49934.835859,50689.549382,51200.000000,51200.000000,17.153438,21.764399,76.472604,104.477966,6191,207488,3600.000000,4,25,70,GUROBI,1
1,New,4,49865.238847,49952.831439,49946.762871,50567.430819,51200.000000,51200.000000,176.952851,181.121241,254.390950,281.864560,11760,389902,3600.000000,180,62,66,GUROBI,1
