instanceIndex,vpcGenerator,terms,lpBound,disjunctiveDualBound,lpBoundPostVpc,rootDualBound,dualBound,primalBound,vpcGenerationTime,rootDualBoundTime,bestSolutionTime,terminationTime,nodes,iterations,maxTime,actualTerms,numCuts,cutLimit,mipSolver,providePrimalBound
0,New,64,49882.002525,50045.815110,49911.476209,50598.374975,51200.000000,51200.000000,401.056308,404.747216,491.202498,499.254176,9615,316378,3600.000000,213,4,70,GUROBI,1
1,Farkas,64,46818.991041,46835.094922,46818.991041,47916.764042,48640.000000,48640.000000,31.505463,36.329796,470.520731,470.521598,37002,1434025,3600.000000,213,4,0,GUROBI,1
2,Farkas,64,48396.844325,48496.909980,48396.844325,49291.938135,50240.000000,50240.000000,34.723885,40.389517,703.039921,1272.207084,106057,5086740,3600.000000,213,4,0,GUROBI,1
3,Farkas,64,46818.999665,46863.257045,46818.999665,47770.747220,48960.000000,48960.000000,36.314096,41.678517,233.455199,233.455954,15160,596361,3600.000000,213,4,0,GUROBI,1
