instanceIndex,vpcGenerator,terms,lpBound,disjunctiveDualBound,lpBoundPostVpc,rootDualBound,dualBound,primalBound,vpcGenerationTime,rootDualBoundTime,bestSolutionTime,terminationTime,nodes,iterations,maxTime,actualTerms,numCuts,cutLimit,mipSolver,providePrimalBound
0,None,16,40585.000000,40585.000000,40585.000000,41571.666667,42215.000000,42215.000000,0.000004,0.272300,0.430419,0.431071,67,1675,3600.000000,0,0,0,GUROBI,1
1,None,16,40585.000000,40585.000000,40585.000000,41520.937500,42215.000000,42215.000000,0.000003,0.269270,0.363461,0.374876,53,1751,3600.000000,0,0,0,GUROBI,1
2,None,16,40685.000000,40685.000000,40685.000000,41662.054724,42925.000000,42925.000000,0.000002,0.361721,0.594603,0.618251,120,2462,3600.000000,0,0,0,GUROBI,1
3,None,16,40675.000000,40675.000000,40675.000000,41575.763889,42270.000000,42270.000000,0.000002,0.228658,0.440805,0.448938,104,2101,3600.000000,0,0,0,GUROBI,1
4,None,16,40585.000000,40585.000000,40585.000000,41572.782555,42215.000000,42215.000000,0.000003,0.268321,0.395516,0.396112,63,1479,3600.000000,0,0,0,GUROBI,1
