instanceIndex,vpcGenerator,terms,lpBound,disjunctiveDualBound,lpBoundPostVpc,rootDualBound,dualBound,primalBound,vpcGenerationTime,rootDualBoundTime,bestSolutionTime,terminationTime,nodes,iterations,maxTime,actualTerms,numCuts,cutLimit,mipSolver,providePrimalBound
0,New,16,53555.000000,53645.000000,53610.416667,53720.226667,53900.000000,53905.000000,4.088721,4.357838,4.654760,4.665183,129,2125,3600.000000,28,8,11,GUROBI,1
1,Farkas,16,53584.600000,53665.600000,53636.066667,53753.544489,53934.000000,53938.000000,0.277897,0.552455,0.764145,0.794353,103,2258,3600.000000,28,8,0,GUROBI,1
2,Farkas,16,53561.000000,53648.400000,53617.550000,53737.988948,53911.000000,53916.000000,0.262329,0.548979,0.888096,0.950188,176,2908,3600.000000,28,8,0,GUROBI,1
3,Farkas,16,53562.400000,53642.333333,53613.616667,53733.517137,53918.000000,53918.000000,0.265342,0.480775,0.630998,0.642910,85,1741,3600.000000,28,8,0,GUROBI,1
4,Farkas,16,53571.400000,53648.666667,53624.866667,53740.333333,53927.000000,53928.000000,0.278290,0.518837,0.798368,0.818487,132,3123,3600.000000,28,8,0,GUROBI,1
