instanceIndex,vpcGenerator,terms,lpBound,disjunctiveDualBound,lpBoundPostVpc,rootDualBound,dualBound,primalBound,vpcGenerationTime,rootDualBoundTime,bestSolutionTime,terminationTime,nodes,iterations,maxTime,actualTerms,numCuts,cutLimit,mipSolver,providePrimalBound
0,New,16,53555.000000,53645.000000,53607.777778,53717.261538,53900.000000,53905.000000,3.726729,4.106499,4.357159,4.367686,74,1792,3600.000000,27,6,11,GUROBI,1
1,New,16,53565.350000,53614.000000,53570.913636,53724.100000,53910.000000,53914.000000,4.535464,4.955287,5.149680,5.167480,112,1794,3600.000000,27,12,12,GUROBI,1
2,New,16,53547.000000,53674.500000,53567.250000,53711.112963,53894.000000,53898.000000,7.268438,7.864683,7.989073,8.056083,83,1609,3600.000000,191,4,11,GUROBI,1
3,New,16,53555.900000,53650.250000,53582.646409,53723.222222,53907.000000,53907.000000,4.973212,5.401844,5.656049,5.692429,146,2578,3600.000000,39,14,14,GUROBI,1
4,New,16,53556.000000,53675.550000,53610.693750,53723.589454,53907.000000,53907.000000,4.597078,4.958826,5.160124,5.160318,78,1895,3600.000000,31,9,11,GUROBI,1
5,New,16,53550.000000,53669.750000,53564.037037,53719.500000,53902.000000,53903.000000,7.761367,8.206501,8.440925,8.444709,108,2264,3600.000000,195,3,9,GUROBI,1
