instanceIndex,vpcGenerator,terms,lpBound,disjunctiveDualBound,lpBoundPostVpc,rootDualBound,dualBound,primalBound,vpcGenerationTime,rootDualBoundTime,bestSolutionTime,terminationTime,nodes,iterations,maxTime,actualTerms,numCuts,cutLimit,mipSolver,providePrimalBound,infeasibleTerms,feasibleToInfeasibleTerms,infeasibleToFeasibleTerms
0,New,64,7155.000000,7335.000000,7313.651925,7535.000000,7615.000000,7615.000000,8.153182,8.533466,8.557717,8.559786,9,1234,3600.000000,74,26,26,GUROBI,1,52,0,0
1,Old,64,7261.029122,7444.537281,7422.789090,7515.731262,7615.000000,7615.000000,12.173148,12.601742,12.624720,12.637621,12,904,3600.000000,74,64,0,GUROBI,1,52,0,0
2,Old,64,7162.416818,7296.730769,7266.274274,7467.586159,7545.000000,7545.000000,8.668267,9.038487,9.173997,9.174088,38,1097,3600.000000,74,63,0,GUROBI,1,52,0,0
3,Old,64,7930.000000,7930.000000,7930.000000,8095.465473,8115.000000,8115.000000,2.630320,2.736789,2.630320,2.738283,1,239,3600.000000,74,20,0,GUROBI,1,56,4,0
4,Old,64,7165.000000,7343.150054,7294.172300,7515.765156,7615.000000,7615.000000,3.891095,4.212800,4.226145,4.236496,10,689,3600.000000,74,21,0,GUROBI,1,54,2,0
5,Old,64,7403.938696,7489.600000,7461.361079,7764.298283,7925.000000,7925.000000,8.612279,8.957646,9.234481,9.234595,62,2140,3600.000000,74,57,0,GUROBI,1,52,0,0
