instanceIndex,vpcGenerator,terms,lpBound,disjunctiveDualBound,lpBoundPostVpc,rootDualBound,dualBound,primalBound,vpcGenerationTime,rootDualBoundTime,bestSolutionTime,terminationTime,nodes,iterations,maxTime,actualTerms,numCuts,cutLimit,mipSolver,providePrimalBound
0,None,16,7155.000000,7155.000000,7155.000000,7538.636364,7615.000000,7615.000000,0.000011,0.886170,0.985420,1.002130,18,1726,3600.000000,0,0,0,GUROBI,1
1,None,16,7155.000000,7155.000000,7155.000000,7507.133621,7615.000000,7615.000000,0.000001,0.326755,0.353193,0.366507,10,800,3600.000000,0,0,0,GUROBI,1
2,None,16,7155.000000,7155.000000,7155.000000,7487.722222,7615.000000,7615.000000,0.000002,0.303200,0.374087,0.421668,17,1039,3600.000000,0,0,0,GUROBI,1
3,None,16,7155.000000,7155.000000,7155.000000,7497.059704,7615.000000,7615.000000,0.000002,0.485626,0.619404,0.619494,15,995,3600.000000,0,0,0,GUROBI,1
4,None,16,7155.000000,7155.000000,7155.000000,7511.488692,7615.000000,7615.000000,0.000002,0.589147,0.731637,0.739772,31,1357,3600.000000,0,0,0,GUROBI,1
