instanceIndex,vpcGenerator,terms,lpBound,disjunctiveDualBound,lpBoundPostVpc,rootDualBound,dualBound,primalBound,vpcGenerationTime,rootDualBoundTime,bestSolutionTime,terminationTime,nodes,iterations,maxTime,actualTerms,numCuts,cutLimit,mipSolver,providePrimalBound
0,New,64,5678.607089,5762.455696,5733.147991,15074.815755,15078.000000,15078.000000,52.063898,53.019893,52.063898,53.032554,1,3884,3600.000000,64,5,5,GUROBI,1
1,Farkas,64,5737.535949,8853.477975,7383.530288,230900.597260,238045.000000,238046.000000,1.887778,2.887384,32.249984,32.779514,4021,122330,3600.000000,64,5,0,GUROBI,1
