instanceIndex,vpcGenerator,terms,lpBound,disjunctiveDualBound,lpBoundPostVpc,rootDualBound,dualBound,primalBound,vpcGenerationTime,rootDualBoundTime,bestSolutionTime,terminationTime,nodes,iterations,maxTime,actualTerms,numCuts,cutLimit,mipSolver,providePrimalBound
0,New,16,5678.607089,5698.745823,5698.230633,15068.717725,15078.000000,15078.000000,10.041516,10.994831,10.041516,10.998260,1,4018,3600.000000,16,5,5,GUROBI,1
1,Old,16,3262.607089,3280.711899,3279.826561,12468.666082,12662.000000,12662.000000,8.554315,9.266861,8.554315,9.270694,1,3155,3600.000000,16,5,0,GUROBI,1
2,Old,16,-2376.079241,-2359.434937,-2361.159636,1618.880499,1621.992405,1622.000000,7.613230,8.270142,7.613230,8.514455,19,2616,3600.000000,16,9,0,GUROBI,1
4,Old,16,-66572.432911,-66571.278481,-66571.278481,-64672.970856,-64563.000000,-64563.000000,8.257481,8.934617,10.028802,10.029036,114,2694,3600.000000,16,15,0,GUROBI,1
5,Old,16,-24532.346835,-24530.972152,-24530.972152,-22504.273248,-22500.000000,-22500.000000,7.937658,8.378510,8.501450,8.503772,16,1591,3600.000000,16,11,0,GUROBI,1
