instanceIndex,vpcGenerator,terms,lpBound,disjunctiveDualBound,lpBoundPostVpc,rootDualBound,dualBound,primalBound,vpcGenerationTime,rootDualBoundTime,bestSolutionTime,terminationTime,nodes,iterations,maxTime,actualTerms,numCuts,cutLimit,mipSolver,providePrimalBound,infeasibleTerms,feasibleToInfeasibleTerms,infeasibleToFeasibleTerms
0,None,16,5678.607089,5678.607089,5678.607089,15066.254177,15078.000000,15078.000000,0.000020,0.876258,0.000020,0.879793,1,3945,3600.000000,0,0,0,GUROBI,1,0,0,0
1,None,16,3262.607089,3262.607089,3262.607089,12443.358987,12662.000000,12662.000000,0.000002,0.909974,0.000002,0.916407,1,4060,3600.000000,0,0,0,GUROBI,1,0,0,0
2,None,16,-2376.079241,-2376.079241,-2376.079241,1618.406540,1622.000000,1622.000000,0.000003,0.601578,0.963738,0.967931,26,2445,3600.000000,0,0,0,GUROBI,1,0,0,0
3,None,16,-15124.085063,-15124.085063,-15124.085063,-11371.255586,-11318.000000,-11318.000000,0.000002,1.179413,1.518786,1.521248,34,3037,3600.000000,0,0,0,GUROBI,1,0,0,0
4,None,16,-66572.432911,-66572.432911,-66572.432911,-64646.109807,-64563.000000,-64563.000000,0.000002,0.917840,2.707044,2.723302,140,3277,3600.000000,0,0,0,GUROBI,1,0,0,0
5,None,16,-24532.346835,-24532.346835,-24532.346835,-22504.273258,-22500.000000,-22500.000000,0.000003,0.420476,0.526389,0.528670,16,1500,3600.000000,0,0,0,GUROBI,1,0,0,0
