instanceIndex,vpcGenerator,terms,lpBound,disjunctiveDualBound,lpBoundPostVpc,rootDualBound,dualBound,primalBound,vpcGenerationTime,rootDualBoundTime,bestSolutionTime,terminationTime,nodes,iterations,maxTime,actualTerms,numCuts,cutLimit,mipSolver,providePrimalBound
0,New,64,5678.607089,5762.455696,5735.234377,15067.676222,15078.000000,15078.000000,52.325966,53.257296,52.325966,53.260673,1,4002,3600.000000,64,5,5,GUROBI,1
1,Farkas,64,3262.607089,3346.455696,3262.607089,12561.870382,12662.000000,12662.000000,1.115464,2.004041,1.115464,2.009322,1,3385,3600.000000,64,5,0,GUROBI,1
2,Farkas,64,-2376.079241,-2340.372911,-2376.079241,1617.614684,1622.000000,1622.000000,1.108752,1.622082,1.108752,2.070499,38,2318,3600.000000,64,5,0,GUROBI,1
3,Farkas,64,-15124.085063,-15124.085063,-15124.085063,-11419.825393,-11318.498994,-11318.000000,1.201514,2.251168,3.537203,3.537442,112,4000,3600.000000,64,5,0,GUROBI,1
4,Farkas,64,-66572.432911,-66571.278481,-66572.432911,-64672.970856,-64563.000000,-64563.000000,1.373170,2.041614,3.137636,3.137865,114,2757,3600.000000,64,5,0,GUROBI,1
5,Farkas,64,-24532.346835,-24530.972152,-24532.346835,-22504.273258,-22500.000000,-22500.000000,1.262027,1.683135,1.784676,1.786849,16,1482,3600.000000,64,5,0,GUROBI,1
