instanceIndex,vpcGenerator,terms,lpBound,disjunctiveDualBound,lpBoundPostVpc,rootDualBound,dualBound,primalBound,vpcGenerationTime,rootDualBoundTime,bestSolutionTime,terminationTime,nodes,iterations,maxTime,actualTerms,numCuts,cutLimit,mipSolver,providePrimalBound,infeasibleTerms,feasibleToInfeasibleTerms,infeasibleToFeasibleTerms
0,None,64,-16646.586017,-16646.586017,-16646.586017,-14367.516589,-14340.779362,-14339.353447,0.000014,1.058454,52.581189,52.581422,5754,209047,3600.000000,0,0,0,GUROBI,1,0,0,0
1,None,64,-16711.736205,-16711.736205,-16711.736205,-14396.664874,-14372.348063,-14371.351607,0.000003,1.148785,94.512064,94.512290,12236,431812,3600.000000,0,0,0,GUROBI,1,0,0,0
2,None,64,-16653.350404,-16653.350404,-16653.350404,-14387.890761,-14359.665496,-14358.732696,0.000003,1.062648,125.250251,125.252538,13966,456357,3600.000000,0,0,0,GUROBI,1,0,0,0
3,None,64,-16663.437186,-16663.437186,-16663.437186,-14379.806482,-14353.737223,-14352.303002,0.000003,0.962183,58.237078,61.292786,7503,242578,3600.000000,0,0,0,GUROBI,1,0,0,0
4,None,64,-16665.934554,-16665.934554,-16665.934554,-14366.578545,-14338.819764,-14337.392193,0.000003,1.087105,60.857491,63.922329,8974,252432,3600.000000,0,0,0,GUROBI,1,0,0,0
