instanceIndex,vpcGenerator,terms,lpBound,disjunctiveDualBound,lpBoundPostVpc,rootDualBound,dualBound,primalBound,vpcGenerationTime,rootDualBoundTime,bestSolutionTime,terminationTime,nodes,iterations,maxTime,actualTerms,numCuts,cutLimit,mipSolver,providePrimalBound,infeasibleTerms,feasibleToInfeasibleTerms,infeasibleToFeasibleTerms
0,New,16,-16646.586017,-16546.539191,-16628.204989,-14367.438067,-14340.765565,-14339.353447,9.295219,10.329232,112.793696,116.010134,17792,508204,3600.000000,16,4,88,GUROBI,1,0,0,0
1,Old,16,-16639.176249,-16540.385428,-16621.913827,-14366.072494,-14343.790055,-14342.356273,8.315920,9.236373,391.918348,414.739966,42822,1458767,3600.000000,16,4,0,GUROBI,1,0,0,0
2,Old,16,-16648.588021,-16547.994934,-16638.352233,-14366.708297,-14348.071889,-14346.637816,8.048532,9.020726,196.842116,196.842354,20752,717756,3600.000000,16,3,0,GUROBI,1,0,0,0
3,Old,16,-16655.114591,-16553.443723,-16647.897461,-14371.744811,-14354.040131,-14353.891863,8.071319,9.252080,85.882661,119.752174,10715,393378,3600.000000,16,2,0,GUROBI,1,0,0,0
4,Old,16,-16644.143861,-16545.081264,-16626.949904,-14371.341799,-14356.870464,-14355.445184,8.388053,9.455992,132.081597,146.260968,13386,489917,3600.000000,16,3,0,GUROBI,1,0,0,0
