instanceIndex,vpcGenerator,terms,lpBound,disjunctiveDualBound,lpBoundPostVpc,rootDualBound,dualBound,primalBound,vpcGenerationTime,rootDualBoundTime,bestSolutionTime,terminationTime,nodes,iterations,maxTime,actualTerms,numCuts,cutLimit,mipSolver,providePrimalBound,infeasibleTerms,feasibleToInfeasibleTerms,infeasibleToFeasibleTerms
0,None,4,-16646.586017,-16646.586017,-16646.586017,-14367.516589,-14340.779362,-14339.353447,0.000003,1.036412,52.490532,52.490766,5754,209047,3600.000000,0,0,0,GUROBI,1,0,0,0
1,None,4,-16711.736205,-16711.736205,-16711.736205,-14396.664874,-14372.348063,-14371.351607,0.000002,1.125484,96.528123,96.528366,12236,431812,3600.000000,0,0,0,GUROBI,1,0,0,0
2,None,4,-16653.350404,-16653.350404,-16653.350404,-14387.890761,-14359.665496,-14358.732696,0.000003,1.076306,126.029684,126.031981,13966,456357,3600.000000,0,0,0,GUROBI,1,0,0,0
3,None,4,-16663.437186,-16663.437186,-16663.437186,-14379.806482,-14353.737223,-14352.303002,0.000003,0.955707,57.438271,60.476566,7503,242578,3600.000000,0,0,0,GUROBI,1,0,0,0
4,None,4,-16665.934554,-16665.934554,-16665.934554,-14366.578545,-14338.819764,-14337.392193,0.000003,1.092377,61.095409,64.241983,8974,252432,3600.000000,0,0,0,GUROBI,1,0,0,0
