instanceIndex,vpcGenerator,terms,lpBound,disjunctiveDualBound,lpBoundPostVpc,rootDualBound,dualBound,primalBound,vpcGenerationTime,rootDualBoundTime,bestSolutionTime,terminationTime,nodes,iterations,maxTime,actualTerms,numCuts,cutLimit,mipSolver,providePrimalBound,infeasibleTerms,feasibleToInfeasibleTerms,infeasibleToFeasibleTerms
0,New,64,-11824.657382,-11535.368027,-11800.213600,-9169.857186,-8675.208947,-8674.342607,39.595404,40.159573,53.967972,54.974927,2033,76357,3600.000000,64,2,93,GUROBI,1,0,0,0
1,Old,64,-12026.766796,-11726.800099,-12021.957130,-9526.422945,-9346.952872,-9346.716090,29.533183,29.993456,30.855242,30.855735,99,4778,3600.000000,64,3,0,GUROBI,1,20,20,0
2,Old,64,-11979.862130,-11704.054480,-11964.118788,-9577.600454,-9462.098215,-9461.263674,38.747033,39.250334,45.940073,46.448171,767,28531,3600.000000,64,3,0,GUROBI,1,0,0,0
3,Old,64,-11939.374084,-11653.799437,-11915.939326,-9443.541709,-9180.387143,-9179.877289,38.749268,39.251387,54.523436,54.523658,1121,61112,3600.000000,64,2,0,GUROBI,1,0,0,0
4,Old,64,-12230.423917,-11980.059081,-12206.491948,-10036.036944,-9969.755380,-9969.568302,39.794687,40.344419,40.717186,40.940232,80,4402,3600.000000,64,2,0,GUROBI,1,0,0,0
