instanceIndex,vpcGenerator,terms,lpBound,disjunctiveDualBound,lpBoundPostVpc,rootDualBound,dualBound,primalBound,vpcGenerationTime,rootDualBoundTime,bestSolutionTime,terminationTime,nodes,iterations,maxTime,actualTerms,numCuts,cutLimit,mipSolver,providePrimalBound,infeasibleTerms,feasibleToInfeasibleTerms,infeasibleToFeasibleTerms
0,New,4,-11824.657382,-11707.630837,-11816.289733,-9169.857186,-8675.208947,-8674.342607,2.218906,2.784709,16.483505,17.491750,2033,76357,3600.000000,4,2,93,GUROBI,1,0,0,0
1,Farkas,4,-11823.249033,-11706.281318,-11814.984969,-8541.814647,-8386.421627,-8385.681874,0.043255,0.589410,9.275175,9.651425,798,35918,3600.000000,4,2,0,GUROBI,1,2,2,0
2,Farkas,4,-11823.857113,-11706.848541,-11815.489464,-8648.580581,-8476.273456,-8475.430039,0.033685,0.597598,10.673155,10.706486,1485,44635,3600.000000,4,2,0,GUROBI,1,0,0,0
3,Farkas,4,-11823.554147,-11706.515936,-11815.186498,-8826.348015,-8660.542962,-8659.694975,0.033564,0.585838,12.927392,20.837954,2892,97339,3600.000000,4,2,0,GUROBI,1,0,0,0
4,Farkas,4,-11825.002347,-11708.045107,-11816.738283,-8805.561785,-8575.081279,-8574.407076,0.043110,0.519010,9.491262,9.606736,855,34216,3600.000000,4,2,0,GUROBI,1,2,2,0
