instanceIndex,vpcGenerator,terms,lpBound,disjunctiveDualBound,lpBoundPostVpc,rootDualBound,dualBound,primalBound,vpcGenerationTime,rootDualBoundTime,bestSolutionTime,terminationTime,nodes,iterations,maxTime,actualTerms,numCuts,cutLimit,mipSolver,providePrimalBound
0,New,4,-11824.657382,-11707.630837,-11816.289733,-9169.857186,-8675.208947,-8674.342607,2.456225,3.018559,16.628606,17.621089,2033,76357,3600.000000,4,2,93,GUROBI,1
1,Old,4,-11823.249033,-11706.281318,-11793.202203,-8541.814647,-8386.421627,-8385.681874,1.184633,1.720213,10.346186,10.718800,798,35918,3600.000000,4,2,0,GUROBI,1
2,Old,4,-11823.857113,-11706.848541,-11815.092730,-8648.580581,-8476.273456,-8475.430039,2.190843,2.760478,12.716284,12.748768,1485,44635,3600.000000,4,2,0,GUROBI,1
3,Old,4,-11823.554147,-11706.515936,-11812.474999,-8826.348015,-8660.542962,-8659.694975,2.211342,2.746815,14.961767,22.715160,2892,97339,3600.000000,4,2,0,GUROBI,1
4,Old,4,-11825.002347,-11708.045107,-11794.960445,-8805.561785,-8575.081279,-8574.407076,1.204948,1.693077,10.591280,10.705141,855,34216,3600.000000,4,2,0,GUROBI,1
