instanceIndex,vpcGenerator,terms,lpBound,disjunctiveDualBound,lpBoundPostVpc,rootDualBound,dualBound,primalBound,vpcGenerationTime,rootDualBoundTime,bestSolutionTime,terminationTime,nodes,iterations,maxTime,actualTerms,numCuts,cutLimit,mipSolver,providePrimalBound,infeasibleTerms,feasibleToInfeasibleTerms,infeasibleToFeasibleTerms
0,None,4,-10000.000000,-10000.000000,-10000.000000,-10000.000000,-9000.000000,-9000.000000,0.000003,0.071072,0.136366,0.160884,32,431,3600.000000,0,0,0,GUROBI,1,0,0,0
1,None,4,-9992.000000,-9992.000000,-9992.000000,-9992.000000,-8996.111111,-8996.000000,0.000003,0.109647,0.319890,64.131823,221382,866785,3600.000000,0,0,0,GUROBI,1,0,0,0
2,None,4,-10184.555556,-10184.555556,-10184.555556,-10171.830230,-9174.875000,-9174.000000,0.000002,0.315752,90.378538,573.454595,495500,3596218,3600.000000,0,0,0,GUROBI,1,0,0,0
3,None,4,-9999.000000,-9999.000000,-9999.000000,-9999.000000,-9003.000000,-9003.000000,0.000003,0.098030,0.646764,2.728813,5102,39252,3600.000000,0,0,0,GUROBI,1,0,0,0
4,None,4,-9997.333333,-9997.333333,-9997.333333,-9978.717671,-8998.529412,-8998.000000,0.000003,0.484659,52.223413,432.752857,529726,3176743,3600.000000,0,0,0,GUROBI,1,0,0,0
5,None,4,-10269.555556,-10269.555556,-10269.555556,-10252.957266,-10073.777778,-9255.000000,0.000002,0.299285,3600.001832,3600.001992,2282162,18167966,3600.000000,0,0,0,GUROBI,1,0,0,0
