instanceIndex,vpcGenerator,terms,lpBound,disjunctiveDualBound,lpBoundPostVpc,rootDualBound,dualBound,primalBound,vpcGenerationTime,rootDualBoundTime,bestSolutionTime,terminationTime,nodes,iterations,maxTime,actualTerms,numCuts,cutLimit,mipSolver,providePrimalBound
0,New,16,8026.000000,8026.000000,8026.000000,8124.000000,8124.000000,8124.000000,1265.808711,1267.132934,1265.808711,1267.315079,1,5044,3600.000000,172,300,1300,GUROBI,1
1,New,16,8324.244511,8325.388622,8324.244511,8439.169631,8441.000000,8440.999993,770.930177,774.275085,774.562553,774.563363,14,6416,3600.000000,275,79,1378,GUROBI,1
2,New,16,7674.011233,7674.619546,7674.011233,7786.645040,7788.000000,7788.000000,66.346566,67.989353,66.346566,68.051933,1,4824,3600.000000,241,1,1252,GUROBI,1
3,New,16,7774.469187,7775.031687,7774.969187,7886.281753,7888.000000,7888.000000,1510.477162,1512.278350,1510.477162,1512.387497,1,5102,3600.000000,421,121,1427,GUROBI,1
4,New,16,7692.371013,7694.555562,7692.371013,7804.074309,7806.000000,7806.000000,591.209093,594.308667,594.848692,594.849493,42,6800,3600.000000,244,75,1379,GUROBI,1
