instanceIndex,vpcGenerator,terms,lpBound,disjunctiveDualBound,lpBoundPostVpc,rootDualBound,dualBound,primalBound,vpcGenerationTime,rootDualBoundTime,bestSolutionTime,terminationTime,nodes,iterations,maxTime,actualTerms,numCuts,cutLimit,mipSolver,providePrimalBound,infeasibleTerms,feasibleToInfeasibleTerms,infeasibleToFeasibleTerms
0,None,64,0.000000,0.000000,0.000000,0.000000,10.998910,11.000000,0.000021,0.144401,86.690068,86.690225,249346,2099776,3600.000000,0,0,0,GUROBI,1,0,0,0
1,None,64,2.000000,2.000000,2.000000,2.000000,12.000000,12.000000,0.000004,0.137100,95.370963,95.371098,233459,2027998,3600.000000,0,0,0,GUROBI,1,0,0,0
2,None,64,2.000000,2.000000,2.000000,2.000000,11.998952,12.000000,0.000004,0.187777,60.294181,186.701529,444661,3900404,3600.000000,0,0,0,GUROBI,1,0,0,0
3,None,64,4.000000,4.000000,4.000000,4.000000,11.999243,12.000000,0.000003,0.095482,10.906113,92.845562,200931,1828523,3600.000000,0,0,0,GUROBI,1,0,0,0
4,None,64,2.000000,2.000000,2.000000,2.000000,10.998922,11.000000,0.000004,0.178228,72.144854,72.145512,165660,1494087,3600.000000,0,0,0,GUROBI,1,0,0,0
5,None,64,3.000000,3.000000,3.000000,3.000000,10.998969,11.000000,0.000004,0.109003,63.994246,138.102073,316976,2779877,3600.000000,0,0,0,GUROBI,1,0,0,0
