instanceIndex,vpcGenerator,terms,lpBound,disjunctiveDualBound,lpBoundPostVpc,rootDualBound,dualBound,primalBound,vpcGenerationTime,rootDualBoundTime,bestSolutionTime,terminationTime,nodes,iterations,maxTime,actualTerms,numCuts,cutLimit,mipSolver,providePrimalBound
0,New,4,-78.073128,-77.243722,-77.511287,-72.971486,-62.000000,-62.000000,2.032364,11.187809,1084.962396,1084.967155,316221,5265958,3600.000000,25,36,44,GUROBI,1
1,Old,4,-78.073128,-77.243722,-77.515464,-73.398057,-62.000000,-62.000000,1.005153,7.659622,760.954929,760.963992,193962,3457898,3600.000000,25,38,0,GUROBI,1
2,Old,4,-78.201256,-77.380083,-77.596249,-73.560119,-62.000000,-62.000000,0.942281,7.081007,866.719252,866.726254,200696,3214545,3600.000000,25,32,0,GUROBI,1
3,Old,4,-78.073128,-77.243722,-77.497203,-73.157797,-62.000000,-62.000000,0.963692,9.026488,704.346906,704.354939,174469,3126009,3600.000000,25,35,0,GUROBI,1
4,Old,4,-78.140518,-77.316812,-77.563314,-73.226617,-62.000000,-62.000000,0.868034,9.760453,747.120477,747.129117,195636,3376501,3600.000000,25,23,0,GUROBI,1
