instanceIndex,vpcGenerator,terms,lpBound,disjunctiveDualBound,lpBoundPostVpc,rootDualBound,dualBound,primalBound,vpcGenerationTime,rootDualBoundTime,bestSolutionTime,terminationTime,nodes,iterations,maxTime,actualTerms,numCuts,cutLimit,mipSolver,providePrimalBound,infeasibleTerms,feasibleToInfeasibleTerms,infeasibleToFeasibleTerms
0,New,64,-78.073128,-76.354709,-76.383176,-73.247123,-62.000000,-62.000000,10.278609,18.535140,1252.302479,1252.309449,320874,5856344,3600.000000,70,44,44,GUROBI,1,62,0,0
1,New,64,-77.801163,-75.462581,-77.401576,-72.400402,-62.000000,-62.000000,8.728012,17.701089,807.647733,807.659688,212338,3816155,3600.000000,76,25,44,GUROBI,1,68,0,0
2,New,64,-78.073128,-76.088660,-76.618164,-73.383466,-62.000000,-62.000000,9.185090,16.350614,1247.401928,1247.486379,331769,6180751,3600.000000,68,44,44,GUROBI,1,60,0,0
3,New,64,-78.073128,-77.073128,-77.074457,-73.201962,-61.000000,-61.000000,9.004390,16.290109,241.995084,723.058004,167607,3312400,3600.000000,65,44,44,GUROBI,1,56,0,0
4,New,64,-78.193629,-76.475210,-76.770505,-73.447033,-61.000000,-61.000000,5.524206,12.549885,42.922927,537.918097,136731,2645986,3600.000000,72,19,44,GUROBI,1,64,0,0
