instanceIndex,vpcGenerator,terms,lpBound,disjunctiveDualBound,lpBoundPostVpc,rootDualBound,dualBound,primalBound,vpcGenerationTime,rootDualBoundTime,bestSolutionTime,terminationTime,nodes,iterations,maxTime,actualTerms,numCuts,cutLimit,mipSolver,providePrimalBound
0,None,16,332.566010,332.566010,332.566010,332.900319,340.000000,340.000000,0.000041,61.598123,75.167461,85.465614,7,58263,3600.000000,0,0,0,GUROBI,1
1,None,16,390.000000,390.000000,390.000000,390.000000,390.000000,390.000000,0.000003,0.000003,0.000003,1.237851,1,3324,3600.000000,0,0,0,GUROBI,1
2,None,16,400.000000,400.000000,400.000000,400.000000,400.000000,400.000000,0.000003,0.000003,0.000003,0.324119,1,1477,3600.000000,0,0,0,GUROBI,1
