instanceIndex,vpcGenerator,terms,lpBound,disjunctiveDualBound,lpBoundPostVpc,rootDualBound,dualBound,primalBound,vpcGenerationTime,rootDualBoundTime,bestSolutionTime,terminationTime,nodes,iterations,maxTime,actualTerms,numCuts,cutLimit,mipSolver,providePrimalBound,infeasibleTerms,feasibleToInfeasibleTerms,infeasibleToFeasibleTerms
0,None,4,332.566010,332.566010,332.566010,332.900319,340.000000,340.000000,0.000049,55.188778,70.533769,81.568253,7,58263,3600.000000,0,0,0,GUROBI,1,0,0,0
1,None,4,390.000000,390.000000,390.000000,390.000000,390.000000,390.000000,0.000002,0.000002,0.000002,1.101650,1,3324,3600.000000,0,0,0,GUROBI,1,0,0,0
2,None,4,400.000000,400.000000,400.000000,400.000000,400.000000,400.000000,0.000002,0.000002,0.000002,0.325988,1,1477,3600.000000,0,0,0,GUROBI,1,0,0,0
