instanceIndex,vpcGenerator,terms,lpBound,disjunctiveDualBound,lpBoundPostVpc,rootDualBound,dualBound,primalBound,vpcGenerationTime,rootDualBoundTime,bestSolutionTime,terminationTime,nodes,iterations,maxTime,actualTerms,numCuts,cutLimit,mipSolver,providePrimalBound
0,New,4,12907.779167,13557.342500,13453.620591,15409.731309,16029.692681,16029.692681,2.245103,2.663112,2.844519,2.926880,79,4395,3600.000000,4,10,10,GUROBI,1
1,Farkas,4,13415.826389,13719.438956,13633.650206,15942.682460,16379.972000,16379.972000,0.035171,0.670180,0.736400,0.736572,21,2858,3600.000000,4,10,0,GUROBI,1
2,Farkas,4,12827.552500,13263.130000,13112.311631,15866.756186,16029.692681,16029.692681,0.035500,0.468672,0.498123,0.511943,20,2068,3600.000000,4,10,0,GUROBI,1
3,Farkas,4,12870.184206,13520.242540,13330.702105,15742.746237,16033.692681,16033.692681,0.031342,0.583135,0.689335,0.699539,22,2435,3600.000000,4,10,0,GUROBI,1
4,Farkas,4,13619.040500,13881.923833,13871.402896,16072.381302,16671.032000,16671.032000,0.030461,0.548440,0.753155,0.767046,69,4223,3600.000000,4,10,0,GUROBI,1
