instanceIndex,vpcGenerator,terms,lpBound,disjunctiveDualBound,lpBoundPostVpc,rootDualBound,dualBound,primalBound,vpcGenerationTime,rootDualBoundTime,bestSolutionTime,terminationTime,nodes,iterations,maxTime,actualTerms,numCuts,cutLimit,mipSolver,providePrimalBound
0,New,4,12907.779167,13557.342500,13453.620591,15409.731309,16029.692681,16029.692681,1.135356,2.064536,2.476181,2.751909,79,4395,3600.000000,4,10,10,GUROBI,1
1,Farkas,4,13415.826389,13719.438956,13633.650206,15942.682460,16379.972000,16379.972000,0.035033,1.416216,1.560740,1.560918,21,2858,3600.000000,4,10,0,GUROBI,1
2,Farkas,4,12827.552500,13263.130000,13112.311631,15866.756186,16029.692681,16029.692681,0.036944,1.039732,1.108365,1.137489,20,2068,3600.000000,4,10,0,GUROBI,1
3,Farkas,4,12870.184206,13520.242540,13330.702105,15742.746237,16033.692681,16033.692681,0.031465,1.459889,1.689384,1.712727,22,2435,3600.000000,4,10,0,GUROBI,1
4,Farkas,4,13619.040500,13881.923833,13871.402896,16072.381302,16671.032000,16671.032000,0.032427,1.221375,1.741737,1.768749,69,4223,3600.000000,4,10,0,GUROBI,1
