instanceIndex,vpcGenerator,terms,lpBound,disjunctiveDualBound,lpBoundPostVpc,rootDualBound,dualBound,primalBound,vpcGenerationTime,rootDualBoundTime,bestSolutionTime,terminationTime,nodes,iterations,maxTime,actualTerms,numCuts,cutLimit,mipSolver,providePrimalBound,infeasibleTerms,feasibleToInfeasibleTerms,infeasibleToFeasibleTerms
0,New,16,14274.102667,14320.402490,14279.925795,15608.943842,16029.692681,16029.692681,26.431240,27.106035,27.412761,27.419372,34,3367,3600.000000,21,47,47,GUROBI,1,10,0,0
1,Farkas,16,14258.054250,14297.359251,14264.314525,15229.668778,16034.809348,16034.892681,0.428857,1.251012,1.449033,1.670187,98,5010,3600.000000,21,47,0,GUROBI,1,10,0,0
2,Farkas,16,14294.705152,14339.395800,14300.277815,15638.443282,16022.992681,16023.992681,0.416821,1.331637,1.454201,1.454386,36,3370,3600.000000,21,47,0,GUROBI,1,10,0,0
3,Farkas,16,14321.450944,14363.236355,14325.863877,15407.489819,16030.892681,16030.892681,0.436147,1.420576,1.696468,1.709256,58,4549,3600.000000,21,47,0,GUROBI,1,10,0,0
4,Farkas,16,14268.029356,14311.460490,14273.667213,15676.481036,16009.092681,16009.092681,0.418305,1.304430,1.479604,1.481996,48,3561,3600.000000,21,47,0,GUROBI,1,10,0,0
