instanceIndex,vpcGenerator,terms,lpBound,disjunctiveDualBound,lpBoundPostVpc,rootDualBound,dualBound,primalBound,vpcGenerationTime,rootDualBoundTime,bestSolutionTime,terminationTime,nodes,iterations,maxTime,actualTerms,numCuts,cutLimit,mipSolver,providePrimalBound,infeasibleTerms,feasibleToInfeasibleTerms,infeasibleToFeasibleTerms
0,New,16,14274.102667,14320.402490,14279.925795,15608.943842,16029.692681,16029.692681,26.370804,27.025797,27.331936,27.338541,34,3367,3600.000000,21,47,47,GUROBI,1,10,0,0
1,New,16,14263.519460,14665.348718,14541.665808,15679.339946,16005.692681,16005.692681,23.592918,24.428852,24.486393,24.519117,21,2890,3600.000000,17,49,49,GUROBI,1,8,0,0
2,New,16,14274.658171,14689.128070,14602.794871,15715.403977,16032.692681,16032.692681,43.102065,44.089488,44.203007,44.203201,20,3629,3600.000000,17,50,50,GUROBI,1,7,0,0
3,New,16,14278.351546,14283.425865,14281.524687,15699.018360,16023.692681,16023.692681,15.353996,16.364419,16.593110,16.593327,49,3547,3600.000000,22,47,47,GUROBI,1,16,0,0
4,New,16,14274.582340,14689.978571,14505.957756,15785.878211,16025.692681,16025.692681,35.698884,36.559175,36.698759,36.722071,35,3624,3600.000000,20,54,54,GUROBI,1,7,0,0
5,New,16,14274.123536,14690.453279,14505.944472,15637.618424,16022.150046,16023.692681,21.003090,21.736593,21.836941,21.889538,31,2833,3600.000000,16,49,49,GUROBI,1,7,0,0
