instanceIndex,vpcGenerator,terms,lpBound,disjunctiveDualBound,lpBoundPostVpc,rootDualBound,dualBound,primalBound,vpcGenerationTime,rootDualBoundTime,bestSolutionTime,terminationTime,nodes,iterations,maxTime,actualTerms,numCuts,cutLimit,mipSolver,providePrimalBound
0,New,16,14274.102667,14320.402490,14282.097569,15722.543277,16029.692681,16029.692681,25.259395,25.993840,26.153769,26.164496,31,3174,3600.000000,21,47,47,GUROBI,1
1,Old,16,14664.331288,14699.591455,14688.318228,16384.047557,16554.675227,16554.675227,23.711995,24.897145,24.972491,24.972682,13,3846,3600.000000,21,40,0,GUROBI,1
2,Old,16,14240.680229,14279.557566,14278.756415,15303.899415,16079.882000,16079.882000,55.116189,55.824847,56.369163,56.372656,86,5579,3600.000000,21,53,0,GUROBI,1
3,Old,16,14279.298288,14322.633095,14318.188773,15854.464972,16029.692681,16029.692681,25.637750,26.251865,26.384549,26.384735,23,2664,3600.000000,21,46,0,GUROBI,1
4,Old,16,14088.322464,14175.751374,14175.751374,15609.249756,16062.152681,16062.152681,24.671940,25.698049,26.004056,26.004264,44,4467,3600.000000,21,46,0,GUROBI,1
