instanceIndex,vpcGenerator,terms,lpBound,disjunctiveDualBound,lpBoundPostVpc,rootDualBound,dualBound,primalBound,vpcGenerationTime,rootDualBoundTime,bestSolutionTime,terminationTime,nodes,iterations,maxTime,actualTerms,numCuts,cutLimit,mipSolver,providePrimalBound
0,New,16,14274.102667,14320.402490,14282.097569,15722.543277,16029.692681,16029.692681,25.436090,26.176033,26.337505,26.348367,31,3174,3600.000000,21,47,47,GUROBI,1
1,Farkas,16,14263.519460,14313.642388,14271.635338,15712.970719,16005.692681,16005.692681,0.444000,1.255831,1.374248,1.396504,42,3302,3600.000000,21,47,0,GUROBI,1
2,Farkas,16,14274.658171,14319.316448,14282.828238,15650.654950,16032.692681,16032.692681,0.440909,1.312656,1.499578,1.557659,53,3555,3600.000000,21,47,0,GUROBI,1
3,Farkas,16,14278.351546,14326.650472,14288.010835,15767.158357,16023.692681,16023.692681,0.436306,1.364998,1.534534,1.534719,34,3622,3600.000000,21,47,0,GUROBI,1
4,Farkas,16,14274.582340,14319.376378,14281.455632,15396.193641,16025.692681,16025.692681,0.428552,1.108697,1.299617,1.417168,64,4790,3600.000000,21,47,0,GUROBI,1
5,Farkas,16,14274.123536,14321.907362,14282.419511,15722.914403,16023.692681,16023.692681,0.430473,1.268438,1.362576,1.385817,41,3273,3600.000000,21,47,0,GUROBI,1
