instanceIndex,vpcGenerator,terms,lpBound,disjunctiveDualBound,lpBoundPostVpc,rootDualBound,dualBound,primalBound,vpcGenerationTime,rootDualBoundTime,bestSolutionTime,terminationTime,nodes,iterations,maxTime,actualTerms,numCuts,cutLimit,mipSolver,providePrimalBound,infeasibleTerms,feasibleToInfeasibleTerms,infeasibleToFeasibleTerms
0,New,16,575.020000,675.680000,647.571943,1595.851867,1652.857410,1653.000000,4.505363,5.108391,81.335332,82.703679,8688,591009,3600.000000,16,43,43,GUROBI,1,0,0,0
1,Old,16,534.277892,583.083691,581.964982,1571.837113,1653.835409,1654.000000,2.087247,2.670913,443.707203,505.221903,44570,3362703,3600.000000,16,48,0,GUROBI,1,0,0,0
2,Old,16,556.679706,631.735168,628.122238,1587.761033,1683.831709,1684.000000,1.966918,2.623301,2147.694878,2158.398496,150171,13164588,3600.000000,16,45,0,GUROBI,1,0,0,0
3,Old,16,512.615982,570.684351,562.172070,1495.473650,1595.559441,1617.500000,1.750978,2.352724,1523.876608,3601.756028,230172,15295923,3600.000000,16,46,0,GUROBI,1,0,0,0
4,Old,16,541.525182,610.391113,585.959281,1590.067571,1689.601957,1712.000000,2.852749,4.659229,2433.559363,3602.854045,136961,8191981,3600.000000,16,46,0,GUROBI,1,0,0,0
5,Old,16,544.343676,610.893486,590.255692,1563.918094,1648.508831,1648.666667,1.153286,1.960805,949.641340,949.641537,52117,3086867,3600.000000,16,9,0,GUROBI,1,0,0,0
