instanceIndex,vpcGenerator,terms,lpBound,disjunctiveDualBound,lpBoundPostVpc,rootDualBound,dualBound,primalBound,vpcGenerationTime,rootDualBoundTime,bestSolutionTime,terminationTime,nodes,iterations,maxTime,actualTerms,numCuts,cutLimit,mipSolver,providePrimalBound
0,New,64,575.020000,720.170000,664.544570,1595.851834,1652.875041,1653.000000,16.834013,17.507614,102.943464,104.216885,10002,512617,3600.000000,66,43,43,GUROBI,1
1,Old,64,482.112380,539.825467,502.825637,1431.079975,1513.744313,1543.000000,8.840343,9.458100,2315.365133,3608.841815,549454,27406359,3600.000000,66,45,0,GUROBI,1
2,Old,64,441.704608,502.003688,481.721428,1251.017558,1278.943214,1278.944444,14.363151,15.004345,29.862347,29.862460,1363,74573,3600.000000,66,42,0,GUROBI,1
3,Old,64,347.193668,374.460343,374.460343,1012.904626,1026.230097,1026.266944,3.934551,4.430077,4.795048,4.924898,206,4891,3600.000000,66,36,0,GUROBI,1
