instanceIndex,vpcGenerator,terms,lpBound,disjunctiveDualBound,lpBoundPostVpc,rootDualBound,dualBound,primalBound,vpcGenerationTime,rootDualBoundTime,bestSolutionTime,terminationTime,nodes,iterations,maxTime,actualTerms,numCuts,cutLimit,mipSolver,providePrimalBound
0,None,16,397.000000,397.000000,397.000000,397.000000,400.000000,400.000000,0.000002,0.715304,2.981929,3.051029,908,21798,3600.000000,0,0,0,GUROBI,1
1,None,16,396.937500,396.937500,396.937500,396.937500,399.937500,399.937500,0.000003,0.565040,3.291526,3.575355,1174,28324,3600.000000,0,0,0,GUROBI,1
2,None,16,407.562500,407.562500,407.562500,407.562500,410.562500,410.562500,0.000002,0.582502,2.277298,2.486751,709,24107,3600.000000,0,0,0,GUROBI,1
3,None,16,397.000000,397.000000,397.000000,397.000000,400.000000,400.000000,0.000003,0.660585,2.184940,2.748197,838,20346,3600.000000,0,0,0,GUROBI,1
4,None,16,396.937500,396.937500,396.937500,396.937500,399.937500,399.937500,0.000003,0.576611,5.023398,5.285001,1797,35533,3600.000000,0,0,0,GUROBI,1
5,None,16,397.000000,397.000000,397.000000,397.000000,400.000000,400.000000,0.000003,0.743020,2.763484,3.726982,1115,28460,3600.000000,0,0,0,GUROBI,1
6,None,16,398.125000,398.125000,398.125000,398.125000,401.125000,401.125000,0.000003,0.782741,3.037045,3.568683,879,30399,3600.000000,0,0,0,GUROBI,1
