instanceIndex,vpcGenerator,terms,lpBound,disjunctiveDualBound,lpBoundPostVpc,rootDualBound,dualBound,primalBound,vpcGenerationTime,rootDualBoundTime,bestSolutionTime,terminationTime,nodes,iterations,maxTime,actualTerms,numCuts,cutLimit,mipSolver,providePrimalBound
0,New,4,2691.439469,2738.395926,2738.395926,3046.191629,3251.680938,3252.000000,1.130655,1.401052,17.136449,19.161203,7745,183146,3600.000000,4,18,18,GUROBI,1
1,Farkas,4,2708.296947,2748.286883,2739.598883,3049.427680,3263.732292,3264.000000,0.014043,0.354178,32.298245,33.098949,12613,341741,3600.000000,4,18,0,GUROBI,1
2,Farkas,4,2688.562546,2744.510348,2743.332736,3034.987475,3258.733110,3259.000000,0.014359,0.263875,19.930701,19.930797,9576,229017,3600.000000,4,18,0,GUROBI,1
3,Farkas,4,2658.673535,2689.998626,2689.828162,3003.365070,3218.776271,3219.000000,0.012555,0.235293,12.438835,12.438941,4826,130306,3600.000000,4,18,0,GUROBI,1
4,Farkas,4,2686.439469,2726.646749,2726.453074,3028.703344,3262.675706,3263.000000,0.014105,0.234894,37.287643,37.287745,15107,357416,3600.000000,4,18,0,GUROBI,1
5,Farkas,4,2660.991728,2704.427550,2704.427550,3046.602930,3234.684121,3235.000000,0.012728,0.313964,27.380132,29.909694,11774,297243,3600.000000,4,18,0,GUROBI,1
