instanceIndex,vpcGenerator,terms,lpBound,disjunctiveDualBound,lpBoundPostVpc,rootDualBound,dualBound,primalBound,vpcGenerationTime,rootDualBoundTime,bestSolutionTime,terminationTime,nodes,iterations,maxTime,actualTerms,numCuts,cutLimit,mipSolver,providePrimalBound
0,New,4,3157.377442,3180.305873,3180.305873,3467.173472,3663.652295,3664.000000,1.583535,1.984451,52.211094,52.211215,12577,415176,3600.000000,4,13,17,GUROBI,1
1,Old,4,3039.567961,3061.795786,3058.122146,3472.697607,3737.725391,3738.000000,0.175854,0.541446,96.768988,100.817141,28023,910207,3600.000000,4,17,0,GUROBI,1
2,Old,4,3074.577292,3075.003313,3075.003313,3509.661920,3799.621099,3800.000000,0.137721,0.544509,463.530905,463.531066,107628,3835304,3600.000000,4,6,0,GUROBI,1
3,Old,4,2958.300612,2972.746709,2972.746709,3554.489373,3751.634233,3752.000000,0.194273,0.522071,113.527432,113.527562,28438,945519,3600.000000,4,21,0,GUROBI,1
4,Old,4,3015.448987,3040.790897,3033.407247,3524.648608,3755.807066,3756.000000,0.206047,0.547953,60.046386,60.046498,10425,399481,3600.000000,4,28,0,GUROBI,1
5,Old,4,3006.934853,3039.685794,3039.685794,3438.740397,3626.841755,3627.000000,0.205430,0.586062,18.135259,21.589260,7422,221932,3600.000000,4,22,0,GUROBI,1
