instanceIndex,vpcGenerator,terms,lpBound,disjunctiveDualBound,lpBoundPostVpc,rootDualBound,dualBound,primalBound,vpcGenerationTime,rootDualBoundTime,bestSolutionTime,terminationTime,nodes,iterations,maxTime,actualTerms,numCuts,cutLimit,mipSolver,providePrimalBound
0,New,64,2691.439469,2847.575183,2831.658774,3041.210149,3251.676774,3252.000000,5.222520,5.510848,34.758503,35.862821,12379,287609,3600.000000,64,18,18,GUROBI,1
1,Old,64,2691.439469,2847.575183,2838.123188,3046.191629,3251.679978,3252.000000,2.129781,2.432397,22.076392,24.224832,10066,250009,3600.000000,64,18,0,GUROBI,1
2,Old,64,2691.439469,2847.575183,2838.590139,3048.553310,3251.729886,3252.000000,1.982756,2.327530,15.075693,18.843680,6913,183053,3600.000000,64,18,0,GUROBI,1
3,Old,64,2691.439469,2847.575183,2834.362949,3036.754388,3296.679915,3297.000000,2.063505,2.302532,45.594340,48.823473,20832,535126,3600.000000,64,18,0,GUROBI,1
4,Old,64,2691.439469,2847.575183,2838.123188,3046.191629,3251.679978,3252.000000,2.119146,2.420531,22.157150,24.308874,10066,250009,3600.000000,64,18,0,GUROBI,1
5,Old,64,2691.439469,2847.575183,2838.123188,3046.191629,3251.679978,3252.000000,2.172676,2.474135,22.212933,24.355203,10066,250009,3600.000000,64,18,0,GUROBI,1
