instanceIndex,vpcGenerator,terms,lpBound,disjunctiveDualBound,lpBoundPostVpc,rootDualBound,dualBound,primalBound,vpcGenerationTime,rootDualBoundTime,bestSolutionTime,terminationTime,nodes,iterations,maxTime,actualTerms,numCuts,cutLimit,mipSolver,providePrimalBound,infeasibleTerms,feasibleToInfeasibleTerms,infeasibleToFeasibleTerms
0,New,64,2691.439469,2847.575183,2834.251233,3041.210149,3251.676774,3252.000000,4.314563,5.085520,71.971987,74.146221,12379,287609,3600.000000,64,18,18,GUROBI,1,0,0,0
1,Old,64,2776.563221,2853.897344,2852.316409,3146.331366,3251.721522,3252.000000,2.134168,2.862876,10.163576,10.729823,1332,33166,3600.000000,64,18,0,GUROBI,1,0,0,0
2,Old,64,2637.198288,2773.360894,2762.867478,3088.434606,3251.719536,3252.000000,2.332507,2.891774,31.642409,31.642499,6255,143888,3600.000000,64,18,0,GUROBI,1,0,0,0
3,Old,64,2605.179029,2685.398290,2681.222953,3089.851383,3302.686397,3303.000000,2.473459,3.361627,68.685761,70.265523,12531,329484,3600.000000,64,19,0,GUROBI,1,0,0,0
4,Old,64,2849.758516,2959.890172,2949.719543,3240.459500,3454.808254,3455.000000,2.156873,2.536785,11.278694,32.917122,4986,135806,3600.000000,64,20,0,GUROBI,1,0,0,0
