instanceIndex,vpcGenerator,terms,lpBound,disjunctiveDualBound,lpBoundPostVpc,rootDualBound,dualBound,primalBound,vpcGenerationTime,rootDualBoundTime,bestSolutionTime,terminationTime,nodes,iterations,maxTime,actualTerms,numCuts,cutLimit,mipSolver,providePrimalBound
0,New,4,2691.439469,2738.395926,2738.395926,3046.191629,3251.680938,3252.000000,0.555029,1.336542,36.393388,41.837035,7745,183146,3600.000000,4,18,18,GUROBI,1
1,Farkas,4,2776.563221,2801.031785,2787.463730,3142.243963,3252.000000,3252.000000,0.011571,0.732743,7.362437,7.600924,1100,26564,3600.000000,4,18,0,GUROBI,1
2,Farkas,4,2637.198288,2679.215802,2673.421783,3088.434606,3251.732350,3252.000000,0.010938,0.334140,31.185330,32.084148,6242,137847,3600.000000,4,18,0,GUROBI,1
3,Farkas,4,2605.179029,2673.788354,2605.744488,3089.851383,3302.740973,3303.000000,0.011385,0.866546,43.127440,49.059630,10998,282964,3600.000000,4,18,0,GUROBI,1
4,Farkas,4,2849.758516,2881.731136,2868.074730,3245.362284,3454.682484,3455.000000,0.011896,0.804390,53.533416,58.807882,11741,311161,3600.000000,4,18,0,GUROBI,1
