instanceIndex,vpcGenerator,terms,lpBound,disjunctiveDualBound,lpBoundPostVpc,rootDualBound,dualBound,primalBound,vpcGenerationTime,rootDualBoundTime,bestSolutionTime,terminationTime,nodes,iterations,maxTime,actualTerms,numCuts,cutLimit,mipSolver,providePrimalBound,infeasibleTerms,feasibleToInfeasibleTerms,infeasibleToFeasibleTerms
0,New,16,3157.377442,3237.735460,3232.946891,3471.875233,3663.657164,3664.000000,2.278975,2.732485,85.337334,86.556107,19168,599861,3600.000000,16,17,17,GUROBI,1,0,0,0
1,Farkas,16,3039.567961,3074.899818,3050.673360,3463.726440,3737.632575,3738.000000,0.066765,0.373169,153.139167,161.322048,45248,1393041,3600.000000,16,17,0,GUROBI,1,0,0,0
2,Farkas,16,3074.577292,3078.803313,3074.577292,3509.661920,3799.621099,3800.000000,0.069767,0.482970,469.400103,469.400288,107628,3835304,3600.000000,16,17,0,GUROBI,1,0,0,0
3,Farkas,16,2958.300612,3015.021874,2977.132158,3553.035662,3751.647314,3752.000000,0.065601,0.404239,123.532386,130.295979,31040,1084022,3600.000000,16,17,0,GUROBI,1,0,0,0
4,Farkas,16,3015.448987,3054.934231,3024.252041,3521.620468,3755.626340,3756.000000,0.063670,0.367856,72.936381,76.777586,18616,673437,3600.000000,16,17,0,GUROBI,1,0,0,0
5,Farkas,16,3006.934853,3107.941613,3025.478511,3431.258340,3626.648099,3627.000000,0.065798,0.375647,8.963104,11.056549,3442,103060,3600.000000,16,17,0,GUROBI,1,0,0,0
