instanceIndex,vpcGenerator,terms,lpBound,disjunctiveDualBound,lpBoundPostVpc,rootDualBound,dualBound,primalBound,vpcGenerationTime,rootDualBoundTime,bestSolutionTime,terminationTime,nodes,iterations,maxTime,actualTerms,numCuts,cutLimit,mipSolver,providePrimalBound
0,New,16,3444.421066,3457.979887,3457.004390,3468.133897,3683.505454,3712.000000,2545.930568,2550.562361,4460.588973,6145.932493,483737,22224065,3600.000000,16,86,86,GUROBI,1
1,New,16,3166.631434,3195.330310,3193.703254,3275.936320,3495.651686,3496.000000,47.608435,49.925326,1068.052976,1122.865125,124182,6500189,3600.000000,16,48,48,GUROBI,1
2,New,16,3300.566597,3330.718055,3327.548141,3372.357480,3616.638517,3617.000000,896.025997,897.934110,3907.341978,3971.101845,415449,19039157,3600.000000,16,59,59,GUROBI,1
3,New,16,3299.316976,3328.366334,3324.041878,3430.819803,3688.631872,3689.000000,56.498051,58.122851,1268.633660,2195.620713,257314,12313756,3600.000000,16,51,52,GUROBI,1
4,New,16,2969.513751,3057.788928,3045.393491,3165.395929,3379.664839,3379.999990,174.599372,176.682103,435.420967,455.258318,33716,1619771,3600.000000,16,45,46,GUROBI,1
5,New,16,3170.243553,3230.299146,3221.223333,3298.691079,3588.641547,3589.000001,67.591758,70.011278,2345.384826,3189.053972,333415,17239012,3600.000000,16,53,53,GUROBI,1
