instanceIndex,vpcGenerator,terms,lpBound,disjunctiveDualBound,lpBoundPostVpc,rootDualBound,dualBound,primalBound,vpcGenerationTime,rootDualBoundTime,bestSolutionTime,terminationTime,nodes,iterations,maxTime,actualTerms,numCuts,cutLimit,mipSolver,providePrimalBound
0,New,4,3016.944354,3039.887855,3039.887855,3390.195290,3711.629275,3712.000000,0.356318,0.892304,2801.804339,3510.013273,653121,27226242,3600.000000,4,18,18,GUROBI,1
1,New,4,3010.420545,3033.594781,3033.594781,3381.925320,3695.630617,3696.000000,0.340140,0.935683,2458.848308,2647.129925,485667,20769593,3600.000000,4,17,17,GUROBI,1
2,New,4,2997.996151,3009.284388,3002.549547,3392.596680,3675.633166,3676.000000,0.309058,0.817449,1379.089354,1553.197891,269095,10096764,3600.000000,4,17,17,GUROBI,1
3,New,4,3011.643609,3037.552525,3036.616979,3355.290136,3670.875317,3696.000000,0.333891,0.798269,3521.515272,3600.335843,717303,25998254,3600.000000,4,18,18,GUROBI,1
4,New,4,3018.633739,3052.754296,3051.802269,3380.085038,3695.635890,3696.000000,0.315670,0.815388,870.633206,870.633363,157868,6946508,3600.000000,4,16,17,GUROBI,1
