instanceIndex,vpcGenerator,terms,lpBound,disjunctiveDualBound,lpBoundPostVpc,rootDualBound,dualBound,primalBound,vpcGenerationTime,rootDualBoundTime,bestSolutionTime,terminationTime,nodes,iterations,maxTime,actualTerms,numCuts,cutLimit,mipSolver,providePrimalBound,infeasibleTerms,feasibleToInfeasibleTerms,infeasibleToFeasibleTerms
0,New,4,-37831489.264934,-37663194.966394,-37722440.877777,-37469618.786657,-36804282.896738,-36800603.236618,3662.220168,3675.044888,6846.335689,6873.474221,418970,11085056,3600.000000,4,139,814,GUROBI,1,0,0,0
1,Farkas,4,-37428802.643101,-37263080.054774,-37320316.398308,-37124968.622185,-36428684.516649,-36411896.233162,0.255658,7.799873,2630.390299,3600.259616,436754,12973215,3600.000000,4,139,0,GUROBI,1,0,0,0
2,Farkas,4,-37248474.357049,-37085319.064878,-37140966.715419,-36896069.636126,-36239838.565106,-36236215.236618,0.258367,11.133409,3000.047220,3154.129727,399390,11387034,3600.000000,4,139,0,GUROBI,1,0,0,0
3,Farkas,4,-39555373.999498,-39380517.123943,-39445746.081755,-39181960.719763,-38499455.545530,-38495608.019414,0.259697,12.722233,1883.814607,3073.254995,432794,10950150,3600.000000,4,139,0,GUROBI,1,0,0,0
4,Farkas,4,-37547596.485244,-37379201.167438,-37438223.503319,-37183839.766391,-36523803.829175,-36520152.058340,0.262061,11.933046,3421.848239,3489.770696,458349,14610262,3600.000000,4,139,0,GUROBI,1,0,0,0
