instanceIndex,vpcGenerator,terms,lpBound,disjunctiveDualBound,lpBoundPostVpc,rootDualBound,dualBound,primalBound,vpcGenerationTime,rootDualBoundTime,bestSolutionTime,terminationTime,nodes,iterations,maxTime,actualTerms,numCuts,cutLimit,mipSolver,providePrimalBound
0,New,16,13.244444,13.244444,13.244444,14.000000,15.000000,15.000000,3.304218,3.491034,3.304218,3.501644,1,1364,3600.000000,16,24,47,GUROBI,1
1,Old,16,13.244444,13.244444,13.244444,14.000000,15.000000,15.000000,3.893614,4.084185,3.893614,4.094396,1,1364,3600.000000,16,19,0,GUROBI,1
2,Old,16,13.222222,13.222222,13.222222,14.000000,14.000000,14.000000,2.335901,2.335901,2.335901,2.345110,1,269,3600.000000,16,2,0,GUROBI,1
3,Old,16,13.244444,13.244444,13.244444,14.000000,15.000000,15.000000,3.880047,4.056056,3.880047,4.068330,1,1364,3600.000000,16,19,0,GUROBI,1
4,Old,16,13.244444,13.244444,13.244444,14.000000,15.000000,15.000000,4.199260,4.311626,4.476943,4.489683,212,1818,3600.000000,16,15,0,GUROBI,1
5,Old,16,13.244444,13.244444,13.244444,14.000000,15.000000,15.000000,3.886775,4.002369,3.886775,4.012652,1,1364,3600.000000,16,19,0,GUROBI,1
