instanceIndex,vpcGenerator,terms,lpBound,disjunctiveDualBound,lpBoundPostVpc,rootDualBound,dualBound,primalBound,vpcGenerationTime,rootDualBoundTime,bestSolutionTime,terminationTime,nodes,iterations,maxTime,actualTerms,numCuts,cutLimit,mipSolver,providePrimalBound
0,New,16,11115.630502,11125.780605,11118.808551,12664.128255,12890.000000,12890.000000,24.171785,26.962876,58.161498,58.161808,2021,99266,3600.000000,114,6,195,GUROBI,1
3,New,16,11117.257831,11143.967103,11118.677658,12756.242187,13118.000000,13119.000000,34.802483,37.986799,94.363333,100.975063,2750,193252,3600.000000,87,2,216,GUROBI,1
4,New,16,10515.654990,10652.085334,10519.562878,12998.506796,13472.000000,13472.999879,51.621226,56.286497,80.253801,80.254173,1004,66067,3600.000000,97,1,230,GUROBI,1
