instanceIndex,vpcGenerator,terms,lpBound,disjunctiveDualBound,lpBoundPostVpc,rootDualBound,dualBound,primalBound,vpcGenerationTime,rootDualBoundTime,bestSolutionTime,terminationTime,nodes,iterations,maxTime,actualTerms,numCuts,cutLimit,mipSolver,providePrimalBound
0,New,16,11115.630502,11125.780605,11118.808551,12664.128255,12890.000000,12890.000000,24.090795,26.891123,58.056919,58.057211,2021,99266,3600.000000,114,6,195,GUROBI,1
1,Farkas,16,10680.584691,10689.772918,10683.622337,12261.068186,12565.925010,12566.999999,10.995910,13.881061,53.889899,53.890273,3018,149366,3600.000000,114,6,0,GUROBI,1
2,Farkas,16,11098.661302,11104.406939,11100.380431,12680.593677,12883.000000,12882.999993,11.302780,14.023880,31.470899,31.471238,788,39524,3600.000000,114,6,0,GUROBI,1
3,Farkas,16,11359.368893,11367.705983,11362.734640,13006.739119,13169.999874,13169.999874,11.767995,14.442708,38.957110,38.957502,1115,60993,3600.000000,114,6,0,GUROBI,1
4,Farkas,16,11030.813879,11039.467931,11033.122598,12684.857054,12969.781173,12970.999997,10.973399,13.882149,51.609821,51.610112,2792,106727,3600.000000,114,6,0,GUROBI,1
5,Farkas,16,11117.271629,11126.514892,11120.580173,12736.753693,12965.727389,12967.000000,11.147649,15.051266,54.087885,54.088184,2722,129377,3600.000000,114,6,0,GUROBI,1
6,Farkas,16,11060.971755,11070.748870,11063.444962,12587.116977,12871.346983,12872.000000,11.256027,14.808310,42.666608,46.572436,1715,91314,3600.000000,114,6,0,GUROBI,1
