instanceIndex,vpcGenerator,terms,lpBound,disjunctiveDualBound,lpBoundPostVpc,rootDualBound,dualBound,primalBound,vpcGenerationTime,rootDualBoundTime,bestSolutionTime,terminationTime,nodes,iterations,maxTime,actualTerms,numCuts,cutLimit,mipSolver,providePrimalBound
0,None,16,981.864286,981.864286,981.864286,990.816270,1077.460000,1077.560000,0.000030,0.714599,15.556772,15.842980,9963,169281,3600.000000,0,0,0,GUROBI,1
1,None,16,972.096959,972.096959,972.096959,983.867276,1054.068827,1054.140000,0.000003,0.593886,21.522210,23.941944,6137,189570,3600.000000,0,0,0,GUROBI,1
2,None,16,962.969920,962.969920,962.969920,969.856121,1051.086850,1051.189941,0.000002,0.456805,29.854284,32.294283,12475,337740,3600.000000,0,0,0,GUROBI,1
3,None,16,967.865325,967.865325,967.865325,979.060285,1039.086161,1039.189941,0.000002,0.509397,18.438280,18.445480,6421,168321,3600.000000,0,0,0,GUROBI,1
4,None,16,949.341767,949.341767,949.341767,964.877326,1040.087767,1040.189941,0.000002,0.513515,37.512939,44.375055,13268,355293,3600.000000,0,0,0,GUROBI,1
5,None,16,957.792144,957.792144,957.792144,969.319517,1042.475400,1042.560000,0.000003,0.517519,24.582587,26.796387,10720,262976,3600.000000,0,0,0,GUROBI,1
