instanceIndex,vpcGenerator,terms,lpBound,disjunctiveDualBound,lpBoundPostVpc,rootDualBound,dualBound,primalBound,vpcGenerationTime,rootDualBoundTime,bestSolutionTime,terminationTime,nodes,iterations,maxTime,actualTerms,numCuts,cutLimit,mipSolver,providePrimalBound,infeasibleTerms,feasibleToInfeasibleTerms,infeasibleToFeasibleTerms
0,New,4,981.864286,987.624578,984.771976,997.937133,1077.550000,1077.560000,3.634472,4.231797,13.351235,13.659722,1655,63189,3600.000000,4,42,42,GUROBI,1,0,0,0
1,Farkas,4,906.252173,911.688767,908.790504,924.487318,994.376068,994.450000,0.056295,0.450801,36.472876,36.703871,12082,307229,3600.000000,4,42,0,GUROBI,1,0,0,0
2,Farkas,4,919.146313,921.857617,920.360204,940.462030,1013.109548,1013.190000,0.053135,0.619729,46.344001,47.752091,13799,406815,3600.000000,4,42,0,GUROBI,1,0,0,0
3,Farkas,4,934.456789,940.373466,937.129089,950.066470,1029.614592,1029.700000,0.051537,0.514236,57.150579,59.762134,19937,547473,3600.000000,4,42,0,GUROBI,1,0,0,0
4,Farkas,4,912.711288,913.894300,913.593935,928.580893,995.021463,995.110000,0.050833,0.467522,94.562101,96.402558,16430,442283,3600.000000,4,42,0,GUROBI,1,0,0,0
5,Farkas,4,833.155682,838.883589,833.848551,860.292079,922.305229,922.390000,0.064638,0.493069,22.007019,22.318338,7132,193146,3600.000000,4,42,0,GUROBI,1,0,0,0
