instanceIndex,vpcGenerator,terms,lpBound,disjunctiveDualBound,lpBoundPostVpc,rootDualBound,dualBound,primalBound,vpcGenerationTime,rootDualBoundTime,bestSolutionTime,terminationTime,nodes,iterations,maxTime,actualTerms,numCuts,cutLimit,mipSolver,providePrimalBound
0,New,16,981.864286,995.276107,989.472560,994.212849,1077.460000,1077.560000,35.128918,35.826628,46.469261,47.103282,6669,118088,3600.000000,16,42,42,GUROBI,1
1,New,16,906.252173,924.473058,920.827800,927.321320,994.375500,994.450000,20.945691,21.374914,126.067517,126.294020,19581,568347,3600.000000,56,36,36,GUROBI,1
2,New,16,919.146313,934.730641,930.301336,940.090372,1013.108192,1013.190000,18.459900,18.961418,43.261244,45.421307,11600,282255,3600.000000,49,28,28,GUROBI,1
3,New,16,934.456789,946.012031,944.399081,950.569662,1029.610059,1029.700000,23.903792,24.376291,105.330245,110.593214,20616,593535,3600.000000,16,36,36,GUROBI,1
4,New,16,912.711288,930.225635,921.677824,933.146966,995.011612,995.110000,29.567973,30.062634,53.583079,53.880540,8363,215651,3600.000000,46,36,36,GUROBI,1
5,New,16,833.155682,846.440725,844.693179,866.122053,922.297899,922.390000,30.614973,31.308094,41.564308,42.328732,3408,96317,3600.000000,165,33,33,GUROBI,1
