instanceIndex,vpcGenerator,terms,lpBound,disjunctiveDualBound,lpBoundPostVpc,rootDualBound,dualBound,primalBound,vpcGenerationTime,rootDualBoundTime,bestSolutionTime,terminationTime,nodes,iterations,maxTime,actualTerms,numCuts,cutLimit,mipSolver,providePrimalBound
0,None,16,981.864286,981.864286,981.864286,990.816270,1077.460000,1077.560000,0.000030,0.696098,15.451829,15.728448,9963,169281,3600.000000,0,0,0,GUROBI,1
1,None,16,906.252173,906.252173,906.252173,925.569345,994.359712,994.450000,0.000003,0.551638,21.435115,24.502436,7282,204422,3600.000000,0,0,0,GUROBI,1
2,None,16,919.146313,919.146313,919.146313,939.488024,1013.088783,1013.190000,0.000002,0.558513,36.288556,38.051079,13537,321748,3600.000000,0,0,0,GUROBI,1
3,None,16,934.456789,934.456789,934.456789,953.744740,1029.605483,1029.700000,0.000003,0.501615,28.018339,30.213926,10591,273571,3600.000000,0,0,0,GUROBI,1
4,None,16,912.711288,912.711288,912.711288,928.487308,995.105596,995.110000,0.000003,0.339589,22.488658,25.374078,8498,212910,3600.000000,0,0,0,GUROBI,1
5,None,16,833.155682,833.155682,833.155682,861.217894,922.390000,922.390000,0.000003,0.447689,5.109022,12.108781,3353,97145,3600.000000,0,0,0,GUROBI,1
