instanceIndex,vpcGenerator,terms,lpBound,disjunctiveDualBound,lpBoundPostVpc,rootDualBound,dualBound,primalBound,vpcGenerationTime,rootDualBoundTime,bestSolutionTime,terminationTime,nodes,iterations,maxTime,actualTerms,numCuts,cutLimit,mipSolver,providePrimalBound
0,New,64,981.864286,998.588641,998.110085,1001.075856,1077.500000,1077.560000,463.833410,464.526358,474.687421,476.102912,3236,89677,3600.000000,237,34,42,GUROBI,1
1,Farkas,64,972.096959,989.640745,983.872913,989.442510,1054.099732,1054.140000,4.963065,5.596778,30.011159,30.011301,6852,195906,3600.000000,237,34,0,GUROBI,1
2,Farkas,64,962.969920,973.306863,968.253122,975.087612,1051.138378,1051.190000,4.961618,5.444314,103.475456,115.395915,17429,543755,3600.000000,237,34,0,GUROBI,1
3,Farkas,64,967.865325,981.280982,970.641246,980.625825,1039.087395,1039.190000,4.914955,5.624202,36.323718,36.451983,8643,247197,3600.000000,237,34,0,GUROBI,1
4,Farkas,64,949.341767,961.163593,954.637748,961.860741,1040.110399,1040.190000,5.008660,5.494106,51.137167,51.137288,14051,362257,3600.000000,237,34,0,GUROBI,1
5,Farkas,64,957.792144,967.999100,961.318379,969.906020,1042.459325,1042.560000,5.025586,5.649682,35.565539,35.759376,10306,291311,3600.000000,237,34,0,GUROBI,1
