instanceIndex,vpcGenerator,terms,lpBound,disjunctiveDualBound,lpBoundPostVpc,rootDualBound,dualBound,primalBound,vpcGenerationTime,rootDualBoundTime,bestSolutionTime,terminationTime,nodes,iterations,maxTime,actualTerms,numCuts,cutLimit,mipSolver,providePrimalBound,infeasibleTerms,feasibleToInfeasibleTerms,infeasibleToFeasibleTerms
0,New,4,406.525105,407.336381,406.941495,413.822065,420.000000,423.000000,193.201384,204.285739,330.874495,3793.203356,25855,5830705,3600.000000,4,9,481,GUROBI,1,0,0,0
1,Old,4,406.525105,407.336381,406.864879,413.563273,419.250000,423.000000,279.712210,287.751524,666.043764,3879.714031,25236,4952826,3600.000000,4,9,0,GUROBI,1,0,0,0
2,Old,4,406.525105,407.336381,406.928590,413.804576,419.000000,423.000000,121.387386,130.987259,528.578683,3721.393417,25104,7010852,3600.000000,4,11,0,GUROBI,1,0,0,0
3,Old,4,406.396606,407.209278,406.825600,413.461536,419.250000,422.750000,455.234240,465.635598,1002.994890,4055.240249,26121,5032609,3600.000000,4,17,0,GUROBI,1,0,0,0
4,Old,4,406.556662,407.367969,406.939863,413.755609,419.250000,423.000000,259.372242,277.234416,1857.597792,3859.373864,27714,5297284,3600.000000,4,14,0,GUROBI,1,0,0,0
5,Old,4,406.525105,407.337799,406.975218,413.867065,419.250000,423.000000,312.165227,322.701180,479.341743,3912.167897,30012,7291217,3600.000000,4,17,0,GUROBI,1,0,0,0
