instanceIndex,vpcGenerator,terms,lpBound,disjunctiveDualBound,lpBoundPostVpc,rootDualBound,dualBound,primalBound,vpcGenerationTime,rootDualBoundTime,bestSolutionTime,terminationTime,nodes,iterations,maxTime,actualTerms,numCuts,cutLimit,mipSolver,providePrimalBound,infeasibleTerms,feasibleToInfeasibleTerms,infeasibleToFeasibleTerms
0,New,16,404.658413,406.342975,406.073584,407.565730,410.728578,410.763701,2377.132648,2382.642718,2393.478010,2456.848587,1250,154975,3600.000000,16,24,74,GUROBI,1,4,0,0
1,Farkas,16,404.769546,406.449836,406.170448,407.658689,410.839231,410.875995,4.641887,9.865027,109.460609,109.461052,1683,198811,3600.000000,16,24,0,GUROBI,1,4,0,0
2,Farkas,16,404.784631,406.466126,406.174090,407.603745,410.827871,410.866626,4.343886,11.714355,34.046191,87.941168,1078,146900,3600.000000,16,24,0,GUROBI,1,4,0,0
3,Farkas,16,404.658403,406.342975,406.060425,407.422348,410.722905,410.763701,2.724515,8.715581,87.970859,114.782616,1738,202375,3600.000000,16,24,0,GUROBI,1,4,0,0
4,Farkas,16,404.640124,406.329060,406.029893,407.579272,410.723377,410.763564,4.088151,9.781077,109.998396,116.867656,1881,273191,3600.000000,16,24,0,GUROBI,1,4,0,0
5,Farkas,16,404.480866,406.177391,405.900022,407.354656,410.590893,410.631461,4.625933,11.156033,244.060540,244.060993,2548,291081,3600.000000,16,24,0,GUROBI,1,4,0,0
