instanceIndex,vpcGenerator,terms,lpBound,disjunctiveDualBound,lpBoundPostVpc,rootDualBound,dualBound,primalBound,vpcGenerationTime,rootDualBoundTime,bestSolutionTime,terminationTime,nodes,iterations,maxTime,actualTerms,numCuts,cutLimit,mipSolver,providePrimalBound
0,None,64,131.656032,131.656032,131.656032,131.656032,132.565106,132.669694,0.000002,5.624425,3600.004641,3600.006535,36881,6262666,3600.000000,0,0,0,GUROBI,1
1,None,64,131.656032,131.656032,131.656032,131.664525,132.258013,132.669694,0.000002,4.427261,1049.554150,3600.007467,55722,9664556,3600.000000,0,0,0,GUROBI,1
2,None,64,131.656032,131.656032,131.656032,131.675812,132.591720,132.669694,0.000002,5.830510,3600.008917,3600.009373,31656,6407561,3600.000000,0,0,0,GUROBI,1
3,None,64,131.656032,131.656032,131.656032,131.714217,132.326744,132.669694,0.000002,9.045118,188.103921,3600.005291,33553,6418784,3600.000000,0,0,0,GUROBI,1
4,None,64,131.656032,131.656032,131.656032,131.662762,132.580575,132.591720,0.000002,5.470507,1511.609268,1511.609675,22072,3576348,3600.000000,0,0,0,GUROBI,1
5,None,64,131.656032,131.656032,131.656032,131.656032,132.356375,132.669694,0.000003,5.406763,334.236766,3600.001370,24149,7101664,3600.000000,0,0,0,GUROBI,1
6,None,64,130.336653,130.336653,130.336653,130.343764,131.179455,131.192163,0.000002,5.417171,616.129513,1542.361303,36937,3655581,3600.000000,0,0,0,GUROBI,1
