instanceIndex,vpcGenerator,terms,lpBound,disjunctiveDualBound,lpBoundPostVpc,rootDualBound,dualBound,primalBound,vpcGenerationTime,rootDualBoundTime,bestSolutionTime,terminationTime,nodes,iterations,maxTime,actualTerms,numCuts,cutLimit,mipSolver,providePrimalBound,infeasibleTerms,feasibleToInfeasibleTerms,infeasibleToFeasibleTerms
0,New,16,-377.349042,-376.320844,-376.648168,-372.869281,-356.000000,-350.000000,1784.015518,1788.812294,2819.224806,5384.232514,260454,24602590,3600.000000,22,67,1075,GUROBI,1,12,0,0
1,New,16,-377.353383,-376.365402,-376.938769,-372.882273,-357.000000,-350.250000,985.397680,990.566695,2575.801556,4585.587574,290499,25430461,3600.000000,20,114,1075,GUROBI,1,12,0,0
2,New,16,-377.349042,-376.320844,-376.648168,-372.869281,-356.750000,-350.000000,1830.538045,1835.387316,4145.105810,5430.781894,267310,26535389,3600.000000,22,67,1075,GUROBI,1,12,0,0
3,New,16,-377.236542,-376.208139,-376.466617,-372.657273,-356.750000,-350.000000,3684.081716,3689.425178,4753.155353,7284.263097,283403,24726050,3600.000000,25,87,1077,GUROBI,1,17,0,0
4,New,16,-377.401340,-376.372937,-376.904803,-373.037677,-356.750000,-350.250000,1097.117552,1101.843306,2660.895546,4697.344241,256332,24023278,3600.000000,33,102,1076,GUROBI,1,25,0,0
5,New,16,-377.416525,-376.392298,-376.977939,-372.967947,-356.750000,-350.250000,611.582755,616.908952,2805.220730,4211.817045,266232,22572978,3600.000000,25,16,1081,GUROBI,1,15,0,0
6,New,16,-377.369523,-376.460363,-376.903238,-372.952047,-356.750000,-350.250000,3704.095348,3708.585961,5623.866551,7304.278987,283258,23662265,3600.000000,33,102,1077,GUROBI,1,23,0,0
7,New,16,-377.287435,-376.336227,-376.952557,-372.737191,-356.750000,-350.000000,2381.921635,2387.570929,5429.985376,5982.147656,258487,25431756,3600.000000,33,121,1073,GUROBI,1,25,0,0
