instanceIndex,vpcGenerator,terms,lpBound,disjunctiveDualBound,lpBoundPostVpc,rootDualBound,dualBound,primalBound,vpcGenerationTime,rootDualBoundTime,bestSolutionTime,terminationTime,nodes,iterations,maxTime,actualTerms,numCuts,cutLimit,mipSolver,providePrimalBound
0,New,4,-377.349042,-376.707104,-377.107002,-372.679126,-356.000000,-350.000000,29.318592,35.051291,1312.878337,3629.509034,264887,24586132,3600.000000,4,77,1075,GUROBI,1
1,New,4,-377.353383,-376.779221,-377.234179,-372.862439,-357.000000,-350.250000,4.058473,8.684360,2743.189797,3604.217241,301914,25821818,3600.000000,4,2,1075,GUROBI,1
2,New,4,-377.349042,-376.707104,-377.198789,-372.870278,-356.750000,-350.000000,42.520562,47.176249,2364.684914,3642.733939,279790,27007514,3600.000000,4,97,1075,GUROBI,1
3,New,4,-377.236542,-376.692249,-376.784069,-372.622637,-356.750000,-350.000000,281.614277,287.313046,1340.336849,3881.790443,294962,25279580,3600.000000,4,182,1077,GUROBI,1
4,New,4,-377.401340,-376.857047,-376.971389,-372.871209,-356.750000,-350.250000,366.142543,370.690693,1932.851338,3966.358904,268124,24894256,3600.000000,4,189,1076,GUROBI,1
5,New,4,-377.416525,-376.779169,-377.246056,-373.021462,-356.750000,-350.250000,181.320008,185.966364,2333.623857,3781.560996,272595,23108589,3600.000000,4,112,1081,GUROBI,1
6,New,4,-377.369523,-376.732168,-376.979140,-372.870193,-357.000000,-350.250000,394.805200,399.214319,2299.991849,3995.011656,285881,25391630,3600.000000,4,235,1077,GUROBI,1
7,New,4,-377.287435,-376.782767,-377.107836,-372.859937,-356.500000,-350.000000,60.618138,65.309452,1315.346011,3660.846604,276409,27001676,3600.000000,4,100,1073,GUROBI,1
