instanceIndex,vpcGenerator,terms,lpBound,disjunctiveDualBound,lpBoundPostVpc,rootDualBound,dualBound,primalBound,vpcGenerationTime,rootDualBoundTime,bestSolutionTime,terminationTime,nodes,iterations,maxTime,actualTerms,numCuts,cutLimit,mipSolver,providePrimalBound,infeasibleTerms,feasibleToInfeasibleTerms,infeasibleToFeasibleTerms
0,New,4,34.598395,35.424568,35.424527,63.531205,69.000000,69.000000,1.368759,1.440767,1.368759,1.447718,1,459,3600.000000,5,3,42,GUROBI,1,1,0,0
1,Farkas,4,32.885351,33.785287,33.785287,67.925755,69.000000,69.000000,0.020799,0.203349,0.271536,0.276350,49,1443,3600.000000,5,3,0,GUROBI,1,1,0,0
2,Farkas,4,33.384166,34.210219,34.210219,67.516234,69.000000,69.000000,0.021659,0.127285,0.021659,0.128963,1,632,3600.000000,5,3,0,GUROBI,1,1,0,0
3,Farkas,4,32.789196,33.725863,33.725859,62.768001,67.000000,67.000000,0.020714,0.202961,1.829781,2.856153,1857,18895,3600.000000,5,3,0,GUROBI,1,1,0,0
4,Farkas,4,33.565984,34.428918,34.428918,68.213092,70.000000,70.000000,0.022358,0.190091,0.478523,0.574963,466,5674,3600.000000,5,3,0,GUROBI,1,1,0,0
5,Farkas,4,33.604731,34.504507,34.504507,67.327473,69.000000,69.000000,0.019002,0.126966,0.019002,0.129852,1,734,3600.000000,5,3,0,GUROBI,1,1,0,0
