instanceIndex,vpcGenerator,terms,lpBound,disjunctiveDualBound,lpBoundPostVpc,rootDualBound,dualBound,primalBound,vpcGenerationTime,rootDualBoundTime,bestSolutionTime,terminationTime,nodes,iterations,maxTime,actualTerms,numCuts,cutLimit,mipSolver,providePrimalBound
0,None,4,216670237.636667,216670237.636667,216670237.636667,217990936.336373,219660400.012214,219676784.000000,0.000004,11.288343,24.592238,91.744152,712,38060,3600.000000,0,0,0,GUROBI,1
1,None,4,209128949.888139,209128949.888139,209128949.888139,213629926.111738,216491613.167742,216512558.400000,0.000002,7.591318,159.687381,166.976880,3832,333631,3600.000000,0,0,0,GUROBI,1
2,None,4,214264703.581337,214264703.581337,214264703.581337,218219021.261450,220816262.615011,220837466.400000,0.000003,9.032412,334.544765,334.545406,9316,822527,3600.000000,0,0,0,GUROBI,1
3,None,4,214189562.491795,214189562.491795,214189562.491795,218613584.539575,222527044.334504,222548301.600000,0.000004,9.746090,119.549855,119.550679,2050,162429,3600.000000,0,0,0,GUROBI,1
4,None,4,210261953.246904,210261953.246904,210261953.246904,215914711.244611,218970980.310596,218992063.200000,0.000002,10.842056,210.728536,214.665298,5561,471961,3600.000000,0,0,0,GUROBI,1
