instanceIndex,vpcGenerator,terms,lpBound,disjunctiveDualBound,lpBoundPostVpc,rootDualBound,dualBound,primalBound,vpcGenerationTime,rootDualBoundTime,bestSolutionTime,terminationTime,nodes,iterations,maxTime,actualTerms,numCuts,cutLimit,mipSolver,providePrimalBound,infeasibleTerms,feasibleToInfeasibleTerms,infeasibleToFeasibleTerms
0,New,16,216670237.636667,217097258.083745,217026968.835998,218163258.087622,219657763.694825,219676790.400000,410.496276,418.139041,461.732503,461.733179,1872,104654,3600.000000,28,111,111,GUROBI,1,19,0,0
1,Farkas,16,209128949.888139,209695024.693364,209128949.888139,213703275.161494,216491329.281984,216512558.400000,12.406971,20.168260,113.362982,172.192018,3734,299174,3600.000000,28,111,0,GUROBI,1,19,0,0
2,Farkas,16,214264703.581337,214564273.051959,214264703.581337,218325500.379023,220817505.183456,220837466.400000,10.483019,26.041049,364.817968,364.818609,8508,692282,3600.000000,28,111,0,GUROBI,1,19,0,0
3,Farkas,16,214189562.491795,215131528.740393,214189562.491795,219193881.617524,222527757.991994,222548299.729372,11.482956,27.945192,175.842406,175.843063,3344,229138,3600.000000,28,111,0,GUROBI,1,19,0,0
4,Farkas,16,210261953.246904,210383923.591019,210261953.246904,215706641.349131,218992063.200000,218992063.200000,11.287419,18.831848,54.037476,94.450483,2778,228376,3600.000000,28,111,0,GUROBI,1,19,0,0
