instanceIndex,vpcGenerator,terms,lpBound,disjunctiveDualBound,lpBoundPostVpc,rootDualBound,dualBound,primalBound,vpcGenerationTime,rootDualBoundTime,bestSolutionTime,terminationTime,nodes,iterations,maxTime,actualTerms,numCuts,cutLimit,mipSolver,providePrimalBound
0,New,16,0.000000,0.000000,0.000000,0.000000,1330.000000,1330.000000,21.338248,22.266457,31.536128,43.221328,3688,61487,3600.000000,259,17,250,GUROBI,1
1,New,16,18.109384,47.750000,45.034461,97.205387,1411.250000,1411.250000,126.552101,128.753958,247.368204,247.368375,4924,228026,3600.000000,973,20,390,GUROBI,1
2,New,16,-0.250000,-0.250000,-0.250000,4.524195,1330.000000,1330.000000,30.420545,34.557721,83.738849,86.407981,6282,119226,3600.000000,540,10,282,GUROBI,1
