instanceIndex,vpcGenerator,terms,lpBound,disjunctiveDualBound,lpBoundPostVpc,rootDualBound,dualBound,primalBound,vpcGenerationTime,rootDualBoundTime,bestSolutionTime,terminationTime,nodes,iterations,maxTime,actualTerms,numCuts,cutLimit,mipSolver,providePrimalBound,infeasibleTerms,feasibleToInfeasibleTerms,infeasibleToFeasibleTerms
0,New,64,7383.275519,8463.286008,7859.505346,38521.245691,45591.980663,45592.000000,7.572792,8.849466,9.359737,11.340086,551,12315,3600.000000,64,6,270,GUROBI,1,0,0,0
1,New,64,-1798.046994,299.402006,-1183.044731,22743.747449,23673.000000,23673.000000,5.711557,6.250680,7.361249,7.367659,531,5801,3600.000000,64,4,158,GUROBI,1,0,0,0
2,New,64,468.271892,2360.883892,1057.463741,24938.288063,26388.000000,26388.000000,5.404754,6.005560,7.006677,7.006829,523,5632,3600.000000,64,3,166,GUROBI,1,0,0,0
3,New,64,-7651.388270,-5890.343270,-7598.420270,13533.530630,14527.000000,14526.999303,5.081888,5.658027,8.337641,8.337809,1696,10992,3600.000000,64,2,133,GUROBI,1,0,0,0
4,New,64,-15585.807244,-13552.392941,-15203.666244,3628.522002,3942.000000,3942.000000,4.915525,5.245534,5.333531,5.333685,67,1124,3600.000000,64,2,113,GUROBI,1,0,0,0
