instanceIndex,vpcGenerator,terms,lpBound,disjunctiveDualBound,lpBoundPostVpc,rootDualBound,dualBound,primalBound,vpcGenerationTime,rootDualBoundTime,bestSolutionTime,terminationTime,nodes,iterations,maxTime,actualTerms,numCuts,cutLimit,mipSolver,providePrimalBound,infeasibleTerms,feasibleToInfeasibleTerms,infeasibleToFeasibleTerms
0,None,4,1288.102161,1288.102161,1288.102161,1382.904746,1744.953572,1745.124182,0.000002,0.475863,684.684815,709.744358,149723,2481230,3600.000000,0,0,0,GUROBI,1,0,0,0
1,None,4,1287.727161,1287.727161,1287.727161,1382.529746,1744.606075,1744.749182,0.000002,0.464687,495.493673,498.505826,102850,1874709,3600.000000,0,0,0,GUROBI,1,0,0,0
2,None,4,1287.977266,1287.977266,1287.977266,1384.525988,1745.077184,1745.249182,0.000005,0.426621,1070.800176,1070.800396,227284,3795664,3600.000000,0,0,0,GUROBI,1,0,0,0
3,None,4,1286.145319,1286.145319,1286.145319,1381.042334,1741.016096,1741.151434,0.000004,0.453114,467.374897,503.301219,104669,1789520,3600.000000,0,0,0,GUROBI,1,0,0,0
4,None,4,1287.977161,1287.977161,1287.977161,1382.779746,1745.017202,1745.124182,0.000003,0.475824,674.939024,706.490826,154011,2754112,3600.000000,0,0,0,GUROBI,1,0,0,0
5,None,4,1287.977691,1287.977691,1287.977691,1385.685146,1744.996318,1745.124182,0.000003,0.497178,413.632904,666.026714,143720,2380883,3600.000000,0,0,0,GUROBI,1,0,0,0
