instanceIndex,vpcGenerator,terms,lpBound,disjunctiveDualBound,lpBoundPostVpc,rootDualBound,dualBound,primalBound,vpcGenerationTime,rootDualBoundTime,bestSolutionTime,terminationTime,nodes,iterations,maxTime,actualTerms,numCuts,cutLimit,mipSolver,providePrimalBound
0,None,16,7383.275519,7383.275519,7383.275519,38800.418612,45591.948892,45592.000000,0.000027,1.456645,1.871375,3.787861,554,11619,3600.000000,0,0,0,GUROBI,1
1,None,16,7431.117023,7431.117023,7431.117023,66001.295280,66440.388120,66447.000000,0.000001,0.787757,1.301312,1.640840,499,4198,3600.000000,0,0,0,GUROBI,1
2,None,16,7405.336879,7405.336879,7405.336879,49533.937948,51834.577548,51835.000000,0.000001,0.800705,1.329694,2.316942,543,6511,3600.000000,0,0,0,GUROBI,1
3,None,16,7405.761708,7405.761708,7405.761708,67831.643635,68172.583707,68179.000000,0.000001,0.516136,0.767416,0.784274,258,2148,3600.000000,0,0,0,GUROBI,1
4,None,16,7388.072035,7388.072035,7388.072035,62694.456233,63511.887812,63517.000000,0.000001,0.616029,3.732358,3.732521,1803,9363,3600.000000,0,0,0,GUROBI,1
