instanceIndex,vpcGenerator,terms,lpBound,disjunctiveDualBound,lpBoundPostVpc,rootDualBound,dualBound,primalBound,vpcGenerationTime,rootDualBoundTime,bestSolutionTime,terminationTime,nodes,iterations,maxTime,actualTerms,numCuts,cutLimit,mipSolver,providePrimalBound
0,New,4,0.000000,0.000000,0.000000,0.000000,1330.000000,1330.000000,0.519046,2.024348,17.175759,17.565717,2887,62210,3600.000000,4,5,233,GUROBI,1
1,New,4,-0.250000,-0.250000,-0.250000,7.980202,1330.000000,1330.000000,0.491977,10.971329,53.072712,60.390357,5192,125955,3600.000000,4,5,236,GUROBI,1
2,New,4,-0.250000,-0.250000,-0.250000,0.000000,1330.000000,1330.000000,2.404639,3.353150,18.453121,26.004417,4385,67123,3600.000000,57,5,182,GUROBI,1
3,New,4,0.000000,0.000000,0.000000,35.399893,1330.250000,1330.250000,0.467474,9.033308,33.790440,33.790651,4126,78157,3600.000000,4,5,232,GUROBI,1
4,New,4,-0.250000,-0.250000,-0.250000,7.552054,1330.000000,1330.000000,0.451684,8.281549,20.907768,23.182448,3572,68002,3600.000000,4,4,175,GUROBI,1
5,New,4,-0.446245,-0.441856,-0.441856,6.865337,1329.750000,1329.750000,2.112631,13.680155,35.152251,35.361402,3845,72172,3600.000000,4,5,361,GUROBI,1
6,New,4,0.000000,0.000000,0.000000,33.724770,1331.750000,1331.750000,0.484458,10.230686,22.555551,32.654369,3690,74068,3600.000000,4,5,232,GUROBI,1
7,New,4,0.000000,0.000000,0.000000,35.489546,1353.000000,1353.000000,0.593379,5.390339,18.658107,34.512492,4593,87614,3600.000000,4,4,235,GUROBI,1
8,New,4,-0.243357,-0.236513,-0.243357,0.000000,1330.000000,1330.000000,0.604745,4.035630,46.555021,50.247785,5540,112101,3600.000000,4,6,369,GUROBI,1
9,New,4,4.359384,6.123894,6.123894,83.295143,1397.500000,1397.500000,0.820407,4.963681,65.748802,65.748988,5168,142077,3600.000000,4,5,361,GUROBI,1
10,New,4,0.000000,0.000000,0.000000,30.461192,1348.250000,1348.250000,0.540029,4.904689,111.168052,126.397384,4763,177041,3600.000000,4,3,247,GUROBI,1
