instanceIndex,vpcGenerator,terms,lpBound,disjunctiveDualBound,lpBoundPostVpc,rootDualBound,dualBound,primalBound,vpcGenerationTime,rootDualBoundTime,bestSolutionTime,terminationTime,nodes,iterations,maxTime,actualTerms,numCuts,cutLimit,mipSolver,providePrimalBound
0,New,4,0.036932,0.037128,0.037113,0.040720,0.040720,0.038928,4.450255,4.784016,4.450255,4.880322,1,4146,3600.000000,4,7,115,GUROBI,1
1,New,4,0.047604,0.048065,0.047604,0.052889,0.053914,0.053807,9.496606,11.055100,19.263362,19.263880,517,20997,3600.000000,55,2,187,GUROBI,1
2,New,4,2043.184449,2043.185580,2043.184601,2043.185261,2043.185261,2043.198120,15.485896,15.485896,15.485896,15.751398,1,3218,3600.000000,105,2,174,GUROBI,1
3,New,4,289.713579,289.713631,289.713599,289.718955,289.719054,289.734619,73.497134,74.926479,78.555181,78.555859,228,10942,3600.000000,72,63,186,GUROBI,1
4,New,4,0.038290,0.038604,0.038298,0.043558,0.045020,0.044977,14.899751,16.459877,23.724166,23.724662,517,20051,3600.000000,87,2,189,GUROBI,1
