instanceIndex,vpcGenerator,terms,lpBound,disjunctiveDualBound,lpBoundPostVpc,rootDualBound,dualBound,primalBound,vpcGenerationTime,rootDualBoundTime,bestSolutionTime,terminationTime,nodes,iterations,maxTime,actualTerms,numCuts,cutLimit,mipSolver,providePrimalBound
0,None,64,272.000000,272.000000,272.000000,287.000000,288.000000,288.000000,0.000028,0.079656,0.000028,0.083164,2,244,3600.000000,0,0,0,GUROBI,1
1,None,64,272.000000,272.000000,272.000000,286.333333,288.000000,288.000000,0.000003,0.033943,0.000003,0.034688,1,133,3600.000000,0,0,0,GUROBI,1
2,None,64,272.000000,272.000000,272.000000,286.500000,288.000000,288.000000,0.000003,0.047985,0.000003,0.048981,1,191,3600.000000,0,0,0,GUROBI,1
3,None,64,272.000000,272.000000,272.000000,285.441860,289.000000,289.000000,0.000004,0.081868,0.000004,0.084084,2,216,3600.000000,0,0,0,GUROBI,1
4,None,64,272.000000,272.000000,272.000000,287.000000,288.000000,288.000000,0.000003,0.034878,0.000003,0.035705,1,166,3600.000000,0,0,0,GUROBI,1
5,None,64,272.000000,272.000000,272.000000,285.250000,288.000000,288.000000,0.000003,0.040521,0.000003,0.042019,1,171,3600.000000,0,0,0,GUROBI,1
6,None,64,272.000000,272.000000,272.000000,287.571429,289.000000,289.000000,0.000003,0.045764,0.000003,0.046749,1,179,3600.000000,0,0,0,GUROBI,1
7,None,64,272.000000,272.000000,272.000000,285.750000,288.000000,288.000000,0.000003,0.071707,0.000003,0.071876,1,197,3600.000000,0,0,0,GUROBI,1
8,None,64,272.000000,272.000000,272.000000,286.500000,288.000000,288.000000,0.000003,0.053622,0.054074,0.054395,2,172,3600.000000,0,0,0,GUROBI,1
9,None,64,272.200000,272.200000,272.200000,287.000000,288.000000,288.000000,0.000004,0.077080,0.000004,0.077244,1,215,3600.000000,0,0,0,GUROBI,1
10,None,64,271.600000,271.600000,271.600000,285.000000,288.000000,288.000000,0.000003,0.050030,0.000003,0.051887,1,166,3600.000000,0,0,0,GUROBI,1
