instanceIndex,vpcGenerator,terms,lpBound,disjunctiveDualBound,lpBoundPostVpc,rootDualBound,dualBound,primalBound,vpcGenerationTime,rootDualBoundTime,bestSolutionTime,terminationTime,nodes,iterations,maxTime,actualTerms,numCuts,cutLimit,mipSolver,providePrimalBound
0,None,4,1288.102161,1288.102161,1288.102161,1382.904746,1744.953572,1745.124182,0.000004,0.481381,681.369172,706.657525,149723,2481230,3600.000000,0,0,0,GUROBI,1
1,None,4,1287.727161,1287.727161,1287.727161,1382.529746,1744.606075,1744.749182,0.000005,0.472301,495.407716,498.385875,102850,1874709,3600.000000,0,0,0,GUROBI,1
2,None,4,1287.977266,1287.977266,1287.977266,1384.525988,1745.077184,1745.249182,0.000003,0.415014,1073.873373,1073.873583,227284,3795664,3600.000000,0,0,0,GUROBI,1
3,None,4,1286.145319,1286.145319,1286.145319,1381.042334,1741.016096,1741.151434,0.000003,0.451357,465.973728,502.121525,104669,1789520,3600.000000,0,0,0,GUROBI,1
4,None,4,1287.977161,1287.977161,1287.977161,1382.779746,1745.017202,1745.124182,0.000003,0.469440,676.819478,708.465237,154011,2754112,3600.000000,0,0,0,GUROBI,1
5,None,4,1287.977691,1287.977691,1287.977691,1385.685146,1744.996318,1745.124182,0.000004,0.502023,412.767079,663.326211,143720,2380883,3600.000000,0,0,0,GUROBI,1
