instanceIndex,vpcGenerator,terms,lpBound,disjunctiveDualBound,lpBoundPostVpc,rootDualBound,dualBound,primalBound,vpcGenerationTime,rootDualBoundTime,bestSolutionTime,terminationTime,nodes,iterations,maxTime,actualTerms,numCuts,cutLimit,mipSolver,providePrimalBound
0,New,4,0.000000,0.000000,0.000000,0.000000,1330.000000,1330.000000,0.526790,1.947185,16.411953,16.782954,2887,62210,3600.000000,4,5,233,GUROBI,1
2,Old,4,-0.250000,-0.250000,-0.250000,0.000000,1330.000000,1330.000000,0.404618,1.259182,15.942204,28.691366,4399,83858,3600.000000,4,7,0,GUROBI,1
3,Old,4,0.000000,0.000000,0.000000,33.876479,1330.250000,1330.250000,0.299338,3.667819,85.906330,100.715716,3511,136302,3600.000000,4,6,0,GUROBI,1
5,Old,4,-0.446245,-0.434632,-0.434632,6.392193,1329.750000,1329.750000,0.300761,11.699866,49.337584,53.505880,5276,115724,3600.000000,4,7,0,GUROBI,1
6,Old,4,0.000000,0.000000,0.000000,21.771551,1331.750000,1331.750000,0.298704,9.138822,27.031658,28.033512,3324,84774,3600.000000,4,5,0,GUROBI,1
7,Old,4,0.000000,19.027802,16.955289,52.514754,1353.000000,1353.000000,0.351632,6.687828,83.895891,86.184627,2427,100676,3600.000000,4,13,0,GUROBI,1
8,Old,4,-0.243357,-0.178594,-0.235100,0.000000,1330.000000,1330.000000,0.403962,2.731740,636.506684,636.506864,3310,226890,3600.000000,4,10,0,GUROBI,1
9,Old,4,4.359384,9.027802,9.027802,83.312615,1397.500000,1397.500000,0.321913,4.044501,63.822514,63.822697,3931,155202,3600.000000,4,6,0,GUROBI,1
10,Old,4,0.000000,5.296499,3.191474,31.579917,1348.250000,1348.250000,0.383224,5.232161,108.358069,108.358257,4171,178179,3600.000000,4,9,0,GUROBI,1
