instanceIndex,vpcGenerator,terms,lpBound,disjunctiveDualBound,lpBoundPostVpc,rootDualBound,dualBound,primalBound,vpcGenerationTime,rootDualBoundTime,bestSolutionTime,terminationTime,nodes,iterations,maxTime,actualTerms,numCuts,cutLimit,mipSolver,providePrimalBound
0,New,16,0.036932,0.037562,0.037144,0.040701,0.040701,0.038928,37.023335,37.344904,37.023335,37.452384,1,4055,3600.000000,41,21,115,GUROBI,1
1,New,16,0.036850,0.037300,0.037167,0.041918,0.046759,0.046755,66.924835,68.756926,227.855379,227.856575,17298,486401,3600.000000,44,55,125,GUROBI,1
2,New,16,0.037863,0.038632,0.038054,0.041877,0.041877,0.041354,147.634176,147.985761,147.634176,148.136082,1,4168,3600.000000,43,156,156,GUROBI,1
3,New,16,0.036873,0.037314,0.037070,0.041875,0.048242,0.048242,24.056341,25.777596,395.182251,395.183033,43188,1782473,3600.000000,45,6,122,GUROBI,1
4,New,16,0.037311,0.037810,0.037531,0.042496,0.043377,0.043350,54.529615,56.205355,84.164904,84.165629,1643,62766,3600.000000,41,41,135,GUROBI,1
5,New,16,0.036925,0.037323,0.037033,0.042104,0.045306,0.044998,36.802133,38.554538,138.890710,138.891195,10206,290826,3600.000000,43,27,112,GUROBI,1
