instanceIndex,vpcGenerator,terms,lpBound,disjunctiveDualBound,lpBoundPostVpc,rootDualBound,dualBound,primalBound,vpcGenerationTime,rootDualBoundTime,bestSolutionTime,terminationTime,nodes,iterations,maxTime,actualTerms,numCuts,cutLimit,mipSolver,providePrimalBound
0,None,16,36.000000,36.000000,36.000000,562.414116,610.000000,610.000000,0.000003,4.590620,952.699576,1701.510022,13001,4517648,3600.000000,0,0,0,GUROBI,1
1,None,16,36.000000,36.000000,36.000000,558.924202,608.000000,608.000000,0.000003,3.998955,757.743635,1891.615628,17941,4864212,3600.000000,0,0,0,GUROBI,1
2,None,16,36.000000,36.000000,36.000000,558.997998,610.000000,610.000000,0.000004,3.615944,953.393923,1026.194522,11975,3059397,3600.000000,0,0,0,GUROBI,1
3,None,16,36.000000,36.000000,36.000000,560.923173,610.000000,610.000000,0.000003,4.571800,378.203106,2484.174616,23644,6602044,3600.000000,0,0,0,GUROBI,1
