instanceIndex,vpcGenerator,terms,lpBound,disjunctiveDualBound,lpBoundPostVpc,rootDualBound,dualBound,primalBound,vpcGenerationTime,rootDualBoundTime,bestSolutionTime,terminationTime,nodes,iterations,maxTime,actualTerms,numCuts,cutLimit,mipSolver,providePrimalBound,infeasibleTerms,feasibleToInfeasibleTerms,infeasibleToFeasibleTerms
0,New,16,25302.209524,26546.641734,25805.491566,129090.840776,130582.943344,130596.000000,2.401267,3.148547,237.851652,377.048904,102962,1487143,3600.000000,16,2,321,GUROBI,1,0,0,0
1,Old,16,24578.678529,25714.924105,24706.472339,122511.716479,123058.693533,123071.000000,1.100584,2.065184,248.956730,344.182228,98862,1519704,3600.000000,16,2,0,GUROBI,1,0,0,0
2,Old,16,25054.821042,25752.487199,25329.950786,121510.780370,121874.028281,121883.000000,1.111750,1.906602,14.379931,14.380132,1018,15537,3600.000000,16,2,0,GUROBI,1,0,0,0
3,Old,16,23608.936780,24824.635114,24028.525683,124988.623312,126257.373042,126270.000000,1.105782,1.805381,318.361008,442.114410,148700,2063270,3600.000000,16,2,0,GUROBI,1,0,0,0
4,Old,16,24759.507999,25868.448655,25375.684745,121367.099157,121910.807842,121923.000000,1.120955,1.854498,127.486053,127.486337,22348,414815,3600.000000,16,3,0,GUROBI,1,0,0,0
