instanceIndex,vpcGenerator,terms,lpBound,disjunctiveDualBound,lpBoundPostVpc,rootDualBound,dualBound,primalBound,vpcGenerationTime,rootDualBoundTime,bestSolutionTime,terminationTime,nodes,iterations,maxTime,actualTerms,numCuts,cutLimit,mipSolver,providePrimalBound
0,New,64,25302.209524,27137.949884,25805.491566,129090.840776,130582.943344,130596.000000,5.921132,6.676311,242.706312,382.483092,102962,1487143,3600.000000,64,2,321,GUROBI,1
1,New,64,25347.143996,77039.504380,26385.816589,139348.686310,142106.933014,142121.000000,7.212055,7.511301,11.389072,11.389261,1555,11633,3600.000000,165,1,332,GUROBI,1
2,New,64,25401.974628,103663.542981,25966.087531,150223.848105,153590.641200,153606.000000,8.406558,8.661426,32.974429,32.974666,14451,88923,3600.000000,203,2,335,GUROBI,1
3,New,64,25259.909303,86734.020112,25443.696769,140556.787825,144012.598543,144027.000000,7.353106,7.648440,36.837221,41.546270,17154,130314,3600.000000,172,1,333,GUROBI,1
4,New,64,25378.443648,75534.462973,25860.411994,138413.558058,142892.259748,142897.000000,7.438246,7.745947,49.412553,49.412741,20730,160752,3600.000000,166,1,333,GUROBI,1
5,New,64,25347.589616,102569.530779,26061.997286,150258.700195,152463.377376,152478.000000,8.290093,8.520394,11.943836,11.944021,1968,10122,3600.000000,198,2,337,GUROBI,1
