instanceIndex,vpcGenerator,terms,lpBound,disjunctiveDualBound,lpBoundPostVpc,rootDualBound,dualBound,primalBound,vpcGenerationTime,rootDualBoundTime,bestSolutionTime,terminationTime,nodes,iterations,maxTime,actualTerms,numCuts,cutLimit,mipSolver,providePrimalBound,infeasibleTerms,feasibleToInfeasibleTerms,infeasibleToFeasibleTerms
0,New,4,25302.209524,25611.359565,25498.481331,129090.840776,130582.943344,130596.000000,1.329181,2.080679,237.888592,377.894005,102962,1487143,3600.000000,4,2,321,GUROBI,1,0,0,0
1,New,4,25299.203618,42339.468674,25485.486197,133769.006980,134206.684358,134220.000000,0.588372,1.262651,9.458631,9.458831,1828,24040,3600.000000,34,1,325,GUROBI,1,32,0,0
2,New,4,25291.861011,40522.180619,25855.412413,130857.951460,131442.920654,131456.000000,0.524340,1.189748,27.132650,30.587735,9211,108768,3600.000000,29,1,321,GUROBI,1,27,0,0
3,New,4,25289.991825,50808.502915,25857.548567,134267.876685,134745.562040,134759.000000,0.885874,1.377964,21.013917,21.014183,8486,64766,3600.000000,54,1,327,GUROBI,1,52,0,0
4,New,4,25273.475526,44437.414126,26023.884246,132761.829378,133559.654021,133571.000000,0.579165,1.313508,28.594159,28.594428,8305,97795,3600.000000,33,1,328,GUROBI,1,31,0,0
