instanceIndex,vpcGenerator,terms,lpBound,disjunctiveDualBound,lpBoundPostVpc,rootDualBound,dualBound,primalBound,vpcGenerationTime,rootDualBoundTime,bestSolutionTime,terminationTime,nodes,iterations,maxTime,actualTerms,numCuts,cutLimit,mipSolver,providePrimalBound,infeasibleTerms,feasibleToInfeasibleTerms,infeasibleToFeasibleTerms
0,New,4,0.000000,0.000000,0.000000,0.000000,28290.000000,28290.000000,1.470174,1.795143,15.402188,30.670426,11814,80854,3600.000000,4,9,24,GUROBI,1,0,0,0
1,Farkas,4,0.000000,0.000000,0.000000,0.000000,28290.000000,28290.000000,0.017640,0.275189,10.608715,27.433955,12263,84342,3600.000000,4,9,0,GUROBI,1,0,0,0
2,Farkas,4,-0.312500,-0.312500,-0.312500,-0.312500,28289.937500,28289.937500,0.022531,0.242056,5.832233,6.075281,3801,30366,3600.000000,4,9,0,GUROBI,1,0,0,0
3,Farkas,4,0.000000,0.000000,0.000000,0.000000,28290.000000,28290.000000,0.019287,0.262574,4.002473,4.188453,2251,19056,3600.000000,4,9,0,GUROBI,1,0,0,0
4,Farkas,4,0.000000,0.000000,0.000000,0.000000,28288.000000,28290.000000,0.019680,0.323983,6.141914,34.172486,13926,93956,3600.000000,4,9,0,GUROBI,1,0,0,0
5,Farkas,4,-0.015063,-0.015063,-0.015063,0.000000,28288.317708,28290.000000,0.023483,0.329668,9.878133,9.878254,6566,46677,3600.000000,4,9,0,GUROBI,1,0,0,0
