instanceIndex,vpcGenerator,terms,lpBound,disjunctiveDualBound,lpBoundPostVpc,rootDualBound,dualBound,primalBound,vpcGenerationTime,rootDualBoundTime,bestSolutionTime,terminationTime,nodes,iterations,maxTime,actualTerms,numCuts,cutLimit,mipSolver,providePrimalBound
0,None,4,0.000000,0.000000,0.000000,0.000000,28290.000000,28290.000000,0.000002,0.431314,5.624049,5.761190,2640,22952,3600.000000,0,0,0,GUROBI,1
1,None,4,-0.062500,-0.062500,-0.062500,-0.062500,28287.937500,28289.937500,0.000002,0.435586,20.732241,24.099636,14552,96418,3600.000000,0,0,0,GUROBI,1
2,None,4,0.000000,0.000000,0.000000,0.000000,28290.000000,28290.000000,0.000001,0.362069,37.259981,37.260093,14738,98754,3600.000000,0,0,0,GUROBI,1
3,None,4,-0.059704,-0.059704,-0.059704,0.000000,28289.708333,28290.000000,0.000002,0.346453,3.148848,9.749128,6701,49712,3600.000000,0,0,0,GUROBI,1
4,None,4,0.000000,0.000000,0.000000,0.000000,28289.625000,28290.000000,0.000002,0.399898,12.008701,32.033491,12019,82260,3600.000000,0,0,0,GUROBI,1
5,None,4,0.000000,0.000000,0.000000,0.000000,28288.125000,28290.000000,0.000002,0.379072,7.039987,14.442116,7993,58621,3600.000000,0,0,0,GUROBI,1
6,None,4,0.000000,0.000000,0.000000,0.000000,28287.312500,28290.000000,0.000002,0.381128,21.419531,21.829543,12787,95396,3600.000000,0,0,0,GUROBI,1
7,None,4,0.000000,0.000000,0.000000,0.000000,28288.187500,28290.000000,0.000002,0.287163,23.248942,23.249048,14357,95058,3600.000000,0,0,0,GUROBI,1
8,None,4,0.000000,0.000000,0.000000,0.000000,28288.000000,28290.125000,0.000001,0.388700,9.043774,17.784199,9388,79171,3600.000000,0,0,0,GUROBI,1
9,None,4,-0.060252,-0.060252,-0.060252,0.000000,28288.333333,28290.000000,0.000001,0.372765,26.729461,26.729595,15110,103297,3600.000000,0,0,0,GUROBI,1
10,None,4,-0.060190,-0.060190,-0.060190,0.000000,28287.777778,28290.000000,0.000002,0.320432,20.196862,25.498163,14051,97012,3600.000000,0,0,0,GUROBI,1
