instanceIndex,vpcGenerator,terms,lpBound,disjunctiveDualBound,lpBoundPostVpc,rootDualBound,dualBound,primalBound,vpcGenerationTime,rootDualBoundTime,bestSolutionTime,terminationTime,nodes,iterations,maxTime,actualTerms,numCuts,cutLimit,mipSolver,providePrimalBound
0,New,4,0.000000,0.000000,0.000000,0.000000,28290.000000,28290.000000,0.556785,0.872553,16.298712,33.121939,11814,80854,3600.000000,4,10,24,GUROBI,1
1,Farkas,4,0.000000,0.000000,0.000000,0.000000,28290.000000,28290.000000,0.017213,0.397580,15.115835,29.310072,13094,91371,3600.000000,4,10,0,GUROBI,1
2,Farkas,4,-0.312500,-0.312500,-0.312500,-0.312500,28289.937500,28289.937500,0.017303,0.279169,7.823208,18.820578,10252,83631,3600.000000,4,10,0,GUROBI,1
3,Farkas,4,0.000000,0.000000,0.000000,0.000000,28287.456140,28290.000000,0.016787,0.356941,4.856242,4.856346,2452,18871,3600.000000,4,10,0,GUROBI,1
4,Farkas,4,0.000000,0.000000,0.000000,0.000000,28288.000000,28290.000000,0.017443,0.428226,7.159822,36.290942,13926,93956,3600.000000,4,10,0,GUROBI,1
5,Farkas,4,-0.015063,-0.015063,-0.015063,0.000000,28289.175824,28290.000000,0.021185,0.402818,7.388985,28.732138,15836,111528,3600.000000,4,10,0,GUROBI,1
