instanceIndex,vpcGenerator,terms,lpBound,disjunctiveDualBound,lpBoundPostVpc,rootDualBound,dualBound,primalBound,vpcGenerationTime,rootDualBoundTime,bestSolutionTime,terminationTime,nodes,iterations,maxTime,actualTerms,numCuts,cutLimit,mipSolver,providePrimalBound
0,New,4,0.000000,0.000000,0.000000,0.000000,28290.000000,28290.000000,0.621579,1.097875,16.842926,32.325296,11814,80854,3600.000000,4,10,24,GUROBI,1
1,Old,4,0.000000,0.000000,0.000000,0.000000,28290.000000,28290.000000,0.165332,0.516302,8.700970,17.654455,11323,82800,3600.000000,4,10,0,GUROBI,1
2,Old,4,-0.312500,-0.312500,-0.312500,-0.312500,28287.198864,28289.937500,0.304810,0.612227,22.482330,25.683032,15641,105466,3600.000000,4,25,0,GUROBI,1
3,Old,4,0.000000,0.000000,0.000000,0.000000,28288.105056,28290.000000,0.174861,0.532526,4.467569,4.641309,2138,19821,3600.000000,4,11,0,GUROBI,1
4,Old,4,0.000000,0.000000,0.000000,0.000000,28288.000000,28290.000000,0.163889,0.684610,27.797434,27.797581,12008,81361,3600.000000,4,10,0,GUROBI,1
5,Old,4,-0.015063,-0.015063,-0.015063,0.000000,28290.000000,28290.000000,0.232560,0.764948,28.314546,29.744700,12585,77304,3600.000000,4,2,0,GUROBI,1
