lpBound,disjunctiveDualBound,lpBoundPostVpc,rootDualBound,dualBound,heuristicPrimalBound,primalBound,vpcGenerationTime,heuristicTime,rootDualBoundTime,firstSolutionTime,bestSolutionTime,terminationTime,maxTime,vpcGenerator,terms,iterations,nodes
3320.771000,3320.771000,3320.771000,8491.052933,9015.936652,12043.000000,12043.000000,0.110715,3.377305,8.858579,3.377139,9.282403,303.555334,300.000000,None,4,150905,12849
56927.370000,3410.289000,3410.289000,57721.790172,58391.000000,58391.000000,58391.000000,0.009288,0.586336,1.575249,0.586351,1.593811,3.374892,300.000000,None,4,1754,204
