lpBound,disjunctiveDualBound,lpBoundPostVpc,rootDualBound,dualBound,heuristicPrimalBound,primalBound,vpcGenerationTime,heuristicTime,rootDualBoundTime,firstSolutionTime,bestSolutionTime,terminationTime,maxTime,vpcGenerator,terms,iterations,nodes
2442.144012,2701.455876,2701.455876,32017.950869,32017.950869,82422.000000,52873.000000,59.308005,76.127542,112.929875,76.127562,236.834126,361.933503,300.000000,New,4,4253,885
0.000000,23989.706725,23989.706725,0.000000,23989.706725,103752.178087,103752.178087,496.114733,1053.694729,0.000000,1053.694724,1053.694720,1057.398738,300.000000,Farkas,4,0,0
0.000000,47968.748992,47968.748992,0.000000,47968.748992,100000000000000007629769841091887003294964970946560.000000,100000000000000007629769841091887003294964970946560.000000,1311.326216,1758.138517,0.000000,0.000000,0.000000,1772.205042,300.000000,Farkas,4,0,0
0.000000,25670.781712,25670.781712,0.000000,25670.781712,136498.285429,136498.285429,935.332129,1630.503136,0.000000,1630.503022,1630.502961,1632.790107,300.000000,Farkas,4,0,0
0.000000,27528.769192,27466.588600,0.000000,27466.588600,142628.539335,142628.539335,1133.711060,1761.893234,0.000000,1761.893351,1761.893446,1778.335037,300.000000,Farkas,4,0,0
0.000000,40290.022245,40290.022245,0.000000,40290.022245,100000000000000007629769841091887003294964970946560.000000,100000000000000007629769841091887003294964970946560.000000,1286.624852,1717.876968,0.000000,0.000000,0.000000,1732.772900,300.000000,Farkas,4,0,0
0.000000,27989.189596,27926.523636,0.000000,27926.523636,100000000000000007629769841091887003294964970946560.000000,100000000000000007629769841091887003294964970946560.000000,1251.770391,1690.516758,0.000000,0.000000,0.000000,1703.127108,300.000000,Farkas,4,0,0
0.000000,15021.466241,15021.454240,0.000000,15021.454240,100000000000000007629769841091887003294964970946560.000000,100000000000000007629769841091887003294964970946560.000000,1626.634986,2069.958737,0.000000,0.000000,0.000000,2087.203910,300.000000,Farkas,4,0,0
