instanceIndex,vpcGenerator,terms,lpBound,disjunctiveDualBound,lpBoundPostVpc,rootDualBound,dualBound,primalBound,vpcGenerationTime,rootDualBoundTime,bestSolutionTime,terminationTime,nodes,iterations,maxTime,actualTerms,numCuts,mipSolver,providePrimalBound
0,New,4,25877.609268,25960.674911,25888.157190,25964.667018,25965.000000,10000000000000000159028911097599180468360808563945281389781327557747838772170381060813469985856815104.000000,372.598856,373.600198,372.598856,373.602324,1,1451,300.000000,4,2,GUROBI,1
