instanceIndex,vpcGenerator,terms,lpBound,disjunctiveDualBound,lpBoundPostVpc,rootDualBound,dualBound,primalBound,vpcGenerationTime,rootDualBoundTime,bestSolutionTime,terminationTime,nodes,iterations,maxTime,actualTerms,numCuts,mipSolver,providePrimalBound
0,None,16,869515.130911,869515.130911,869515.130911,873792.058578,878345.541618,878430.316000,0.001276,0.023763,1.166111,1.166188,9358,19031,300.000000,0,0,GUROBI,1
1,None,16,872789.956156,872789.956156,872789.956156,877098.024231,878958.774526,879023.368000,0.001200,0.019236,0.055401,0.269628,1767,3404,300.000000,0,0,GUROBI,1
2,None,16,729461.151971,729461.151971,729461.151971,730845.141756,730965.700000,730965.700000,0.001362,0.029682,0.029928,0.030218,1,41,300.000000,0,0,GUROBI,1
3,None,16,703794.923494,703794.923494,703794.923494,777010.416764,782042.460056,782042.460056,0.000996,0.027259,0.030414,0.030652,15,108,300.000000,0,0,GUROBI,1
4,None,16,713626.561942,713626.561942,713626.561942,787940.541676,835394.312500,835394.312500,0.000991,0.038829,0.056016,0.060466,123,464,300.000000,0,0,GUROBI,1
5,None,16,846210.894458,846210.894458,846210.894458,868099.570343,869034.421750,869034.421750,0.001568,0.020503,0.024110,0.024330,25,83,300.000000,0,0,GUROBI,1
6,None,16,1175093.458971,1175093.458971,1175093.458971,1284435.758792,1297706.602487,1297801.366000,0.001477,0.041976,0.059005,0.062988,125,590,300.000000,0,0,GUROBI,1
7,None,16,1073506.862106,1073506.862106,1073506.862106,1083590.201789,1084590.514094,1084605.466000,0.001461,0.019255,0.034760,0.034834,143,261,300.000000,0,0,GUROBI,1
8,None,16,940688.776339,940688.776339,940688.776339,954954.051313,958815.399328,958843.900333,0.000956,0.019410,0.024904,0.024971,42,110,300.000000,0,0,GUROBI,1
