instanceIndex,vpcGenerator,terms,lpBound,disjunctiveDualBound,lpBoundPostVpc,rootDualBound,dualBound,primalBound,vpcGenerationTime,rootDualBoundTime,bestSolutionTime,terminationTime,nodes,iterations,maxTime,actualTerms,numCuts,mipSolver,providePrimalBound
0,New,64,-2451537.325024,-2451428.335459,-2451436.342460,-2451435.364427,-2451435.330096,10000000000000000159028911097599180468360808563945281389781327557747838772170381060813469985856815104.000000,357.597221,358.266357,357.597221,358.639001,1,1611,300.000000,128,2,GUROBI,1
1,Old,64,-2428257.880555,-2428251.590061,-2428251.590061,-2409952.639563,-2409952.639563,10000000000000000159028911097599180468360808563945281389781327557747838772170381060813469985856815104.000000,327.428401,328.418746,327.428401,328.429218,1,1483,300.000000,128,3,GUROBI,1
2,Old,64,-2369201.258270,-2369154.054342,-2369154.054342,-2293572.393571,-2293567.000000,-2293424.000000,226.794659,227.721585,230.603333,230.605072,853,2959,300.000000,128,1,GUROBI,1
