instanceIndex,vpcGenerator,terms,lpBound,disjunctiveDualBound,lpBoundPostVpc,rootDualBound,dualBound,primalBound,vpcGenerationTime,rootDualBoundTime,bestSolutionTime,terminationTime,nodes,iterations,maxTime,actualTerms,numCuts,mipSolver,providePrimalBound
0,New,64,197818.254988,216741.577870,208278.683326,389184.718773,405935.180000,405935.180000,225.553164,225.756218,226.089751,226.122647,213,1633,300.000000,124,38,GUROBI,1
1,Farkas,64,201703.515638,219932.678796,205838.563005,397185.217443,407941.580000,407941.580000,5.795318,6.027227,6.258341,6.260667,115,1251,300.000000,124,38,GUROBI,1
2,Farkas,64,199298.948957,216741.577870,207547.191351,392142.956316,405935.180000,405935.180000,5.273173,5.521127,5.757759,5.763664,140,1482,300.000000,124,38,GUROBI,1
3,Farkas,64,191000.063312,207420.929537,193266.250097,413825.513156,419580.470000,419580.470000,5.327654,5.509340,5.540872,5.541015,10,587,300.000000,124,38,GUROBI,1
4,Farkas,64,196893.419530,215282.317870,205154.451328,371434.572463,395788.749074,395788.749074,4.775523,5.026683,5.315119,5.315300,187,1789,300.000000,124,38,GUROBI,1
5,Farkas,64,199593.681125,217006.077870,205136.680404,390155.510148,407941.580000,407941.580000,5.078665,5.307470,5.445115,5.500371,136,1450,300.000000,124,38,GUROBI,1
6,Farkas,64,215313.318984,231521.105278,217898.668570,454049.285160,471133.510000,471133.510000,5.204895,5.409495,5.797560,5.797706,189,1416,300.000000,124,38,GUROBI,1
