instanceIndex,vpcGenerator,terms,lpBound,disjunctiveDualBound,lpBoundPostVpc,rootDualBound,dualBound,primalBound,vpcGenerationTime,rootDualBoundTime,bestSolutionTime,terminationTime,nodes,iterations,maxTime,actualTerms,numCuts,mipSolver,providePrimalBound
0,New,64,27900674.901759,27944304.375749,27927556.392549,27960713.569204,27988823.033908,27991042.648383,515.194852,515.763786,515.870525,515.897526,49,1478,300.000000,101,59,GUROBI,1
1,New,64,27900268.775831,27943880.267671,27927738.210844,27965611.180519,27987946.302148,27990641.708823,539.397070,540.083162,540.253938,540.276082,55,1851,300.000000,98,59,GUROBI,1
