instanceIndex,vpcGenerator,terms,lpBound,disjunctiveDualBound,lpBoundPostVpc,rootDualBound,dualBound,primalBound,vpcGenerationTime,rootDualBoundTime,bestSolutionTime,terminationTime,nodes,iterations,maxTime,actualTerms,numCuts,mipSolver,providePrimalBound
0,New,64,38893.903641,39041.736508,39028.895865,39034.615583,40001.061295,40005.053810,32.190519,32.276495,49.698421,222.945811,267429,1905454,300.000000,64,11,GUROBI,1
2,Old,64,26871.973501,26942.983652,26935.500497,27074.324572,28247.289436,28250.000270,11.536248,11.864616,39.434176,39.434311,137062,698625,300.000000,64,11,GUROBI,1
4,Old,64,29490.679382,29537.286725,29531.579423,29696.633822,30858.062370,30860.978170,17.235405,17.428231,27.964061,38.822743,88646,509587,300.000000,64,11,GUROBI,1
5,Old,64,38135.918771,38140.663417,38139.239779,38326.529160,39560.216596,39564.142150,17.240795,17.492961,33.709711,39.170770,120969,559894,300.000000,64,11,GUROBI,1
8,Old,64,38894.584473,39042.662311,39029.665987,39034.876817,40002.069464,40006.053810,15.871510,15.983142,222.657507,222.657717,315052,1926454,300.000000,64,11,GUROBI,1
9,Old,64,30206.403136,30217.050553,30217.050553,30418.600285,31607.899243,31610.996990,13.808518,14.050770,20.742940,22.997006,45712,221787,300.000000,64,11,GUROBI,1
