instanceIndex,vpcGenerator,terms,lpBound,disjunctiveDualBound,lpBoundPostVpc,rootDualBound,dualBound,primalBound,vpcGenerationTime,rootDualBoundTime,bestSolutionTime,terminationTime,nodes,iterations,maxTime,actualTerms,numCuts,mipSolver,providePrimalBound
0,New,64,20430947.618854,20509302.700170,20438640.668688,20731272.625885,20740044.565756,20740496.768779,62.675507,62.841585,62.860599,62.861906,27,730,300.000000,64,30,GUROBI,1
1,New,64,20452607.653056,21136701.529194,20516510.028781,21175172.947147,21179088.826287,21179226.133110,11.975363,12.087626,12.094025,12.094569,14,495,300.000000,119,3,GUROBI,1
2,New,64,20435552.135477,21004965.455170,20443262.265538,21030240.820175,21037976.269732,21039420.977807,8.107864,8.180059,8.195054,8.195150,20,461,300.000000,109,1,GUROBI,1
3,New,64,20422520.539688,20976360.456771,20437883.552175,21029638.101852,21062790.737858,21064559.375170,19.025416,19.107247,19.178484,19.252159,294,1460,300.000000,115,7,GUROBI,1
4,New,64,20420592.779233,21096103.835876,20429370.483328,21136086.737665,21151827.441562,21151827.441562,8.053432,8.112461,8.123044,8.125490,30,437,300.000000,118,1,GUROBI,1
5,New,64,20451816.883835,21332145.120014,20477120.122605,21333150.880215,21337658.648950,21338985.010508,23.487483,23.553347,23.561310,23.561411,29,362,300.000000,138,9,GUROBI,1
6,New,64,20442025.489321,21254682.197631,20457971.329971,21260288.259876,21260498.454422,21260498.454422,8.498357,8.550557,8.551113,8.551687,3,299,300.000000,130,1,GUROBI,1
8,New,64,20435915.135096,21224917.129483,20450975.791553,21238616.773008,21238928.015042,21238928.015042,8.172956,8.223230,8.229423,8.229506,12,304,300.000000,125,1,GUROBI,1
10,New,64,20443872.349847,21157493.195851,20452649.433092,21175985.072449,21176112.836075,21176112.836075,8.154227,8.209990,8.216324,8.216410,12,354,300.000000,122,1,GUROBI,1
