instanceIndex,vpcGenerator,terms,lpBound,disjunctiveDualBound,lpBoundPostVpc,rootDualBound,dualBound,primalBound,vpcGenerationTime,rootDualBoundTime,bestSolutionTime,terminationTime,nodes,iterations,maxTime,actualTerms,numCuts,mipSolver,providePrimalBound
0,None,16,2839.491838,2839.491838,2839.491838,3074.166667,3089.000000,3089.000000,0.001702,0.024011,0.024407,0.024468,3,50,300.000000,0,0,GUROBI,1
1,None,16,2490.329059,2490.329059,2490.329059,2519.121951,2523.000000,2523.000000,0.004614,0.008321,0.008455,0.008621,1,20,300.000000,0,0,GUROBI,1
2,None,16,2517.227632,2517.227632,2517.227632,2804.000000,2817.000000,2817.000000,0.004529,0.045649,0.046145,0.046198,5,87,300.000000,0,0,GUROBI,1
3,None,16,2829.784371,2829.784371,2829.784371,3165.000000,3165.000000,3165.000000,0.000625,0.003936,0.003815,0.003936,0,0,300.000000,0,0,GUROBI,1
4,None,16,2526.315558,2526.315558,2526.315558,2771.000000,2771.000000,2771.000000,0.000617,0.004878,0.005089,0.005286,1,10,300.000000,0,0,GUROBI,1
5,None,16,2491.299906,2491.299906,2491.299906,2963.333333,2970.000000,10000000000000000159028911097599180468360808563945281389781327557747838772170381060813469985856815104.000000,0.000511,0.007963,0.000511,0.008562,1,16,300.000000,0,0,GUROBI,1
6,None,16,2935.144106,2935.144106,2935.144106,3089.000000,3089.000000,10000000000000000159028911097599180468360808563945281389781327557747838772170381060813469985856815104.000000,0.000611,0.000611,0.000611,0.004120,1,11,300.000000,0,0,GUROBI,1
7,None,16,2705.852500,2705.852500,2705.852500,3088.625000,3089.000000,3089.000000,0.000529,0.006691,0.006971,0.007267,1,13,300.000000,0,0,GUROBI,1
8,None,16,2619.376006,2619.376006,2619.376006,2760.000000,2760.000000,2760.000000,0.000596,0.004045,0.004354,0.004637,1,13,300.000000,0,0,GUROBI,1
