instanceIndex,vpcGenerator,terms,lpBound,disjunctiveDualBound,lpBoundPostVpc,rootDualBound,dualBound,primalBound,vpcGenerationTime,rootDualBoundTime,bestSolutionTime,terminationTime,nodes,iterations,maxTime,actualTerms,numCuts,mipSolver,providePrimalBound
0,New,16,2718.191338,2725.385583,2725.385583,3121.643934,3124.000000,10000000000000000159028911097599180468360808563945281389781327557747838772170381060813469985856815104.000000,156.744065,157.488022,156.744065,157.519803,6,829,300.000000,123,3,GUROBI,1
2,New,16,2549.483184,2556.677428,2556.677428,2962.719348,2966.000000,2966.000000,169.384437,170.290082,170.478203,170.479359,65,1053,300.000000,175,4,GUROBI,1
3,New,16,2575.924988,2624.438176,2617.243931,2989.215686,2990.000000,2990.000000,80.247760,80.889148,80.964465,80.966407,24,734,300.000000,157,1,GUROBI,1
4,New,16,2593.295706,2601.818546,2594.572169,2995.046245,2996.000000,2996.000000,125.431328,126.421340,126.476432,126.476701,18,1000,300.000000,173,1,GUROBI,1
5,New,16,2651.866309,2659.060554,2654.473686,3048.226692,3052.000000,3052.000000,137.008811,137.685513,137.719709,137.722612,11,913,300.000000,157,2,GUROBI,1
6,New,16,2570.784036,2579.216007,2573.295582,2990.240574,2994.000000,2994.000000,160.947380,161.966981,162.903964,162.910606,200,1310,300.000000,193,3,GUROBI,1
8,New,16,2415.001087,2443.044621,2421.849415,2898.755172,2909.000000,2909.000000,115.275480,115.732501,115.769520,115.779908,17,437,300.000000,272,2,GUROBI,1
9,New,16,2686.552437,2687.492773,2686.589412,3080.188358,3085.000000,3085.000000,115.531152,116.168494,117.219874,117.221409,218,1241,300.000000,146,1,GUROBI,1
10,New,16,2686.391779,2693.586023,2689.166138,3096.545549,3099.000000,3099.000000,115.415006,116.448232,116.527094,116.529918,19,963,300.000000,133,1,GUROBI,1
