instanceIndex,vpcGenerator,terms,lpBound,disjunctiveDualBound,lpBoundPostVpc,rootDualBound,dualBound,primalBound,vpcGenerationTime,rootDualBoundTime,bestSolutionTime,terminationTime,nodes,iterations,maxTime,actualTerms,numCuts,mipSolver,providePrimalBound
0,None,16,16.433333,16.433333,16.433333,18.250000,20.000000,10000000000000000159028911097599180468360808563945281389781327557747838772170381060813469985856815104.000000,0.001487,0.025147,0.001487,0.026071,1,219,300.000000,0,0,GUROBI,1
1,None,16,12.780992,12.780992,12.780992,20.612755,21.000000,21.000000,0.001180,0.094727,0.099823,0.100153,8,371,300.000000,0,0,GUROBI,1
