instanceIndex,vpcGenerator,terms,lpBound,disjunctiveDualBound,lpBoundPostVpc,rootDualBound,dualBound,primalBound,vpcGenerationTime,rootDualBoundTime,bestSolutionTime,terminationTime,nodes,iterations,maxTime,actualTerms,numCuts,cutLimit,mipSolver,providePrimalBound
0,None,16,7649.866134,7649.866134,7649.866134,7770.367871,8090.000000,8090.000000,0.000012,0.716465,0.993940,1.661905,568,12393,3600.000000,0,0,0,GUROBI,1
1,None,16,7699.072646,7699.072646,7699.072646,7813.450355,8135.000000,8135.000000,0.000002,0.589223,2.605891,2.606034,1250,26289,3600.000000,0,0,0,GUROBI,1
2,None,16,7674.871361,7674.871361,7674.871361,7790.196765,8116.000000,8116.000000,0.000002,0.559113,1.838819,1.838932,902,17142,3600.000000,0,0,0,GUROBI,1
3,None,16,7640.408724,7640.408724,7640.408724,7743.480123,7998.000000,7998.000000,0.000002,0.633080,1.182351,1.182462,265,6600,3600.000000,0,0,0,GUROBI,1
4,None,16,7736.352942,7736.352942,7736.352942,7835.839968,8170.000000,8170.000000,0.000003,0.591735,2.551712,2.551985,1374,27964,3600.000000,0,0,0,GUROBI,1
