instanceIndex,vpcGenerator,terms,lpBound,disjunctiveDualBound,lpBoundPostVpc,rootDualBound,dualBound,primalBound,vpcGenerationTime,rootDualBoundTime,bestSolutionTime,terminationTime,nodes,iterations,maxTime,actualTerms,numCuts,cutLimit,mipSolver,providePrimalBound
0,New,4,2879.065687,2892.465688,2892.465688,3200.993653,3293.135782,3311.179932,1.347143,2.254558,3601.350058,3601.350299,355351,14590490,3600.000000,4,2,29,GUROBI,1
1,New,4,225.889933,226.910629,226.910629,325.723632,326.159994,326.160004,12.146669,12.264646,12.146669,12.266453,1,319,3600.000000,40,2,6,GUROBI,1
2,New,4,123.879534,124.901492,124.901492,190.747096,193.559999,193.559998,17.994907,18.242703,18.467188,18.467380,142,654,3600.000000,49,4,8,GUROBI,1
3,New,4,58.298748,59.057179,59.057179,94.313333,94.370000,94.370003,14.910295,15.030392,14.910295,15.032066,1,222,3600.000000,49,2,4,GUROBI,1
