instanceIndex,vpcGenerator,terms,lpBound,disjunctiveDualBound,lpBoundPostVpc,rootDualBound,dualBound,primalBound,vpcGenerationTime,rootDualBoundTime,bestSolutionTime,terminationTime,nodes,iterations,maxTime,actualTerms,numCuts,cutLimit,mipSolver,providePrimalBound
0,New,16,7579621.830870,7579760.859757,7579621.830870,7580208.340088,7580424.134430,7581174.929148,5.137727,5.875605,55.520833,59.567091,10210,157335,3600.000000,20,2,64,GUROBI,1
1,New,16,5992456.646692,6049699.723403,5993657.393853,6091049.553408,6125654.440155,6126133.000000,5.821435,6.941828,679.583060,679.605259,94346,2533082,3600.000000,50,1,98,GUROBI,1
