instanceIndex,vpcGenerator,terms,lpBound,disjunctiveDualBound,lpBoundPostVpc,rootDualBound,dualBound,primalBound,vpcGenerationTime,rootDualBoundTime,bestSolutionTime,terminationTime,nodes,iterations,maxTime,actualTerms,numCuts,cutLimit,mipSolver,providePrimalBound
0,New,4,11.724138,13.500000,13.500000,19.435591,54.600000,54.599998,652.006316,653.438303,702.084982,1006.838099,119354,4572808,3600.000000,4,33,33,GUROBI,1
1,Old,4,11.724138,13.500000,12.814685,41.538515,54.599341,54.599998,1515.509868,1517.098563,1617.123633,1851.325674,24907,2513417,3600.000000,4,19,0,GUROBI,1
2,Old,4,11.724138,13.500000,13.202203,41.712468,54.595395,54.599998,879.670175,881.495645,1303.461592,1347.127892,30074,3198540,3600.000000,4,25,0,GUROBI,1
3,Old,4,11.724138,13.078125,12.725694,44.929126,54.004776,54.006248,1044.177751,1046.403872,1148.880267,1320.918804,21078,2229406,3600.000000,4,24,0,GUROBI,1
4,Old,4,11.724138,13.500000,13.500000,41.418593,54.598781,54.599998,1130.102819,1131.896028,1221.505537,1417.826449,21951,2348505,3600.000000,4,31,0,GUROBI,1
5,Old,4,11.724138,13.500000,12.814685,41.926542,54.596839,54.599998,618.105681,620.205883,716.115759,957.723509,26117,2640948,3600.000000,4,33,0,GUROBI,1
