instanceIndex,vpcGenerator,terms,lpBound,disjunctiveDualBound,lpBoundPostVpc,rootDualBound,dualBound,primalBound,vpcGenerationTime,rootDualBoundTime,bestSolutionTime,terminationTime,nodes,iterations,maxTime,actualTerms,numCuts,cutLimit,mipSolver,providePrimalBound
0,None,16,2277.076833,2277.076833,2277.076833,2334.571607,2342.315488,2342.315430,0.000003,9.121871,14.546039,14.546919,208,5117,3600.000000,0,0,0,GUROBI,1
1,None,16,2274.197730,2274.197730,2274.197730,2328.792018,2341.090219,2341.315430,0.000004,7.025489,44.754523,44.874794,742,9677,3600.000000,0,0,0,GUROBI,1
2,None,16,2272.431699,2272.431699,2272.431699,2327.323689,2339.983056,2340.214283,0.000004,6.485033,12.843288,13.673366,359,7435,3600.000000,0,0,0,GUROBI,1
3,None,16,2275.020565,2275.020565,2275.020565,2327.935037,2340.048356,2340.214283,0.000003,8.347554,12.810236,13.030713,263,5010,3600.000000,0,0,0,GUROBI,1
4,None,16,2271.102275,2271.102275,2271.102275,2325.629496,2337.135798,2337.214283,0.000004,8.656317,15.600270,15.620049,408,7984,3600.000000,0,0,0,GUROBI,1
5,None,16,2278.101322,2278.101322,2278.101322,2333.333292,2344.133795,2344.315430,0.000003,11.040381,13.488067,15.203415,190,4800,3600.000000,0,0,0,GUROBI,1
