instanceIndex,vpcGenerator,terms,lpBound,disjunctiveDualBound,lpBoundPostVpc,rootDualBound,dualBound,primalBound,vpcGenerationTime,rootDualBoundTime,bestSolutionTime,terminationTime,nodes,iterations,maxTime,actualTerms,numCuts,cutLimit,mipSolver,providePrimalBound
0,None,16,62.637280,62.637280,62.637280,62.737055,64.755718,65.666664,0.000002,1.409970,58.333461,3600.002225,344568,27740192,3600.000000,0,0,0,GUROBI,1
1,None,16,62.690000,62.690000,62.690000,62.690000,65.056122,65.062500,0.000002,1.576416,2307.535766,2326.366393,378829,23752456,3600.000000,0,0,0,GUROBI,1
2,None,16,61.549174,61.549174,61.549174,62.690000,64.498174,64.500000,0.000002,0.777207,11.883981,392.297752,48830,4045121,3600.000000,0,0,0,GUROBI,1
3,None,16,61.061177,61.061177,61.061177,62.690000,64.715787,64.722221,0.000002,1.048937,1141.647783,3064.994312,433204,26083260,3600.000000,0,0,0,GUROBI,1
4,None,16,62.690000,62.690000,62.690000,62.690000,63.736100,63.740741,0.000005,1.315006,271.573814,434.539756,52284,4877056,3600.000000,0,0,0,GUROBI,1
5,None,16,60.938295,60.938295,60.938295,62.690000,64.062007,64.067429,0.000002,1.116460,1870.082609,1870.082804,251707,16437607,3600.000000,0,0,0,GUROBI,1
