instanceIndex,vpcGenerator,terms,lpBound,disjunctiveDualBound,lpBoundPostVpc,rootDualBound,dualBound,primalBound,vpcGenerationTime,rootDualBoundTime,bestSolutionTime,terminationTime,nodes,iterations,maxTime,actualTerms,numCuts,cutLimit,mipSolver,providePrimalBound
0,None,64,-120.000000,-120.000000,-120.000000,-120.000000,-120.000000,-120.000000,0.000002,2.194705,2.207636,2.233380,1,10113,3600.000000,0,0,0,GUROBI,1
1,None,64,-120.000000,-120.000000,-120.000000,-120.000000,-120.000000,-120.000000,0.000003,3.299371,6.662327,6.664072,155,21110,3600.000000,0,0,0,GUROBI,1
2,None,64,-120.000000,-120.000000,-120.000000,-120.000000,-120.000000,-120.000000,0.000003,4.959633,32.537931,32.539414,512,62371,3600.000000,0,0,0,GUROBI,1
3,None,64,-120.000000,-120.000000,-120.000000,-120.000000,-120.000000,-120.000000,0.000003,4.757030,13.730677,13.743090,122,24746,3600.000000,0,0,0,GUROBI,1
