instanceIndex,vpcGenerator,terms,lpBound,disjunctiveDualBound,lpBoundPostVpc,rootDualBound,dualBound,primalBound,vpcGenerationTime,rootDualBoundTime,bestSolutionTime,terminationTime,nodes,iterations,maxTime,actualTerms,numCuts,cutLimit,mipSolver,providePrimalBound
0,New,16,28427.048405,30862.509617,28525.937400,58328.986131,65887.000000,65887.000000,1.912920,2.670740,11.030106,11.031399,636,20139,3600.000000,40,5,134,GUROBI,1
1,New,16,11066.882329,13500.824813,11591.257053,41561.104617,49914.000000,49914.000000,1.622348,2.362139,8.931874,8.931994,640,17557,3600.000000,34,2,113,GUROBI,1
2,New,16,-24810.946518,-21639.130512,-24305.666735,6188.744274,13413.000000,13413.000000,1.837571,2.649450,10.932080,10.932980,705,16932,3600.000000,40,4,101,GUROBI,1
3,New,16,24325.386780,27105.008284,24575.532143,52813.023230,62242.824154,62243.000000,1.604893,2.309658,2.928706,8.241443,598,15382,3600.000000,28,3,120,GUROBI,1
4,New,16,25879.820430,28319.210518,26440.320625,54176.616158,62189.000000,62189.000000,2.018096,2.776637,11.976927,11.979778,692,19863,3600.000000,40,6,120,GUROBI,1
5,New,16,26707.547036,29503.334179,27249.470700,56170.422381,64765.562845,64766.000000,1.640194,2.358508,3.000327,10.142411,652,18668,3600.000000,28,3,126,GUROBI,1
6,New,16,19506.090722,22550.463754,19595.834997,49521.628930,56375.000000,56375.000000,1.660021,2.418104,10.035319,10.040655,634,16324,3600.000000,36,2,116,GUROBI,1
7,New,16,19462.792846,22672.117512,20421.675971,49611.401812,56259.000000,56259.000000,1.939179,2.806025,13.314281,13.364693,678,20125,3600.000000,40,4,114,GUROBI,1
8,New,16,17604.844551,19937.959035,18262.746689,47048.220010,57091.000000,57091.000000,1.621084,2.336693,13.525556,13.526265,719,21510,3600.000000,27,3,114,GUROBI,1
