instanceIndex,vpcGenerator,terms,lpBound,disjunctiveDualBound,lpBoundPostVpc,rootDualBound,dualBound,primalBound,vpcGenerationTime,rootDualBoundTime,bestSolutionTime,terminationTime,nodes,iterations,maxTime,actualTerms,numCuts,cutLimit,mipSolver,providePrimalBound
0,New,4,28427.048405,29521.945883,28721.228958,58328.986131,65887.000000,65887.000000,0.394497,1.169954,9.518166,9.519553,636,20139,3600.000000,4,4,134,GUROBI,1
1,Farkas,4,26651.819894,27746.717373,26946.000448,51323.121565,56488.603944,56489.000000,0.029312,0.748748,1.067300,7.400972,623,14233,3600.000000,4,4,0,GUROBI,1
2,Farkas,4,26052.467029,27063.864930,26344.212324,51795.406678,57636.000000,57636.000000,0.029983,0.655503,8.270809,8.270941,655,12979,3600.000000,4,4,0,GUROBI,1
3,Farkas,4,21920.537963,22181.335955,22076.458387,41265.413948,44306.694444,44306.694444,0.032072,0.520698,0.959460,1.192829,553,5063,3600.000000,4,4,0,GUROBI,1
4,Farkas,4,25874.398574,26465.856483,26077.598071,50800.463364,54905.189254,54906.500000,0.030712,0.740236,7.475085,7.475908,631,12501,3600.000000,4,4,0,GUROBI,1
