instanceIndex,vpcGenerator,terms,lpBound,disjunctiveDualBound,lpBoundPostVpc,rootDualBound,dualBound,primalBound,vpcGenerationTime,rootDualBoundTime,bestSolutionTime,terminationTime,nodes,iterations,maxTime,actualTerms,numCuts,cutLimit,mipSolver,providePrimalBound
0,New,4,28427.048405,29521.945883,28721.228958,58328.986131,65887.000000,65887.000000,0.384230,1.160845,9.540075,9.541376,636,20139,3600.000000,4,4,134,GUROBI,1
1,Old,4,11066.882329,11381.885860,11381.885860,41099.557125,49914.000000,49914.000000,0.283825,0.950938,8.238166,8.238297,640,17356,3600.000000,4,3,0,GUROBI,1
2,Old,4,-24810.946518,-24641.340493,-24641.340493,5694.922835,13413.000000,13413.000000,0.288696,0.909585,1.326451,10.030907,685,14482,3600.000000,4,4,0,GUROBI,1
3,Old,4,24325.386780,25489.405039,24875.968089,53474.472702,62243.000000,62243.000000,0.294613,1.131720,7.754169,7.755235,624,17915,3600.000000,4,3,0,GUROBI,1
4,Old,4,25879.820430,26773.932500,26251.813149,54150.630850,62189.000000,62189.000000,0.294097,1.049455,10.709191,10.714554,666,19984,3600.000000,4,2,0,GUROBI,1
5,Old,4,26707.547036,27897.980942,27032.950280,56517.445896,64766.000000,64766.000000,0.294531,1.033850,9.926193,9.941693,680,18744,3600.000000,4,2,0,GUROBI,1
6,Old,4,19506.090722,20358.305071,19788.999181,48881.538384,56375.000000,56375.000000,0.291170,0.939937,9.363992,9.364125,650,18229,3600.000000,4,2,0,GUROBI,1
7,Old,4,19462.792846,21184.198808,20028.792846,49072.615701,56258.921741,56259.000000,0.281973,1.190364,10.023594,10.030086,662,19034,3600.000000,4,2,0,GUROBI,1
8,Old,4,17604.844551,18146.496916,17960.624993,46917.338588,57091.000000,57091.000000,0.292026,1.037901,11.077396,11.080679,695,19358,3600.000000,4,2,0,GUROBI,1
