instanceIndex,vpcGenerator,terms,lpBound,disjunctiveDualBound,lpBoundPostVpc,rootDualBound,dualBound,primalBound,vpcGenerationTime,rootDualBoundTime,bestSolutionTime,terminationTime,nodes,iterations,maxTime,actualTerms,numCuts,cutLimit,mipSolver,providePrimalBound
0,None,16,6766.249840,6766.249840,6766.249840,6767.982893,6840.281594,6840.965642,0.000023,0.062586,10.627121,2905.843728,18136672,52479107,3600.000000,0,0,0,GUROBI,1
1,None,16,6767.344000,6767.344000,6767.344000,6769.277508,6832.322292,6833.005371,0.000003,0.042942,69.645249,935.832718,5897404,17061170,3600.000000,0,0,0,GUROBI,1
2,None,16,6767.305012,6767.305012,6767.305012,6768.412094,6815.258012,6815.939453,0.000003,0.040278,348.084279,781.075914,4596945,14845674,3600.000000,0,0,0,GUROBI,1
3,None,16,6760.804602,6760.804602,6760.804602,6764.060620,6838.311544,6838.995442,0.000002,0.039828,736.250214,1629.952677,10241909,29283292,3600.000000,0,0,0,GUROBI,1
4,None,16,6777.610865,6777.610865,6777.610865,6778.688299,6836.045321,6836.728910,0.000003,0.052294,1082.929125,1744.856365,10450933,31782917,3600.000000,0,0,0,GUROBI,1
