instanceIndex,vpcGenerator,terms,lpBound,disjunctiveDualBound,lpBoundPostVpc,rootDualBound,dualBound,primalBound,vpcGenerationTime,rootDualBoundTime,bestSolutionTime,terminationTime,nodes,iterations,maxTime,actualTerms,numCuts,cutLimit,mipSolver,providePrimalBound
0,New,4,-4632.298153,-4630.486614,-4630.564791,-4630.565492,-4607.140215,-4606.679688,0.144417,0.249688,21.468512,353.469738,1299727,5069041,3600.000000,4,17,17,GUROBI,1
1,Old,4,-4628.667162,-4627.210354,-4627.260803,-4627.291710,-4604.833682,-4604.373535,0.046796,0.149505,15.388927,174.760704,665012,2515195,3600.000000,4,25,0,GUROBI,1
2,Old,4,-4633.823148,-4631.981020,-4632.023141,-4632.108389,-4607.208228,-4606.747589,0.057347,0.142339,314.245855,706.719762,2436937,10337060,3600.000000,4,23,0,GUROBI,1
3,Old,4,-4630.165060,-4629.495472,-4629.501968,-4629.427949,-4608.140350,-4607.679688,0.051159,0.149287,8.400272,134.064158,480076,2031759,3600.000000,4,25,0,GUROBI,1
4,Old,4,-4637.262386,-4635.945544,-4635.996780,-4636.053470,-4610.834385,-4610.373535,0.052310,0.142604,624.511374,674.921472,2188530,10114392,3600.000000,4,26,0,GUROBI,1
