instanceIndex,vpcGenerator,terms,lpBound,disjunctiveDualBound,lpBoundPostVpc,rootDualBound,dualBound,primalBound,vpcGenerationTime,rootDualBoundTime,bestSolutionTime,terminationTime,nodes,iterations,maxTime,actualTerms,numCuts,cutLimit,mipSolver,providePrimalBound
0,New,16,-4632.298153,-4629.688960,-4629.721979,-4629.841958,-4607.140234,-4606.679688,1.593803,1.710842,29.982732,401.806852,1291859,5468411,3600.000000,127,17,17,GUROBI,1
1,Farkas,16,-4634.766957,-4633.746651,-4634.766957,-4634.422689,-4607.140147,-4606.679688,0.357242,0.473434,22.107484,83.584877,291255,1291187,3600.000000,127,17,0,GUROBI,1
2,Farkas,16,-4678.254709,-4678.254709,-4678.254709,-4678.247528,-4654.820895,-4654.355957,0.341329,0.439620,2.644070,16.749696,56695,261601,3600.000000,127,17,0,GUROBI,1
3,Farkas,16,-4616.269091,-4616.055191,-4616.269091,-4616.010115,-4594.138957,-4593.679688,0.345803,0.536483,162.414923,508.244555,1626488,6798555,3600.000000,127,17,0,GUROBI,1
4,Farkas,16,-4615.862983,-4614.544987,-4615.862983,-4615.136421,-4591.083054,-4590.624206,0.338337,0.523362,87.148597,275.339066,840549,3710450,3600.000000,127,17,0,GUROBI,1
