instanceIndex,vpcGenerator,terms,lpBound,disjunctiveDualBound,lpBoundPostVpc,rootDualBound,dualBound,primalBound,vpcGenerationTime,rootDualBoundTime,bestSolutionTime,terminationTime,nodes,iterations,maxTime,actualTerms,numCuts,cutLimit,mipSolver,providePrimalBound
0,New,16,800002400.000000,800002400.000000,800002400.000000,800002405.289550,1200000619.939601,1200012544.000000,1.324233,1.418841,92.908219,176.426800,176956,1226157,3600.000000,29,5,72,GUROBI,1
1,Farkas,16,800002400.000000,800002400.000000,800002400.000000,800003823.954781,1193018130.928592,1193026304.000000,0.143805,0.267806,23.648849,24.312321,5693,141522,3600.000000,29,5,0,GUROBI,1
2,Farkas,16,800002400.000000,800002400.000000,800002400.000000,800003840.197440,1594884486.409541,1594884480.000000,0.147654,0.254039,93.585860,163.019025,20305,621740,3600.000000,29,5,0,GUROBI,1
3,Farkas,16,800002400.000000,800002400.000000,800002400.000000,800003233.652719,1401755392.818235,1401848192.000000,0.144279,0.254747,83.697754,87.635610,36983,379328,3600.000000,29,5,0,GUROBI,1
4,Farkas,16,800002400.000000,800002400.000000,800002400.000000,800003148.765218,1372384051.101102,1372384000.000000,0.153376,0.267057,301.614246,301.614408,47111,2238082,3600.000000,29,5,0,GUROBI,1
