instanceIndex,vpcGenerator,terms,lpBound,disjunctiveDualBound,lpBoundPostVpc,rootDualBound,dualBound,primalBound,vpcGenerationTime,rootDualBoundTime,bestSolutionTime,terminationTime,nodes,iterations,maxTime,actualTerms,numCuts,cutLimit,mipSolver,providePrimalBound
0,New,64,4310.000000,4310.000000,4310.000000,4502.000000,7118.380688,7118.500000,14.835394,15.103541,89.786566,118.287105,33438,951684,3600.000000,197,39,66,GUROBI,1
1,Farkas,64,4679.548387,4682.854839,4679.548387,6104.017099,7890.500000,7890.500000,2.040413,2.381514,8.525727,8.525838,3999,72779,3600.000000,197,39,0,GUROBI,1
2,Farkas,64,4438.000000,4440.887097,4438.000000,5020.056561,7669.500000,7669.500000,2.076060,2.411863,8.375267,8.520634,4269,73007,3600.000000,197,39,0,GUROBI,1
