instanceIndex,vpcGenerator,terms,lpBound,disjunctiveDualBound,lpBoundPostVpc,rootDualBound,dualBound,primalBound,vpcGenerationTime,rootDualBoundTime,bestSolutionTime,terminationTime,nodes,iterations,maxTime,actualTerms,numCuts,cutLimit,mipSolver,providePrimalBound
0,New,64,20146.761297,20167.547956,20158.170836,20872.310921,21166.000000,21166.000000,2.193451,2.240850,2.193451,2.241487,2,236,3600.000000,334,3,14,GUROBI,1
2,Old,64,20040.432480,20062.446086,20055.755748,20589.236522,21166.000000,21166.000000,2.320302,2.342287,2.320302,2.343079,1,108,3600.000000,334,2,0,GUROBI,1
3,Old,64,20153.355750,20176.568226,20170.765107,21027.743333,21166.000000,21166.000000,1.766900,1.785574,1.766900,1.786531,1,100,3600.000000,334,5,0,GUROBI,1
