instanceIndex,vpcGenerator,terms,lpBound,disjunctiveDualBound,lpBoundPostVpc,rootDualBound,dualBound,primalBound,vpcGenerationTime,rootDualBoundTime,bestSolutionTime,terminationTime,nodes,iterations,maxTime,actualTerms,numCuts,cutLimit,mipSolver,providePrimalBound
0,New,16,20146.761297,20163.840931,20158.170836,20872.310928,21166.000000,21166.000000,0.455494,0.492355,0.455494,0.492978,2,185,3600.000000,73,4,14,GUROBI,1
1,New,16,25421.279160,25891.353127,25891.353127,26595.336021,26975.000000,26975.000000,0.410990,0.467733,0.530603,0.533608,287,1310,3600.000000,51,8,17,GUROBI,1
2,New,16,19760.225926,19770.904133,19770.904133,20666.761358,21166.000000,21166.000000,0.219308,0.281542,0.219308,0.285383,3,215,3600.000000,47,2,15,GUROBI,1
