instanceIndex,vpcGenerator,terms,lpBound,disjunctiveDualBound,lpBoundPostVpc,rootDualBound,dualBound,primalBound,vpcGenerationTime,rootDualBoundTime,bestSolutionTime,terminationTime,nodes,iterations,maxTime,actualTerms,numCuts,cutLimit,mipSolver,providePrimalBound
0,None,4,22640.366278,22640.366278,22640.366278,32102.763971,32906.705402,32906.878906,0.000002,2.456387,5.198931,24.777003,639,15906,3600.000000,0,0,0,GUROBI,1
1,None,4,22182.805800,22182.805800,22182.805800,31934.623183,33418.492055,33420.678013,0.000003,2.350863,67.676652,69.586420,3407,143144,3600.000000,0,0,0,GUROBI,1
2,None,4,20477.539698,20477.539698,20477.539698,29902.375785,30943.151304,30945.417969,0.000003,2.389580,36.480584,37.754429,1400,53790,3600.000000,0,0,0,GUROBI,1
3,None,4,20853.322439,20853.322439,20853.322439,30082.637147,30981.098396,30984.064453,0.000003,2.186683,16.247034,17.697426,1385,30777,3600.000000,0,0,0,GUROBI,1
4,None,4,21705.999976,21705.999976,21705.999976,30246.476518,30941.950250,30941.949219,0.000002,1.584003,12.003173,12.006532,727,14189,3600.000000,0,0,0,GUROBI,1
5,None,4,20522.205848,20522.205848,20522.205848,28733.499437,29999.728829,30002.408113,0.000003,2.184483,52.828338,53.811635,3262,105635,3600.000000,0,0,0,GUROBI,1
