instanceIndex,vpcGenerator,terms,lpBound,disjunctiveDualBound,lpBoundPostVpc,rootDualBound,dualBound,primalBound,vpcGenerationTime,rootDualBoundTime,bestSolutionTime,terminationTime,nodes,iterations,maxTime,actualTerms,numCuts,cutLimit,mipSolver,providePrimalBound
0,New,16,2769.838000,4072.708000,3364.583903,9094.681695,10672.953829,10674.000000,1.476362,1.728617,826.811009,826.811170,197561,5279667,3600.000000,16,14,14,GUROBI,1
1,Farkas,16,2769.838000,4054.106608,3317.207354,9123.621048,10672.983176,10674.000000,0.066542,0.351014,698.637964,698.638125,174221,5970355,3600.000000,16,14,0,GUROBI,1
2,Farkas,16,2634.662091,3501.155238,3107.148234,8513.760688,10315.997594,10317.000000,0.081614,0.359839,1103.626027,1103.626192,297279,7727472,3600.000000,16,14,0,GUROBI,1
3,Farkas,16,2746.972550,3984.434706,3386.124089,8853.672094,10545.960430,10547.000000,0.077587,0.325359,1133.654186,1133.654356,318286,8265336,3600.000000,16,14,0,GUROBI,1
4,Farkas,16,2429.160947,3032.819834,2495.944336,8649.152771,10329.970440,10331.000000,0.074562,0.378103,1689.340685,2136.573395,568842,15038737,3600.000000,16,14,0,GUROBI,1
