instanceIndex,vpcGenerator,terms,lpBound,disjunctiveDualBound,lpBoundPostVpc,rootDualBound,dualBound,primalBound,vpcGenerationTime,rootDualBoundTime,bestSolutionTime,terminationTime,nodes,iterations,maxTime,actualTerms,numCuts,cutLimit,mipSolver,providePrimalBound
0,New,64,3320.771000,5011.751000,4733.633889,9902.817977,11392.027490,11393.000000,5.144919,5.494900,404.773564,404.773728,68586,3138883,3600.000000,64,15,15,GUROBI,1
1,New,64,2871.103000,4683.535000,4318.624913,9559.570057,11116.889291,11118.000000,4.674951,5.060238,649.112237,649.112629,118387,5108130,3600.000000,64,15,15,GUROBI,1
2,New,64,-5135.758000,-3536.091000,-4068.812182,-649.637794,70.000000,70.000000,4.310531,4.542323,7.449396,7.449498,1061,17087,3600.000000,64,15,15,GUROBI,1
3,New,64,321.463000,2435.738000,1802.583825,6212.812906,6698.426853,6699.000000,4.530101,4.829894,9.532390,9.580865,901,18423,3600.000000,64,15,15,GUROBI,1
4,New,64,-3772.250000,-2410.973000,-2838.421506,-291.204388,-247.000000,-247.000000,4.292638,4.504155,4.541860,4.541958,29,731,3600.000000,64,15,15,GUROBI,1
5,New,64,2083.373000,4122.258000,3687.404499,8603.947812,10215.989083,10217.000000,4.503716,4.913414,412.292431,412.292589,79020,3182989,3600.000000,64,15,15,GUROBI,1
