instanceIndex,vpcGenerator,terms,lpBound,disjunctiveDualBound,lpBoundPostVpc,rootDualBound,dualBound,primalBound,vpcGenerationTime,rootDualBoundTime,bestSolutionTime,terminationTime,nodes,iterations,maxTime,actualTerms,numCuts,cutLimit,mipSolver,providePrimalBound
0,None,16,2769.838000,2769.838000,2769.838000,9048.202801,10672.936675,10674.000000,0.000003,0.232099,616.418197,616.418350,176509,4245519,3600.000000,0,0,0,GUROBI,1
1,None,16,2388.387000,2388.387000,2388.387000,8083.813045,9282.202551,9283.000000,0.000002,0.319407,25.863887,26.345950,10050,211095,3600.000000,0,0,0,GUROBI,1
2,None,16,2462.956000,2462.956000,2462.956000,8664.819510,10273.978930,10275.000000,0.000001,0.328217,677.111859,677.112035,167874,4883657,3600.000000,0,0,0,GUROBI,1
3,None,16,1665.916000,1665.916000,1665.916000,8101.655061,9505.146583,9506.000000,0.000004,0.343605,427.606407,427.606592,85974,2566864,3600.000000,0,0,0,GUROBI,1
4,None,16,-1655.300000,-1655.300000,-1655.300000,2149.804468,2663.000000,2663.000000,0.000002,0.267938,2.008657,2.009073,629,7315,3600.000000,0,0,0,GUROBI,1
5,None,16,2349.372000,2349.372000,2349.372000,9006.013438,10202.987279,10203.000000,0.000002,0.444922,90.509346,203.587206,43238,1158749,3600.000000,0,0,0,GUROBI,1
