instanceIndex,vpcGenerator,terms,lpBound,disjunctiveDualBound,lpBoundPostVpc,rootDualBound,dualBound,primalBound,vpcGenerationTime,rootDualBoundTime,bestSolutionTime,terminationTime,nodes,iterations,maxTime,actualTerms,numCuts,cutLimit,mipSolver,providePrimalBound
0,New,16,95919464.000000,100601267.000000,97404113.204199,106929598.956037,106939359.869194,106940224.000000,3.071436,3.213144,3.071436,3.218785,5,329,3600.000000,16,8,19,GUROBI,1
1,Farkas,16,95980050.924200,100632074.462800,97462099.591317,106976167.349600,106981151.598579,106987544.000000,0.092508,0.230507,0.239267,0.240119,7,391,3600.000000,16,8,0,GUROBI,1
2,Farkas,16,95805310.344400,100501843.143600,97287179.391221,106808950.058311,106816482.000000,106816480.000000,0.096259,0.247021,0.255760,0.256611,6,374,3600.000000,16,8,0,GUROBI,1
3,Farkas,16,95910243.017600,100557767.535000,97394022.205577,106967958.885542,106969781.350459,106974416.000000,0.094157,0.246269,0.251865,0.252006,5,363,3600.000000,16,8,0,GUROBI,1
4,Farkas,16,95894996.154400,100569177.087800,97380105.138906,106887411.247304,106898410.000000,106898408.000000,0.094829,0.223256,0.094829,0.227823,5,360,3600.000000,16,8,0,GUROBI,1
5,Farkas,16,95915959.439600,100612226.223000,97396725.588737,106948419.499958,106955570.000000,106955568.000000,0.093193,0.242333,0.253711,0.253825,7,395,3600.000000,16,8,0,GUROBI,1
