instanceIndex,vpcGenerator,terms,lpBound,disjunctiveDualBound,lpBoundPostVpc,rootDualBound,dualBound,primalBound,vpcGenerationTime,rootDualBoundTime,bestSolutionTime,terminationTime,nodes,iterations,maxTime,actualTerms,numCuts,cutLimit,mipSolver,providePrimalBound
0,New,64,95919464.000000,102291675.000000,99118571.662651,106920712.985292,106932242.082178,106940224.000000,10.430173,10.573530,10.581864,10.582009,8,369,3600.000000,64,4,19,GUROBI,1
1,New,64,95244875.748450,100733890.258452,97190289.682075,104831212.473937,105214785.875000,105214784.000000,14.491774,14.661841,14.686312,14.699036,27,609,3600.000000,64,6,16,GUROBI,1
2,New,64,75975229.721306,82274380.378624,78935524.098623,87256996.621140,87390590.500000,87390590.500000,19.449019,19.682494,19.714450,19.718031,23,746,3600.000000,64,9,22,GUROBI,1
3,New,64,97635257.226068,104428805.958882,103326990.134577,107431513.355300,107621779.500000,107621776.000000,32.675639,32.826485,32.834637,32.842206,14,510,3600.000000,64,14,17,GUROBI,1
4,New,64,88902677.557471,96003603.857331,91980524.239947,98716974.377384,99105005.500000,99105005.500000,13.039018,13.278433,13.318269,13.323671,36,831,3600.000000,64,5,19,GUROBI,1
5,New,64,66835790.469401,69335790.469401,68979191.311708,72489688.052006,72840901.898548,72840901.898548,58.948874,59.073637,59.083629,59.088695,18,407,3600.000000,66,3,13,GUROBI,1
