instanceIndex,vpcGenerator,terms,lpBound,disjunctiveDualBound,lpBoundPostVpc,rootDualBound,dualBound,primalBound,vpcGenerationTime,rootDualBoundTime,bestSolutionTime,terminationTime,nodes,iterations,maxTime,actualTerms,numCuts,cutLimit,mipSolver,providePrimalBound
0,None,16,367.757396,367.757396,367.757396,3350.685030,3417.000000,3417.000000,0.000002,2.189474,81.302904,90.298646,1124,156248,3600.000000,0,0,0,GUROBI,1
1,None,16,132.171131,132.171131,132.171131,2330.986670,2405.000000,2405.000000,0.000001,1.102535,69.984529,69.984831,8686,237094,3600.000000,0,0,0,GUROBI,1
2,None,16,71.106454,71.106454,71.106454,1723.490494,1752.000000,1752.000000,0.000002,1.086893,12.594150,12.594428,660,28855,3600.000000,0,0,0,GUROBI,1
