instanceIndex,vpcGenerator,terms,lpBound,disjunctiveDualBound,lpBoundPostVpc,rootDualBound,dualBound,primalBound,vpcGenerationTime,rootDualBoundTime,bestSolutionTime,terminationTime,nodes,iterations,maxTime,actualTerms,numCuts,cutLimit,mipSolver,providePrimalBound
0,New,16,-61651.227098,-60663.667915,-60968.766738,-54351.013087,-52301.000000,-52301.000000,5.945187,6.286645,7.973801,7.973953,699,5707,3600.000000,22,50,75,GUROBI,1
1,Farkas,16,-61654.526906,-60667.199945,-60972.298768,-54366.097045,-52301.000000,-52301.000000,0.151495,0.494336,2.747996,3.511013,789,8132,3600.000000,22,50,0,GUROBI,1
2,Farkas,16,-61654.017180,-60666.457997,-60971.556821,-54376.248180,-52301.000000,-52301.000000,0.149538,0.496514,2.335786,2.419820,754,7137,3600.000000,22,50,0,GUROBI,1
3,Farkas,16,-61647.684754,-60660.125571,-60965.224395,-54352.145645,-52302.542548,-52301.000000,0.149399,0.502276,1.616988,1.744491,1077,15097,3600.000000,22,50,0,GUROBI,1
4,Farkas,16,-61654.502086,-60666.942903,-60972.041726,-54378.211041,-52301.000000,-52301.000000,0.143357,0.493942,0.668338,2.400661,759,7131,3600.000000,22,50,0,GUROBI,1
