instanceIndex,vpcGenerator,terms,lpBound,disjunctiveDualBound,lpBoundPostVpc,rootDualBound,dualBound,primalBound,vpcGenerationTime,rootDualBoundTime,bestSolutionTime,terminationTime,nodes,iterations,maxTime,actualTerms,numCuts,cutLimit,mipSolver,providePrimalBound
0,None,64,-61651.227098,-61651.227098,-61651.227098,-54592.363314,-52301.000000,-52301.000000,0.000002,0.203204,1.907027,2.293705,1128,19078,3600.000000,0,0,0,GUROBI,1
1,None,64,-61651.723847,-61651.723847,-61651.723847,-55271.852199,-52734.000000,-52734.000000,0.000004,0.171625,2.703191,2.703410,1327,24901,3600.000000,0,0,0,GUROBI,1
2,None,64,-61652.297189,-61652.297189,-61652.297189,-55470.552473,-54039.000000,-54039.000000,0.000004,0.238517,1.081189,1.089628,619,4224,3600.000000,0,0,0,GUROBI,1
3,None,64,-61651.725338,-61651.725338,-61651.725338,-54623.719557,-52404.769794,-52401.000000,0.000003,0.198281,2.509262,3.290117,1816,32167,3600.000000,0,0,0,GUROBI,1
4,None,64,-61941.123386,-61941.123386,-61941.123386,-56140.258896,-54699.000000,-54699.000000,0.000003,0.189506,0.321133,0.757450,591,3539,3600.000000,0,0,0,GUROBI,1
