instanceIndex,vpcGenerator,terms,lpBound,disjunctiveDualBound,lpBoundPostVpc,rootDualBound,dualBound,primalBound,vpcGenerationTime,rootDualBoundTime,bestSolutionTime,terminationTime,nodes,iterations,maxTime,actualTerms,numCuts,cutLimit,mipSolver,providePrimalBound
0,New,16,4970975.847015,4990942.404803,4990942.404803,5965645.567498,6021720.000000,6021720.000000,64.805115,65.172561,64.805115,65.176437,1,1735,3600.000000,50,8,8,GUROBI,1
1,Farkas,16,4622580.000000,4622580.000000,4622580.000000,4622580.000000,4622580.000000,4622580.000000,1.740963,1.746985,1.740963,1.746985,0,0,3600.000000,50,8,0,GUROBI,1
2,Farkas,16,4622580.000000,4622580.000000,4622580.000000,4622580.000000,4622580.000000,4622580.000000,1.715894,1.723770,1.723262,1.723770,0,0,3600.000000,50,8,0,GUROBI,1
3,Farkas,16,4622580.000000,4622580.000000,4622580.000000,4622580.000000,4622580.000000,4622580.000000,1.650752,1.662669,1.650752,1.662669,0,0,3600.000000,50,8,0,GUROBI,1
4,Farkas,16,4622580.000000,4622580.000000,4622580.000000,4622580.000000,4622580.000000,4622580.000000,1.760790,1.769336,1.760790,1.769336,0,0,3600.000000,50,8,0,GUROBI,1
5,Farkas,16,4622580.000000,4622580.000000,4622580.000000,4622580.000000,4622580.000000,4622580.000000,1.662978,1.667849,1.662978,1.667849,0,0,3600.000000,50,8,0,GUROBI,1
