instanceIndex,vpcGenerator,terms,lpBound,disjunctiveDualBound,lpBoundPostVpc,rootDualBound,dualBound,primalBound,vpcGenerationTime,rootDualBoundTime,bestSolutionTime,terminationTime,nodes,iterations,maxTime,actualTerms,numCuts,cutLimit,mipSolver,providePrimalBound
0,None,64,-1216923.270104,-1216923.270104,-1216923.270104,-591204.316150,-50433.899620,12940.219727,0.000049,0.441312,2708.801405,3600.000870,1576006,37675414,3600.000000,0,0,0,GUROBI,1
1,None,64,-1216929.115870,-1216929.115870,-1216929.115870,-572364.756018,14266.272343,14266.255859,0.000002,0.535623,121.216053,121.216191,65426,1415477,3600.000000,0,0,0,GUROBI,1
2,None,64,-1229550.977560,-1229550.977560,-1229550.977560,-80537.577807,15040.682732,15040.682732,0.000004,0.211089,0.306435,0.306530,88,1984,3600.000000,0,0,0,GUROBI,1
