instanceIndex,vpcGenerator,terms,lpBound,disjunctiveDualBound,lpBoundPostVpc,rootDualBound,dualBound,primalBound,vpcGenerationTime,rootDualBoundTime,bestSolutionTime,terminationTime,nodes,iterations,maxTime,actualTerms,numCuts,cutLimit,mipSolver,providePrimalBound
0,None,4,128.750000,128.750000,128.750000,131.526798,134.500000,134.500000,0.000003,4.087942,68.952891,70.585638,1354,175115,3600.000000,0,0,0,GUROBI,1
1,None,4,128.656250,128.656250,128.656250,131.874750,134.343750,134.343750,0.000003,4.665669,403.524888,433.802279,10792,1099959,3600.000000,0,0,0,GUROBI,1
2,None,4,128.750000,128.750000,128.750000,131.530642,134.500000,134.500000,0.000003,3.940065,46.900639,46.901229,809,106881,3600.000000,0,0,0,GUROBI,1
3,None,4,128.593750,128.593750,128.593750,131.189598,134.343750,134.343750,0.000003,3.720432,287.476187,289.240216,10492,775199,3600.000000,0,0,0,GUROBI,1
