instanceIndex,vpcGenerator,terms,lpBound,disjunctiveDualBound,lpBoundPostVpc,rootDualBound,dualBound,primalBound,vpcGenerationTime,rootDualBoundTime,bestSolutionTime,terminationTime,nodes,iterations,maxTime,actualTerms,numCuts,cutLimit,mipSolver,providePrimalBound
0,None,4,8877.000000,8877.000000,8877.000000,10488.000000,14392.000000,14393.000000,0.000012,0.084884,4.030587,2709.798717,4196905,27595743,3600.000000,0,0,0,GUROBI,1
1,None,4,8877.000000,8877.000000,8877.000000,10488.000000,14392.000000,14393.000000,0.000003,0.083923,14.625377,2831.028672,4321867,27825467,3600.000000,0,0,0,GUROBI,1
2,None,4,8877.000000,8877.000000,8877.000000,10087.571429,14392.000000,14393.000000,0.000003,0.104556,5.515644,2281.396792,4357109,27138766,3600.000000,0,0,0,GUROBI,1
3,None,4,8877.000000,8877.000000,8877.000000,10629.363636,14392.000000,14393.000000,0.000005,0.126741,1.260829,2534.860680,4228288,26959020,3600.000000,0,0,0,GUROBI,1
