instanceIndex,vpcGenerator,terms,lpBound,disjunctiveDualBound,lpBoundPostVpc,rootDualBound,dualBound,primalBound,vpcGenerationTime,rootDualBoundTime,bestSolutionTime,terminationTime,nodes,iterations,maxTime,actualTerms,numCuts,cutLimit,mipSolver,providePrimalBound
0,New,4,-18811.492536,-18735.751343,-18746.464678,-18168.761411,-17783.000000,-17783.000000,4054.820007,4068.449932,4085.696343,4127.071038,761,136519,3600.000000,4,184,867,GUROBI,1
1,Farkas,4,-18811.492536,-18735.811441,-18754.496387,-18132.915686,-17777.000000,-17777.000000,0.713844,16.720168,153.585082,153.585509,1408,260735,3600.000000,4,184,0,GUROBI,1
2,Farkas,4,-18811.492536,-18735.751343,-18746.464678,-18164.370564,-17784.000000,-17783.000000,0.687105,10.656287,73.646536,73.646955,736,127322,3600.000000,4,184,0,GUROBI,1
3,Farkas,4,-18811.492536,-18735.751343,-18746.464678,-18157.893053,-17783.000000,-17783.000000,0.694604,11.441778,12.663057,77.137489,907,132601,3600.000000,4,184,0,GUROBI,1
4,Farkas,4,-18811.492536,-18735.751343,-18746.464678,-18157.893053,-17783.000000,-17783.000000,0.682386,11.347316,12.561742,78.322889,907,132601,3600.000000,4,184,0,GUROBI,1
5,Farkas,4,-18811.369414,-18735.068509,-18746.458095,-18150.540830,-17784.000000,-17783.000000,0.670648,10.948431,178.384089,178.384524,1907,368689,3600.000000,4,184,0,GUROBI,1
