instanceIndex,vpcGenerator,terms,lpBound,disjunctiveDualBound,lpBoundPostVpc,rootDualBound,dualBound,primalBound,vpcGenerationTime,rootDualBoundTime,bestSolutionTime,terminationTime,nodes,iterations,maxTime,actualTerms,numCuts,cutLimit,mipSolver,providePrimalBound
0,None,16,-3725.000000,-3725.000000,-3725.000000,-3719.000000,-3719.000000,-3719.000000,0.000003,0.315189,0.319029,0.321321,1,129,3600.000000,0,0,0,GUROBI,1
1,None,16,-3725.000000,-3725.000000,-3725.000000,-3719.000000,-3719.000000,-3719.000000,0.000004,0.000004,0.407128,0.407858,1,187,3600.000000,0,0,0,GUROBI,1
2,None,16,-3646.555556,-3646.555556,-3646.555556,-3627.000000,-3627.000000,-3627.000000,0.000003,0.305609,0.310794,0.312823,1,130,3600.000000,0,0,0,GUROBI,1
3,None,16,-3704.333333,-3704.333333,-3704.333333,-3627.000000,-3627.000000,-3627.000000,0.000003,0.000003,0.356449,0.357110,1,33,3600.000000,0,0,0,GUROBI,1
