instanceIndex,vpcGenerator,terms,lpBound,disjunctiveDualBound,lpBoundPostVpc,rootDualBound,dualBound,primalBound,vpcGenerationTime,rootDualBoundTime,bestSolutionTime,terminationTime,nodes,iterations,maxTime,actualTerms,numCuts,cutLimit,mipSolver,providePrimalBound
0,New,4,6290575.552807,6291985.411942,6291914.142665,6304453.176839,6307855.573921,6307996.000000,6.841801,7.307827,12.332499,12.333667,612,10502,3600.000000,4,29,29,GUROBI,1
1,Old,4,6290574.728570,6291985.602858,6291945.532526,6306868.681847,6307520.144800,6307998.000000,3.533117,4.160801,5.568745,5.570468,365,4030,3600.000000,4,29,0,GUROBI,1
2,Old,4,6290572.440789,6291983.957113,6291334.712026,6305569.567205,6307733.973431,6307994.000000,11.429296,11.993684,17.397118,17.397368,745,9234,3600.000000,4,16,0,GUROBI,1
3,Old,4,6290569.701779,6291981.560914,6291760.851282,6306829.665444,6307891.424706,6307993.000000,3.747832,4.236227,6.113087,6.113334,356,4094,3600.000000,4,29,0,GUROBI,1
4,Old,4,6290561.111742,6291970.970877,6291265.700570,6306207.691913,6307528.804698,6307984.000000,4.248341,4.866655,7.901702,7.902943,910,9762,3600.000000,4,29,0,GUROBI,1
5,Old,4,6290586.881854,6291998.072053,6291248.499360,6307067.135726,6307866.700069,6308004.000000,3.834544,4.435234,5.802182,5.803320,309,3746,3600.000000,4,29,0,GUROBI,1
