instanceIndex,vpcGenerator,terms,lpBound,disjunctiveDualBound,lpBoundPostVpc,rootDualBound,dualBound,primalBound,vpcGenerationTime,rootDualBoundTime,bestSolutionTime,terminationTime,nodes,iterations,maxTime,actualTerms,numCuts,cutLimit,mipSolver,providePrimalBound
0,None,64,12.030303,12.030303,12.030303,29.000000,29.000000,29.000000,0.000030,0.021754,0.000030,0.027006,1,534,3600.000000,0,0,0,GUROBI,1
1,None,64,12.000000,12.000000,12.000000,29.000000,29.000000,29.000000,0.000030,0.021905,0.000030,0.027859,1,581,3600.000000,0,0,0,GUROBI,1
2,None,64,12.024064,12.024064,12.024064,29.000000,29.000000,29.000000,0.000026,0.021807,0.000026,0.027611,1,625,3600.000000,0,0,0,GUROBI,1
3,None,64,11.999109,11.999109,11.999109,29.000000,29.000000,29.000000,0.000002,0.027087,0.000002,0.033512,1,573,3600.000000,0,0,0,GUROBI,1
4,None,64,12.002674,12.002674,12.002674,29.000000,29.000000,29.000000,0.000003,0.035196,0.000003,0.040023,1,570,3600.000000,0,0,0,GUROBI,1
