instanceIndex,vpcGenerator,terms,lpBound,disjunctiveDualBound,lpBoundPostVpc,rootDualBound,dualBound,primalBound,vpcGenerationTime,rootDualBoundTime,bestSolutionTime,terminationTime,nodes,iterations,maxTime,actualTerms,numCuts,cutLimit,mipSolver,providePrimalBound
0,None,4,49.214876,49.214876,49.214876,69.755867,71.000000,71.000000,0.000001,0.811719,1.614096,1.618881,231,8004,3600.000000,0,0,0,GUROBI,1
1,None,4,49.214876,49.214876,49.214876,70.059597,71.000000,71.000000,0.000002,0.958258,2.332540,2.332696,304,4548,3600.000000,0,0,0,GUROBI,1
2,None,4,49.214876,49.214876,49.214876,69.755867,71.000000,71.000000,0.000002,0.652865,1.502788,2.111284,271,8562,3600.000000,0,0,0,GUROBI,1
3,None,4,49.214876,49.214876,49.214876,69.755867,71.000000,71.000000,0.000002,0.787944,1.968230,1.968383,272,9291,3600.000000,0,0,0,GUROBI,1
4,None,4,49.214876,49.214876,49.214876,69.869995,71.000000,71.000000,0.000002,0.910824,1.823662,2.247101,384,8922,3600.000000,0,0,0,GUROBI,1
5,None,4,49.214876,49.214876,49.214876,69.755867,71.000000,71.000000,0.000002,0.840135,1.599744,2.065144,300,9313,3600.000000,0,0,0,GUROBI,1
