instanceIndex,vpcGenerator,terms,lpBound,disjunctiveDualBound,lpBoundPostVpc,rootDualBound,dualBound,primalBound,vpcGenerationTime,rootDualBoundTime,bestSolutionTime,terminationTime,nodes,iterations,maxTime,actualTerms,numCuts,cutLimit,mipSolver,providePrimalBound
0,New,64,49.214876,49.239669,49.239669,69.437423,71.000000,71.000000,10.634359,11.200563,12.002907,12.122459,270,7711,3600.000000,138,3,41,GUROBI,1
1,Farkas,64,48.363636,48.363636,48.363636,69.398251,72.000000,72.000000,1.422401,2.061547,2.319734,6.750908,1280,36417,3600.000000,138,3,0,GUROBI,1
2,Farkas,64,46.661995,46.914849,46.740508,68.676124,70.000000,70.000000,1.471165,2.013049,2.176212,2.211605,90,2670,3600.000000,138,3,0,GUROBI,1
3,Farkas,64,48.882860,48.965146,48.907654,69.989607,71.000000,71.000000,1.433394,2.152247,2.372077,2.372235,73,3767,3600.000000,138,3,0,GUROBI,1
