instanceIndex,vpcGenerator,terms,lpBound,disjunctiveDualBound,lpBoundPostVpc,rootDualBound,dualBound,primalBound,vpcGenerationTime,rootDualBoundTime,bestSolutionTime,terminationTime,nodes,iterations,maxTime,actualTerms,numCuts,cutLimit,mipSolver,providePrimalBound
0,New,64,56.333333,56.833333,56.333333,64.333333,66.000000,66.000000,102.615955,103.152957,102.615955,103.158500,1,3995,3600.000000,64,22,46,GUROBI,1
1,Old,64,56.833333,57.333333,57.291667,69.583333,74.000000,74.000000,100.119201,100.642331,100.119201,100.666322,1,5463,3600.000000,64,8,0,GUROBI,1
2,Old,64,57.000000,57.500000,57.055556,71.862939,74.000000,74.000000,94.818377,95.461281,94.818377,95.475309,1,5028,3600.000000,64,2,0,GUROBI,1
3,Old,64,57.166667,57.666667,57.666667,69.000000,77.000000,77.000000,63.347781,63.949350,68.671879,69.883550,516,26417,3600.000000,64,3,0,GUROBI,1
