instanceIndex,vpcGenerator,terms,lpBound,disjunctiveDualBound,lpBoundPostVpc,rootDualBound,dualBound,primalBound,vpcGenerationTime,rootDualBoundTime,bestSolutionTime,terminationTime,nodes,iterations,maxTime,actualTerms,numCuts,cutLimit,mipSolver,providePrimalBound
0,None,64,-43.000000,-43.000000,-43.000000,-43.000000,-41.000000,-41.000000,0.000014,0.082638,1.311409,154.159445,459737,2390050,3600.000000,0,0,0,GUROBI,1
1,None,64,-43.000000,-43.000000,-43.000000,-43.000000,-41.000000,-41.000000,0.000004,0.064706,10.840534,395.843897,1114271,6713595,3600.000000,0,0,0,GUROBI,1
2,None,64,-43.000000,-43.000000,-43.000000,-43.000000,-41.000000,-41.000000,0.000003,0.071727,1.928073,513.291454,1523740,8587695,3600.000000,0,0,0,GUROBI,1
3,None,64,-43.000000,-43.000000,-43.000000,-43.000000,-41.000000,-41.000000,0.000004,0.074963,16.858294,664.079756,1912825,10529691,3600.000000,0,0,0,GUROBI,1
4,None,64,-43.000000,-43.000000,-43.000000,-43.000000,-41.000000,-41.000000,0.000003,0.062302,7.224790,651.888981,2091275,10047847,3600.000000,0,0,0,GUROBI,1
