instanceIndex,vpcGenerator,terms,lpBound,disjunctiveDualBound,lpBoundPostVpc,rootDualBound,dualBound,primalBound,vpcGenerationTime,rootDualBoundTime,bestSolutionTime,terminationTime,nodes,iterations,maxTime,actualTerms,numCuts,cutLimit,mipSolver,providePrimalBound
0,New,4,7297.333333,8099.000000,7797.333333,11623.625000,20622.000000,20622.000000,185.916479,189.461497,514.423295,515.924411,13522,1449798,3600.000000,4,4,228,GUROBI,1
1,Farkas,4,7297.333333,8099.000000,7797.333333,12197.142857,21620.500000,21622.000000,1.266178,5.292598,113.777522,156.431457,7103,735727,3600.000000,4,4,0,GUROBI,1
