instanceIndex,vpcGenerator,terms,lpBound,disjunctiveDualBound,lpBoundPostVpc,rootDualBound,dualBound,primalBound,vpcGenerationTime,rootDualBoundTime,bestSolutionTime,terminationTime,nodes,iterations,maxTime,actualTerms,numCuts,cutLimit,mipSolver,providePrimalBound
0,None,64,99.322299,99.322299,99.322299,107.734157,120.000000,120.000000,0.000003,0.560008,0.889666,1.439949,617,16730,3600.000000,0,0,0,GUROBI,1
1,None,64,98.938612,98.938612,98.938612,107.243314,119.500000,119.500000,0.000003,0.575491,1.056214,1.454306,634,16740,3600.000000,0,0,0,GUROBI,1
2,None,64,99.213317,99.213317,99.213317,107.440787,119.500000,119.500000,0.000003,0.577101,0.899031,1.389367,569,15425,3600.000000,0,0,0,GUROBI,1
3,None,64,99.822299,99.822299,99.822299,108.234157,120.000000,120.000000,0.000002,0.574563,0.903773,1.390815,562,15383,3600.000000,0,0,0,GUROBI,1
4,None,64,98.874068,98.874068,98.874068,107.132408,119.500000,119.500000,0.000002,0.576120,0.925417,1.458041,623,16560,3600.000000,0,0,0,GUROBI,1
