instanceIndex,vpcGenerator,terms,lpBound,disjunctiveDualBound,lpBoundPostVpc,rootDualBound,dualBound,primalBound,vpcGenerationTime,rootDualBoundTime,bestSolutionTime,terminationTime,nodes,iterations,maxTime,actualTerms,numCuts,cutLimit,mipSolver,providePrimalBound
0,New,16,53555.000000,53645.000000,53607.777778,53717.261538,53900.000000,53905.000000,3.733140,4.318807,4.800832,4.824321,74,1792,3600.000000,27,6,11,GUROBI,1
1,Farkas,16,53565.350000,53651.700000,53616.572222,53720.233333,53910.000000,53914.000000,0.270566,0.671439,0.934657,0.974715,88,1520,3600.000000,27,6,0,GUROBI,1
2,Farkas,16,53547.000000,53633.250000,53599.977778,53711.650000,53898.000000,53898.000000,0.259492,0.848593,1.326243,1.339435,85,1783,3600.000000,27,6,0,GUROBI,1
3,Farkas,16,53555.900000,53644.300000,53609.527778,53723.466667,53907.000000,53907.000000,0.261969,0.628752,0.831377,0.876602,111,1899,3600.000000,27,6,0,GUROBI,1
4,Farkas,16,53556.000000,53644.250000,53609.577778,53723.400000,53907.000000,53907.000000,0.262776,0.661878,0.996709,1.042035,76,1823,3600.000000,27,6,0,GUROBI,1
5,Farkas,16,53550.000000,53638.250000,53603.777778,53718.752542,53903.000000,53903.000000,0.274769,0.711818,1.113010,1.207327,109,2103,3600.000000,27,6,0,GUROBI,1
