instanceIndex,vpcGenerator,terms,lpBound,disjunctiveDualBound,lpBoundPostVpc,rootDualBound,dualBound,primalBound,vpcGenerationTime,rootDualBoundTime,bestSolutionTime,terminationTime,nodes,iterations,maxTime,actualTerms,numCuts,cutLimit,mipSolver,providePrimalBound
0,New,4,7155.000000,7215.000000,7215.000000,7529.428571,7615.000000,7615.000000,1.361172,1.766815,1.814312,1.818890,11,1509,3600.000000,4,17,26,GUROBI,1
1,New,4,7156.833333,7214.750000,7214.750000,7442.536144,7604.000000,7604.000000,0.228443,0.467954,0.511825,0.553789,20,1048,3600.000000,4,12,48,GUROBI,1
2,New,4,7154.750000,7159.250000,7159.250000,7523.629080,7611.000000,7611.000000,0.369716,0.695358,0.736149,0.736236,12,945,3600.000000,4,28,48,GUROBI,1
3,New,4,7137.500000,7152.250000,7151.814369,7526.335176,7601.000000,7601.000000,0.304901,0.598257,0.671739,0.677464,31,1122,3600.000000,4,20,21,GUROBI,1
4,New,4,7127.000000,7190.500000,7190.500000,7496.400000,7588.000000,7588.000000,0.516926,0.875675,0.921370,0.921461,12,952,3600.000000,4,32,46,GUROBI,1
5,New,4,7156.000000,7164.083333,7164.083333,7546.855263,7608.000000,7608.000000,0.303711,0.656659,0.697674,0.698920,13,930,3600.000000,4,21,21,GUROBI,1
