instanceIndex,vpcGenerator,terms,lpBound,disjunctiveDualBound,lpBoundPostVpc,rootDualBound,dualBound,primalBound,vpcGenerationTime,rootDualBoundTime,bestSolutionTime,terminationTime,nodes,iterations,maxTime,actualTerms,numCuts,cutLimit,mipSolver,providePrimalBound
0,None,4,-10000.000000,-10000.000000,-10000.000000,-10000.000000,-9000.000000,-9000.000000,0.000002,0.160555,0.347355,0.419592,32,431,3600.000000,0,0,0,GUROBI,1
1,None,4,-9992.000000,-9992.000000,-9992.000000,-9992.000000,-8996.111111,-8996.000000,0.000003,0.215047,0.629909,132.545806,221382,866785,3600.000000,0,0,0,GUROBI,1
2,None,4,-10184.555556,-10184.555556,-10184.555556,-10171.830230,-9174.875000,-9174.000000,0.000002,0.690599,184.313338,1173.656694,495500,3596218,3600.000000,0,0,0,GUROBI,1
3,None,4,-9999.000000,-9999.000000,-9999.000000,-9999.000000,-9003.000000,-9003.000000,0.000004,0.218616,1.096533,5.708586,5102,39252,3600.000000,0,0,0,GUROBI,1
4,None,4,-9997.333333,-9997.333333,-9997.333333,-9978.717671,-8998.529412,-8998.000000,0.000002,0.947130,110.245837,908.628743,529726,3176743,3600.000000,0,0,0,GUROBI,1
5,None,4,-10269.555556,-10269.555556,-10269.555556,-10252.957266,-10153.000000,-9255.000000,0.000002,0.657138,3600.011852,3600.012010,1483441,11372134,3600.000000,0,0,0,GUROBI,1
