instanceIndex,vpcGenerator,terms,lpBound,disjunctiveDualBound,lpBoundPostVpc,rootDualBound,dualBound,primalBound,vpcGenerationTime,rootDualBoundTime,bestSolutionTime,terminationTime,nodes,iterations,maxTime,actualTerms,numCuts,cutLimit,mipSolver,providePrimalBound
0,New,16,12907.779167,14174.326667,13170.662500,15523.087203,16029.692681,16029.692383,7.343882,8.186961,8.439867,8.488259,44,3313,3600.000000,66,10,10,GUROBI,1
1,New,16,12905.570833,14173.076667,13169.454167,15475.776804,16028.692681,16028.692383,10.103139,10.887805,11.013417,11.074409,44,2022,3600.000000,66,10,10,GUROBI,1
2,New,16,12911.820833,13993.598333,13940.027830,15556.579687,16023.692681,16023.692383,33.280968,34.072088,34.306111,34.306315,44,2522,3600.000000,73,10,10,GUROBI,1
3,New,16,12912.487500,14181.243333,13870.269695,15513.713909,16026.692681,16026.692383,16.874016,17.918692,18.021378,18.110010,35,2392,3600.000000,66,10,10,GUROBI,1
4,New,16,12911.890833,14177.868333,13693.420303,15578.206969,16026.692681,16026.692383,16.242051,17.163817,17.378055,17.459045,67,2773,3600.000000,66,10,10,GUROBI,1
5,New,16,12907.195833,14173.376667,13169.287500,15393.216175,16027.692681,16027.692383,9.733044,10.456499,10.697611,10.897889,74,3316,3600.000000,66,10,10,GUROBI,1
