instanceIndex,vpcGenerator,terms,lpBound,disjunctiveDualBound,lpBoundPostVpc,rootDualBound,dualBound,primalBound,vpcGenerationTime,rootDualBoundTime,bestSolutionTime,terminationTime,nodes,iterations,maxTime,actualTerms,numCuts,cutLimit,mipSolver,providePrimalBound
0,None,16,13.244444,13.244444,13.244444,14.000000,15.000000,15.000000,0.000012,0.181947,0.266345,0.279252,135,2513,3600.000000,0,0,0,GUROBI,1
1,None,16,13.244444,13.244444,13.244444,14.000000,15.000000,15.000000,0.000002,0.103213,0.188494,0.201325,135,2513,3600.000000,0,0,0,GUROBI,1
2,None,16,13.222222,13.222222,13.222222,14.000000,14.000000,14.000000,0.000003,0.000003,0.000003,0.012367,1,269,3600.000000,0,0,0,GUROBI,1
3,None,16,13.244444,13.244444,13.244444,14.000000,15.000000,15.000000,0.000002,0.111753,0.196531,0.209491,135,2513,3600.000000,0,0,0,GUROBI,1
4,None,16,13.244444,13.244444,13.244444,14.000000,15.000000,15.000000,0.000002,0.057247,0.164041,0.177841,152,1742,3600.000000,0,0,0,GUROBI,1
5,None,16,13.244444,13.244444,13.244444,14.000000,15.000000,15.000000,0.000002,0.111919,0.196392,0.209310,135,2513,3600.000000,0,0,0,GUROBI,1
