instanceIndex,vpcGenerator,terms,lpBound,disjunctiveDualBound,lpBoundPostVpc,rootDualBound,dualBound,primalBound,vpcGenerationTime,rootDualBoundTime,bestSolutionTime,terminationTime,nodes,iterations,maxTime,actualTerms,numCuts,cutLimit,mipSolver,providePrimalBound
0,None,4,131.656032,131.656032,131.656032,131.656032,132.562057,132.669693,0.000002,5.587008,3600.006066,3600.008093,36572,6227104,3600.000000,0,0,0,GUROBI,1
1,None,4,131.656032,131.656032,131.656032,131.664525,132.260422,132.669693,0.000003,4.417920,1043.896870,3600.005163,56527,9780963,3600.000000,0,0,0,GUROBI,1
2,None,4,131.656032,131.656032,131.656032,131.675812,132.591720,132.669693,0.000003,5.827847,3600.004539,3600.004972,32715,6503804,3600.000000,0,0,0,GUROBI,1
3,None,4,131.656032,131.656032,131.656032,131.714217,132.334338,132.669693,0.000003,7.318457,169.815969,3600.005355,35131,6688797,3600.000000,0,0,0,GUROBI,1
4,None,4,131.656032,131.656032,131.656032,131.662762,132.580575,132.591720,0.000003,5.431953,1450.873677,1450.874083,22072,3576348,3600.000000,0,0,0,GUROBI,1
5,None,4,131.656032,131.656032,131.656032,131.656032,132.358858,132.669693,0.000002,5.421253,330.026595,3600.001336,24284,7151040,3600.000000,0,0,0,GUROBI,1
6,None,4,130.336653,130.336653,130.336653,130.343764,131.179455,131.192163,0.000002,5.377444,609.712124,1515.553021,36937,3655581,3600.000000,0,0,0,GUROBI,1
