instanceIndex,vpcGenerator,terms,lpBound,disjunctiveDualBound,lpBoundPostVpc,rootDualBound,dualBound,primalBound,vpcGenerationTime,rootDualBoundTime,bestSolutionTime,terminationTime,nodes,iterations,maxTime,actualTerms,numCuts,cutLimit,mipSolver,providePrimalBound
0,New,64,34.598395,36.909451,36.277994,63.531205,69.000000,69.000000,2.115391,2.160477,2.115391,2.162822,1,467,3600.000000,77,5,42,GUROBI,1
1,New,64,34.598395,36.909451,36.277994,68.502922,69.000000,69.000000,2.099617,2.158232,2.099617,2.159384,1,490,3600.000000,77,5,42,GUROBI,1
2,New,64,-159.220849,-156.505860,-158.587239,-125.876225,-125.875000,-125.875000,1.731195,1.831194,1.832494,1.832953,3,475,3600.000000,74,2,43,GUROBI,1
3,New,64,34.598395,36.909451,35.961240,66.558682,69.000000,69.000000,1.857642,1.918052,1.857642,1.919473,1,500,3600.000000,77,3,42,GUROBI,1
4,New,64,34.591473,36.902528,35.953468,68.377922,68.875000,68.875000,2.183910,2.242829,2.183910,2.243866,1,468,3600.000000,77,6,42,GUROBI,1
5,New,64,34.598395,36.909451,36.277994,68.502922,69.000000,69.000000,2.099021,2.156806,2.099021,2.157947,1,485,3600.000000,77,5,42,GUROBI,1
