lpBound,disjunctiveDualBound,lpBoundPostVpc,rootDualBound,dualBound,heuristicPrimalBound,primalBound,vpcGenerationTime,heuristicTime,rootDualBoundTime,firstSolutionTime,bestSolutionTime,terminationTime,maxTime,vpcGenerator,terms,iterations,nodes
8877.000000,10186.285714,10168.357465,10353.827675,11006.857143,17928.000000,14663.000000,98.056166,99.936923,104.838537,99.936841,215.251046,399.427973,300.000000,New,64,185073,18741
8877.000000,8910.571429,10168.357465,10201.222752,11012.571429,16581.000000,14394.000000,9.844344,11.407195,14.120517,11.407201,14.218372,311.163758,300.000000,Farkas,64,196637,18728
