instanceIndex,seedIndex,vpcGenerator,terms,lpBound,disjunctiveDualBound,lpBoundPostVpc,rootDualBound,dualBound,primalBound,vpcGenerationTime,rootDualBoundTime,bestSolutionTime,terminationTime,nodes,iterations,maxTime,actualTerms,numCuts,cutLimit,mipSolver,providePrimalBound,infeasibleTerms,feasibleToInfeasibleTerms,infeasibleToFeasibleTerms,termRemainsFeasibleBasisInfeasible,cutsChangedCoefficients,feasibleTermsPrunedByBound,tighten_disjunction,tighten_matrix_perturbation,tighten_infeasible_to_feasible_term,tighten_feasible_to_infeasible_basis
0,0,None,4,983.167425,983.167425,983.167425,1099.137498,1158.000000,1158.000000,0.000016,0.660493,11.756988,15.823300,2046,74600,600.000000,0,0,0,GUROBI,1,0,0,0,0,0,0,0,0,0,0
1,0,None,4,613.800000,613.800000,613.800000,1275.000000,1277.000000,1277.000000,0.000002,0.030397,0.000002,0.031423,1,93,600.000000,0,0,0,GUROBI,1,0,0,0,0,0,0,0,0,0,0
2,0,None,4,609.225926,609.225926,609.225926,1311.478856,1413.000000,1413.000000,0.000002,0.063386,0.000002,0.064497,1,195,600.000000,0,0,0,GUROBI,1,0,0,0,0,0,0,0,0,0,0
3,0,None,4,503.783333,503.783333,503.783333,1506.000000,1548.000000,1548.000000,0.000002,0.045615,0.000002,0.046839,1,141,600.000000,0,0,0,GUROBI,1,0,0,0,0,0,0,0,0,0,0
4,0,None,4,614.283333,614.283333,614.283333,1203.333333,1408.000000,1408.000000,0.000001,0.053482,0.000001,0.054598,1,133,600.000000,0,0,0,GUROBI,1,0,0,0,0,0,0,0,0,0,0
