instanceIndex,seedIndex,vpcGenerator,terms,lpBound,disjunctiveDualBound,lpBoundPostVpc,rootDualBound,dualBound,primalBound,vpcGenerationTime,rootDualBoundTime,bestSolutionTime,terminationTime,nodes,iterations,maxTime,actualTerms,numCuts,cutLimit,mipSolver,providePrimalBound,infeasibleTerms,feasibleToInfeasibleTerms,infeasibleToFeasibleTerms,termRemainsFeasibleBasisInfeasible,cutsChangedCoefficients,feasibleTermsPrunedByBound,tighten_disjunction,tighten_matrix_perturbation,tighten_infeasible_to_feasible_term,tighten_feasible_to_infeasible_basis
0,0,None,4,2277.076833,2277.076833,2277.076833,2333.460083,2342.234588,2342.315488,0.000003,5.027162,11.430238,11.431223,475,9151,600.000000,0,0,0,GUROBI,1,0,0,0,0,0,0,0,0,0,0
1,0,None,4,2277.076833,2277.076833,2277.076833,2333.460083,2342.234588,2342.315488,0.000004,5.092130,11.020056,11.021020,475,9151,600.000000,0,0,0,GUROBI,1,0,0,0,0,0,0,0,0,0,0
10,0,None,4,2277.076833,2277.076833,2277.076833,2333.460083,2342.124506,2342.315488,0.000003,5.178480,9.211591,9.929625,339,6807,600.000000,0,0,0,GUROBI,1,0,0,0,0,0,0,0,0,0,0
2,0,None,4,2277.076833,2277.076833,2277.076833,2333.460083,2342.234588,2342.315488,0.000003,5.116451,11.101818,11.102768,475,9151,600.000000,0,0,0,GUROBI,1,0,0,0,0,0,0,0,0,0,0
3,0,None,4,2277.076833,2277.076833,2277.076833,2333.460083,2342.234588,2342.315488,0.000003,5.099928,11.219439,11.221771,475,9151,600.000000,0,0,0,GUROBI,1,0,0,0,0,0,0,0,0,0,0
4,0,None,4,2277.076833,2277.076833,2277.076833,2333.460083,2342.315488,2342.315488,0.000003,5.204119,16.553051,16.707429,643,12175,600.000000,0,0,0,GUROBI,1,0,0,0,0,0,0,0,0,0,0
5,0,None,4,2277.076833,2277.076833,2277.076833,2333.460083,2342.234588,2342.315488,0.000003,5.312754,11.855323,11.856374,475,9151,600.000000,0,0,0,GUROBI,1,0,0,0,0,0,0,0,0,0,0
6,0,None,4,2277.076833,2277.076833,2277.076833,2333.460083,2342.234588,2342.315488,0.000003,5.287665,11.509737,11.510699,475,9151,600.000000,0,0,0,GUROBI,1,0,0,0,0,0,0,0,0,0,0
7,0,None,4,2277.076833,2277.076833,2277.076833,2333.460083,2342.315488,2342.315488,0.000003,5.129186,13.980688,14.233909,578,11129,600.000000,0,0,0,GUROBI,1,0,0,0,0,0,0,0,0,0,0
8,0,None,4,2277.076833,2277.076833,2277.076833,2333.460083,2342.234588,2342.315488,0.000003,5.134766,11.330350,11.331328,475,9151,600.000000,0,0,0,GUROBI,1,0,0,0,0,0,0,0,0,0,0
9,0,None,4,2277.076833,2277.076833,2277.076833,2333.460083,2342.234588,2342.315488,0.000003,5.110173,11.224892,11.225845,475,9151,600.000000,0,0,0,GUROBI,1,0,0,0,0,0,0,0,0,0,0
