instanceIndex,seedIndex,vpcGenerator,terms,lpBound,disjunctiveDualBound,lpBoundPostVpc,rootDualBound,dualBound,primalBound,vpcGenerationTime,rootDualBoundTime,bestSolutionTime,terminationTime,nodes,iterations,maxTime,actualTerms,numCuts,cutLimit,mipSolver,providePrimalBound,infeasibleTerms,feasibleToInfeasibleTerms,infeasibleToFeasibleTerms,termRemainsFeasibleBasisInfeasible,cutsChangedCoefficients,feasibleTermsPrunedByBound,tighten_disjunction,tighten_matrix_perturbation,tighten_infeasible_to_feasible_term,tighten_feasible_to_infeasible_basis
0,0,New,4,811.278996,812.338958,812.276638,812.223061,934.007916,934.007916,121.001130,121.495613,155.000668,157.447352,6354,72294,600.000000,4,30,30,GUROBI,1,0,0,0,0,0,0,0,0,0,0
1,0,New,4,778.964572,782.075233,781.805410,781.503165,920.007916,920.007916,97.462009,97.966390,130.586379,131.192785,6486,77993,600.000000,4,26,26,GUROBI,1,0,0,0,0,0,0,0,0,0,0
10,0,New,4,766.994087,770.831620,769.972134,769.903176,942.007916,942.007916,112.929170,113.453911,128.276640,137.906255,5101,56051,600.000000,4,29,29,GUROBI,1,0,0,0,0,0,0,0,0,0,0
2,0,New,4,745.630252,748.070346,748.070346,747.790706,902.007916,902.007916,118.349023,118.785372,147.655367,147.656463,6183,69054,600.000000,4,30,30,GUROBI,1,0,0,0,0,0,0,0,0,0,0
3,0,New,4,727.648964,738.684928,732.154178,731.847803,912.663100,912.663100,109.416275,109.937798,117.222449,124.464588,3349,35280,600.000000,4,29,29,GUROBI,1,0,0,0,0,0,0,0,0,0,0
4,0,New,4,793.510304,796.788760,795.376139,795.072041,943.007916,943.007916,117.585793,118.048906,150.340532,153.255848,7302,81900,600.000000,4,30,30,GUROBI,1,0,0,0,0,0,0,0,0,0,0
5,0,New,4,787.392235,788.704233,788.672305,788.599778,923.007916,923.007916,105.242318,105.775142,137.343073,137.344313,6283,72728,600.000000,4,29,29,GUROBI,1,0,0,0,0,0,0,0,0,0,0
6,0,New,4,781.052514,783.580299,783.549172,783.390260,958.663100,958.663100,116.571316,117.111508,148.996257,148.997511,7205,81902,600.000000,4,30,30,GUROBI,1,0,0,0,0,0,0,0,0,0,0
9,0,New,4,783.452716,789.168080,786.664279,786.342872,932.606125,932.606125,101.807322,102.293929,116.872451,116.873700,3584,40715,600.000000,4,24,24,GUROBI,1,0,0,0,0,0,0,0,0,0,0
