instanceIndex,seedIndex,vpcGenerator,terms,lpBound,disjunctiveDualBound,lpBoundPostVpc,rootDualBound,dualBound,primalBound,vpcGenerationTime,rootDualBoundTime,bestSolutionTime,terminationTime,nodes,iterations,maxTime,actualTerms,numCuts,cutLimit,mipSolver,providePrimalBound,infeasibleTerms,feasibleToInfeasibleTerms,infeasibleToFeasibleTerms,termRemainsFeasibleBasisInfeasible,cutsChangedCoefficients,feasibleTermsPrunedByBound,tighten_disjunction,tighten_matrix_perturbation,tighten_infeasible_to_feasible_term,tighten_feasible_to_infeasible_basis
0,0,New,64,22640.366278,23457.257023,23201.763475,32055.083241,32904.296562,32906.880834,23.752944,25.847664,41.152639,41.165710,596,13245,600.000000,107,4,63,GUROBI,1,99,0,0,0,0,0,0,0,0,0
1,0,Term,64,22568.965813,23394.446009,23131.296864,32323.488901,32855.858806,32855.880834,2.592492,5.555719,6.829749,13.994887,584,12240,600.000000,107,4,0,GUROBI,1,99,0,0,0,0,0,0,0,1,0
10,0,Term,64,22696.266518,23521.935421,23257.184131,32485.300433,33070.332432,33072.880834,2.531538,5.513724,7.856362,12.459759,1077,20300,600.000000,107,4,0,GUROBI,1,99,0,0,0,0,0,0,0,1,0
2,0,Term,64,22584.834912,23456.935025,23136.115388,32225.066018,32894.713643,32894.713469,2.618936,4.972115,12.686855,12.852010,618,13608,600.000000,107,4,0,GUROBI,1,99,0,0,0,0,0,0,0,1,0
3,0,Term,64,22647.833222,23479.054106,23208.516598,31846.292919,32874.057910,32876.880834,2.625395,4.790246,22.768256,23.014632,715,20837,600.000000,107,4,0,GUROBI,1,99,0,0,0,0,0,0,0,1,0
4,0,Term,64,22559.962411,23388.971181,23121.022633,32159.360077,32856.881005,32856.880834,2.582862,5.167319,18.862115,18.869453,690,15094,600.000000,107,4,0,GUROBI,1,99,0,0,0,0,0,0,0,1,0
