instanceIndex,seedIndex,vpcGenerator,terms,lpBound,disjunctiveDualBound,lpBoundPostVpc,rootDualBound,dualBound,primalBound,vpcGenerationTime,rootDualBoundTime,bestSolutionTime,terminationTime,nodes,iterations,maxTime,actualTerms,numCuts,cutLimit,mipSolver,providePrimalBound,infeasibleTerms,feasibleToInfeasibleTerms,infeasibleToFeasibleTerms,termRemainsFeasibleBasisInfeasible,cutsChangedCoefficients,feasibleTermsPrunedByBound,tighten_disjunction,tighten_matrix_perturbation,tighten_infeasible_to_feasible_term,tighten_feasible_to_infeasible_basis
0,0,New,64,22640.366278,23457.257023,23201.763475,32494.872572,32906.881005,32906.880834,23.520351,28.029569,32.825214,36.492880,1319,25578,600.000000,107,4,63,GUROBI,1,99,0,0,0,0,0,0,0,0,0
1,0,NoMatrix,64,16335.345282,16335.345282,16335.345282,21134.884897,21214.499840,21214.499654,4.651653,5.273203,5.872548,5.880958,155,518,600.000000,107,4,0,GUROBI,1,54,4,49,4,4,0,1,0,1,1
10,0,NoMatrix,64,17253.284261,17861.793828,17253.284261,24273.126012,24340.522781,24340.522594,5.874829,6.800499,7.757435,7.763934,134,659,600.000000,107,4,0,GUROBI,1,55,4,48,4,4,0,1,0,1,1
2,0,NoMatrix,64,16656.964894,16659.139085,16656.964894,22514.623600,22617.669856,22617.669688,5.514842,6.377693,7.068844,7.076028,160,1002,600.000000,107,4,0,GUROBI,1,100,4,3,4,4,0,1,0,1,1
3,0,NoMatrix,64,16575.015517,16590.037020,16575.015517,21958.603051,22062.216669,22062.216507,5.185174,5.861245,7.002187,7.016851,183,581,600.000000,107,4,0,GUROBI,1,101,4,2,4,4,0,1,0,1,1
4,0,NoMatrix,64,15752.566873,15982.210454,15752.566873,21369.708176,21458.093682,21458.093497,5.885141,6.419810,6.757069,6.758019,106,582,600.000000,107,4,0,GUROBI,1,48,0,51,8,4,0,1,0,1,1
