instanceIndex,seedIndex,vpcGenerator,terms,lpBound,disjunctiveDualBound,lpBoundPostVpc,rootDualBound,dualBound,primalBound,vpcGenerationTime,rootDualBoundTime,bestSolutionTime,terminationTime,nodes,iterations,maxTime,actualTerms,numCuts,cutLimit,mipSolver,providePrimalBound,infeasibleTerms,feasibleToInfeasibleTerms,infeasibleToFeasibleTerms,termRemainsFeasibleBasisInfeasible,cutsChangedCoefficients,feasibleTermsPrunedByBound,tighten_disjunction,tighten_matrix_perturbation,tighten_infeasible_to_feasible_term,tighten_feasible_to_infeasible_basis
0,0,New,64,3892.000000,3892.000000,3892.000000,3935.027778,3941.617003,3942.000000,2.995487,3.184272,11.305735,15.062360,5024,103545,600.000000,64,3,119,GUROBI,1,0,0,0,0,0,0,0,0,0,0
10,0,Farkas,64,3894.000000,3894.000000,3894.000000,3935.084594,3943.619048,3944.000000,0.166306,0.378350,14.669968,16.313516,7921,153855,600.000000,64,3,0,GUROBI,1,0,0,0,47,0,0,0,0,0,0
2,0,Farkas,64,3893.000000,3893.000000,3893.000000,3931.000000,3937.643478,3938.000000,0.172244,0.368581,7.871574,8.797310,3791,73705,600.000000,64,3,0,GUROBI,1,0,0,0,64,0,0,0,0,0,0
3,0,Farkas,64,3890.000000,3890.000000,3890.000000,3926.468979,3936.625189,3937.000000,0.158666,0.374441,14.126913,15.412561,6310,131035,600.000000,64,3,0,GUROBI,1,0,0,0,64,0,0,0,0,0,0
4,0,Farkas,64,3893.000000,3893.000000,3893.000000,3929.000000,3938.624588,3939.000000,0.158472,0.362612,5.887041,6.680285,3492,56324,600.000000,64,3,0,GUROBI,1,0,0,0,50,0,0,0,0,0,0
5,0,Farkas,64,3893.000000,3893.000000,3893.000000,3938.749540,3947.637803,3948.000000,0.204974,0.562264,10.492693,11.346706,4288,89753,600.000000,64,3,0,GUROBI,1,0,0,0,64,0,0,0,0,0,0
6,0,Farkas,64,3892.000000,3892.000000,3892.000000,3933.674276,3939.610565,3940.000000,0.165335,0.467268,8.761532,12.274359,4672,97457,600.000000,64,3,0,GUROBI,1,0,0,0,64,0,0,0,0,0,0
8,0,Farkas,64,3894.000000,3894.000000,3894.000000,3937.221090,3945.623205,3946.000000,0.202702,0.389515,3.332323,5.652579,3539,48364,600.000000,64,3,0,GUROBI,1,0,0,0,64,0,0,0,0,0,0
