instanceIndex,seedIndex,vpcGenerator,terms,lpBound,disjunctiveDualBound,lpBoundPostVpc,rootDualBound,dualBound,primalBound,vpcGenerationTime,rootDualBoundTime,bestSolutionTime,terminationTime,nodes,iterations,maxTime,actualTerms,numCuts,cutLimit,mipSolver,providePrimalBound,infeasibleTerms,feasibleToInfeasibleTerms,infeasibleToFeasibleTerms,termRemainsFeasibleBasisInfeasible,cutsChangedCoefficients,feasibleTermsPrunedByBound,tighten_disjunction,tighten_matrix_perturbation,tighten_infeasible_to_feasible_term,tighten_feasible_to_infeasible_basis
0,0,New,64,38893.903641,39041.736508,39028.895865,39034.629721,40001.074064,40005.053810,5.127771,5.214799,173.227207,173.227391,241287,1725765,600.000000,64,11,11,GUROBI,1,0,0,0,0,0,0,0,0,0,0
3,0,New,64,17947.610935,17947.610935,17947.610935,17947.610935,17947.610330,17947.611160,0.439031,0.446107,0.439031,0.446107,0,0,600.000000,64,1,1,GUROBI,1,0,0,0,0,0,0,0,0,0,0
6,0,New,64,17947.610597,17947.610598,17947.610597,17947.610597,17947.610330,17947.610810,0.545895,0.554152,0.545895,0.554152,0,0,600.000000,64,2,2,GUROBI,1,0,0,0,0,0,0,0,0,0,0
8,0,New,64,17947.611391,17947.611391,17947.611391,17947.611391,17947.610330,17947.611540,0.453164,0.459454,0.453164,0.459454,0,0,600.000000,64,1,1,GUROBI,1,0,0,0,0,0,0,0,0,0,0
