instanceIndex,seedIndex,vpcGenerator,terms,lpBound,disjunctiveDualBound,lpBoundPostVpc,rootDualBound,dualBound,primalBound,vpcGenerationTime,rootDualBoundTime,bestSolutionTime,terminationTime,nodes,iterations,maxTime,actualTerms,numCuts,cutLimit,mipSolver,providePrimalBound,infeasibleTerms,feasibleToInfeasibleTerms,infeasibleToFeasibleTerms,termRemainsFeasibleBasisInfeasible,cutsChangedCoefficients,feasibleTermsPrunedByBound,tighten_disjunction,tighten_matrix_perturbation,tighten_infeasible_to_feasible_term,tighten_feasible_to_infeasible_basis
0,0,None,64,608.844340,608.844340,608.844340,11433.068132,11689.000000,11689.000000,0.000002,2.302069,7.216631,18.421681,600,46210,600.000000,0,0,0,GUROBI,1,0,0,0,0,0,0,0,0,0,0
1,0,None,64,416.517722,416.517722,416.517722,3377.937074,3393.000000,3393.000000,0.000002,0.484938,1.159453,1.159764,247,3651,600.000000,0,0,0,GUROBI,1,0,0,0,0,0,0,0,0,0,0
2,0,None,64,854.335846,854.335846,854.335846,4431.451391,4480.000000,4480.000000,0.000002,0.605144,6.364455,6.364768,596,10242,600.000000,0,0,0,GUROBI,1,0,0,0,0,0,0,0,0,0,0
3,0,None,64,525.830360,525.830360,525.830360,5239.941857,5305.000000,5305.000000,0.000002,0.704285,4.528277,4.537684,665,11070,600.000000,0,0,0,GUROBI,1,0,0,0,0,0,0,0,0,0,0
4,0,None,64,853.299648,853.299648,853.299648,6109.724169,6210.000000,6210.000000,0.000002,0.817055,11.710776,11.725369,921,22667,600.000000,0,0,0,GUROBI,1,0,0,0,0,0,0,0,0,0,0
5,0,None,64,710.764509,710.764509,710.764509,3610.560680,3618.000000,3618.000000,0.000001,0.520656,1.617899,1.618183,416,5956,600.000000,0,0,0,GUROBI,1,0,0,0,0,0,0,0,0,0,0
6,0,None,64,1699.051709,1699.051709,1699.051709,4643.959990,4658.000000,4658.000000,0.000002,0.571767,0.588854,0.593500,8,2488,600.000000,0,0,0,GUROBI,1,0,0,0,0,0,0,0,0,0,0
7,0,None,64,1583.862211,1583.862211,1583.862211,4672.056229,4686.000000,4686.000000,0.000001,0.522756,0.636016,0.636318,33,2853,600.000000,0,0,0,GUROBI,1,0,0,0,0,0,0,0,0,0,0
8,0,None,64,1043.313358,1043.313358,1043.313358,5412.597504,5419.000000,5419.000000,0.000002,0.660741,0.952995,0.955795,96,3493,600.000000,0,0,0,GUROBI,1,0,0,0,0,0,0,0,0,0,0
