instanceIndex,seedIndex,vpcGenerator,terms,lpBound,disjunctiveDualBound,lpBoundPostVpc,rootDualBound,dualBound,primalBound,vpcGenerationTime,rootDualBoundTime,bestSolutionTime,terminationTime,nodes,iterations,maxTime,actualTerms,numCuts,cutLimit,mipSolver,providePrimalBound,infeasibleTerms,feasibleToInfeasibleTerms,infeasibleToFeasibleTerms,termRemainsFeasibleBasisInfeasible,cutsChangedCoefficients,feasibleTermsPrunedByBound,tighten_disjunction,tighten_matrix_perturbation,tighten_infeasible_to_feasible_term,tighten_feasible_to_infeasible_basis
0,0,None,4,367.757396,367.757396,367.757396,3346.423505,3417.000000,3417.000000,0.000002,2.181370,91.352729,91.353167,1191,129764,600.000000,0,0,0,GUROBI,1,0,0,0,0,0,0,0,0,0,0
1,0,None,4,1585.733728,1585.733728,1585.733728,4172.316155,4252.000000,4252.000000,0.000002,2.659701,186.760548,186.760964,8189,657577,600.000000,0,0,0,GUROBI,1,0,0,0,0,0,0,0,0,0,0
2,0,None,4,1754.218935,1754.218935,1754.218935,4180.573507,4275.000000,4275.000000,0.000003,1.762170,178.238004,178.238406,7731,584321,600.000000,0,0,0,GUROBI,1,0,0,0,0,0,0,0,0,0,0
3,0,None,4,1500.431953,1500.431953,1500.431953,3885.520489,4025.000000,4027.000000,0.000002,1.954500,532.371809,600.008211,14852,1207385,600.000000,0,0,0,GUROBI,1,0,0,0,0,0,0,0,0,0,0
4,0,None,4,1275.189349,1275.189349,1275.189349,3694.181860,3881.000000,3881.000000,0.000001,1.845824,275.278947,275.279339,8980,793490,600.000000,0,0,0,GUROBI,1,0,0,0,0,0,0,0,0,0,0
