instanceIndex,seedIndex,vpcGenerator,terms,lpBound,disjunctiveDualBound,lpBoundPostVpc,rootDualBound,dualBound,primalBound,vpcGenerationTime,rootDualBoundTime,bestSolutionTime,terminationTime,nodes,iterations,maxTime,actualTerms,numCuts,cutLimit,mipSolver,providePrimalBound,infeasibleTerms,feasibleToInfeasibleTerms,infeasibleToFeasibleTerms,termRemainsFeasibleBasisInfeasible,cutsChangedCoefficients,feasibleTermsPrunedByBound,tighten_disjunction,tighten_matrix_perturbation,tighten_infeasible_to_feasible_term,tighten_feasible_to_infeasible_basis
0,0,None,64,367.757396,367.757396,367.757396,3358.625164,3417.000000,3417.000000,0.000002,3.194935,75.060209,75.617016,977,107346,600.000000,0,0,0,GUROBI,1,0,0,0,0,0,0,0,0,0,0
1,0,None,64,180.483213,180.483213,180.483213,3131.615043,3181.000000,3181.000000,0.000002,1.639583,75.304283,83.210585,5678,304195,600.000000,0,0,0,GUROBI,1,0,0,0,0,0,0,0,0,0,0
10,0,None,64,194.851133,194.851133,194.851133,2371.497097,2501.000000,2501.000000,0.000002,1.442727,472.235287,472.235748,58278,1775361,600.000000,0,0,0,GUROBI,1,0,0,0,0,0,0,0,0,0,0
2,0,None,64,168.669035,168.669035,168.669035,2664.390761,2730.000000,2730.000000,0.000002,0.779166,60.412167,60.412567,6324,198666,600.000000,0,0,0,GUROBI,1,0,0,0,0,0,0,0,0,0,0
3,0,None,64,374.224957,374.224957,374.224957,2184.783253,2300.000000,2300.000000,0.000002,0.947872,148.635464,150.302836,15886,507102,600.000000,0,0,0,GUROBI,1,0,0,0,0,0,0,0,0,0,0
4,0,None,64,201.366999,201.366999,201.366999,3257.967259,3314.000000,3314.000000,0.000003,1.482525,28.750397,28.750798,1175,71698,600.000000,0,0,0,GUROBI,1,0,0,0,0,0,0,0,0,0,0
5,0,None,64,53.333667,53.333667,53.333667,1870.052702,1909.000000,1909.000000,0.000002,0.750521,14.375638,14.406043,692,31788,600.000000,0,0,0,GUROBI,1,0,0,0,0,0,0,0,0,0,0
6,0,None,64,126.357356,126.357356,126.357356,3125.378187,3186.000000,3186.000000,0.000002,1.589144,65.225703,65.998481,8388,247860,600.000000,0,0,0,GUROBI,1,0,0,0,0,0,0,0,0,0,0
7,0,None,64,219.292231,219.292231,219.292231,3284.478972,3335.000000,3335.000000,0.000002,1.699259,51.969085,51.969504,3138,148508,600.000000,0,0,0,GUROBI,1,0,0,0,0,0,0,0,0,0,0
8,0,None,64,76.037006,76.037006,76.037006,2481.911017,2545.000000,2545.000000,0.000001,1.107215,28.884485,28.884871,1557,66252,600.000000,0,0,0,GUROBI,1,0,0,0,0,0,0,0,0,0,0
9,0,None,64,153.859484,153.859484,153.859484,2915.575610,2969.000000,2969.000000,0.000001,1.474044,41.411152,41.411546,3434,153482,600.000000,0,0,0,GUROBI,1,0,0,0,0,0,0,0,0,0,0
