instanceIndex,seedIndex,vpcGenerator,terms,lpBound,disjunctiveDualBound,lpBoundPostVpc,rootDualBound,dualBound,primalBound,vpcGenerationTime,rootDualBoundTime,bestSolutionTime,terminationTime,nodes,iterations,maxTime,actualTerms,numCuts,cutLimit,mipSolver,providePrimalBound,infeasibleTerms,feasibleToInfeasibleTerms,infeasibleToFeasibleTerms,termRemainsFeasibleBasisInfeasible,cutsChangedCoefficients,feasibleTermsPrunedByBound,tighten_disjunction,tighten_matrix_perturbation,tighten_infeasible_to_feasible_term,tighten_feasible_to_infeasible_basis
0,0,None,64,91.764706,91.764706,91.764706,1518.053624,1566.000000,1566.000000,0.000002,2.798984,46.760347,48.586162,824,82487,600.000000,0,0,0,GUROBI,1,0,0,0,0,0,0,0,0,0,0
1,0,None,64,48.352104,48.352104,48.352104,966.306796,1004.000000,1004.000000,0.000002,1.445712,24.495954,24.508760,1421,62553,600.000000,0,0,0,GUROBI,1,0,0,0,0,0,0,0,0,0,0
10,0,None,64,68.895438,68.895438,68.895438,1358.471324,1373.000000,1373.000000,0.000002,1.361998,12.218341,12.369071,611,35721,600.000000,0,0,0,GUROBI,1,0,0,0,0,0,0,0,0,0,0
2,0,None,64,53.156559,53.156559,53.156559,1419.580406,1438.000000,1438.000000,0.000002,1.589270,8.178802,8.179323,549,26343,600.000000,0,0,0,GUROBI,1,0,0,0,0,0,0,0,0,0,0
3,0,None,64,78.176500,78.176500,78.176500,1128.963416,1153.000000,1153.000000,0.000003,1.547164,27.486903,27.487307,3196,79276,600.000000,0,0,0,GUROBI,1,0,0,0,0,0,0,0,0,0,0
4,0,None,64,32.278874,32.278874,32.278874,1309.357893,1336.000000,1336.000000,0.000002,1.408860,28.159269,28.538217,1926,79307,600.000000,0,0,0,GUROBI,1,0,0,0,0,0,0,0,0,0,0
5,0,None,64,27.218015,27.218015,27.218015,1077.931999,1130.000000,1130.000000,0.000002,0.989933,73.556161,78.536867,9598,297331,600.000000,0,0,0,GUROBI,1,0,0,0,0,0,0,0,0,0,0
6,0,None,64,74.450469,74.450469,74.450469,1395.489631,1417.000000,1417.000000,0.000002,1.691275,31.029521,31.029925,3192,93560,600.000000,0,0,0,GUROBI,1,0,0,0,0,0,0,0,0,0,0
7,0,None,64,48.283640,48.283640,48.283640,1421.244671,1437.000000,1437.000000,0.000002,1.977380,21.452691,21.453089,928,54297,600.000000,0,0,0,GUROBI,1,0,0,0,0,0,0,0,0,0,0
8,0,None,64,50.229222,50.229222,50.229222,1366.248917,1413.000000,1413.000000,0.000002,1.501752,8.247917,8.248334,535,29981,600.000000,0,0,0,GUROBI,1,0,0,0,0,0,0,0,0,0,0
9,0,None,64,43.971796,43.971796,43.971796,1302.629268,1323.000000,1323.000000,0.000002,1.485679,15.757731,15.813165,644,39325,600.000000,0,0,0,GUROBI,1,0,0,0,0,0,0,0,0,0,0
