instanceIndex,seedIndex,vpcGenerator,terms,lpBound,disjunctiveDualBound,lpBoundPostVpc,rootDualBound,dualBound,primalBound,vpcGenerationTime,rootDualBoundTime,bestSolutionTime,terminationTime,nodes,iterations,maxTime,actualTerms,numCuts,cutLimit,mipSolver,providePrimalBound,infeasibleTerms,feasibleToInfeasibleTerms,infeasibleToFeasibleTerms,termRemainsFeasibleBasisInfeasible,cutsChangedCoefficients,feasibleTermsPrunedByBound,tighten_disjunction,tighten_matrix_perturbation,tighten_infeasible_to_feasible_term,tighten_feasible_to_infeasible_basis
0,0,New,4,91.764706,95.064171,92.986719,1524.343801,1566.000000,1566.000000,3.533262,6.153183,54.777359,54.777790,958,100317,600.000000,4,9,363,GUROBI,1,0,0,0,0,0,0,0,0,0,0
1,0,NoTerm,4,-79512.524064,-79512.491979,-79512.524064,-79182.990083,-78996.859182,-78872.000000,0.263903,2.132658,90.967419,600.265593,7817,793180,600.000000,4,9,0,GUROBI,1,0,0,0,0,0,0,1,1,0,1
2,0,NoTerm,4,-70759.336898,-70757.796791,-70759.336898,-70390.848823,-70246.743845,-70165.000000,0.273923,3.074484,107.354048,600.276212,10310,719370,600.000000,4,9,0,GUROBI,1,0,0,0,0,0,0,1,1,0,1
3,0,NoTerm,4,-73015.096257,-73015.096257,-73015.096257,-72736.029624,-72576.662422,-72454.000000,0.250074,2.505993,570.918912,600.251443,9860,999497,600.000000,4,9,0,GUROBI,1,0,0,0,0,0,0,1,1,0,1
