instanceIndex,seedIndex,vpcGenerator,terms,lpBound,disjunctiveDualBound,lpBoundPostVpc,rootDualBound,dualBound,primalBound,vpcGenerationTime,rootDualBoundTime,bestSolutionTime,terminationTime,nodes,iterations,maxTime,actualTerms,numCuts,cutLimit,mipSolver,providePrimalBound,infeasibleTerms,feasibleToInfeasibleTerms,infeasibleToFeasibleTerms,termRemainsFeasibleBasisInfeasible,cutsChangedCoefficients,feasibleTermsPrunedByBound,tighten_disjunction,tighten_matrix_perturbation,tighten_infeasible_to_feasible_term,tighten_feasible_to_infeasible_basis
0,0,None,4,1415.000000,1415.000000,1415.000000,1525.005580,2810.000000,2810.000000,0.000003,0.517511,5.211173,9.686506,6130,71173,600.000000,0,0,0,GUROBI,1,0,0,0,0,0,0,0,0,0,0
1,0,None,4,747.862303,747.862303,747.862303,1018.164940,1890.500000,1890.500000,0.000003,0.511163,0.587478,0.773675,113,4355,600.000000,0,0,0,GUROBI,1,0,0,0,0,0,0,0,0,0,0
10,0,None,4,1206.473262,1206.473262,1206.473262,2103.319774,3831.000000,3831.000000,0.000002,0.570390,6.855575,6.975021,1956,42677,600.000000,0,0,0,GUROBI,1,0,0,0,0,0,0,0,0,0,0
2,0,None,4,1385.500000,1385.500000,1385.500000,1701.608863,2809.000000,2809.000000,0.000001,0.553201,7.929821,8.087363,2645,49580,600.000000,0,0,0,GUROBI,1,0,0,0,0,0,0,0,0,0,0
3,0,None,4,1272.507783,1272.507783,1272.507783,1738.246812,2589.000000,2589.000000,0.000002,0.599720,2.498902,2.587254,954,17621,600.000000,0,0,0,GUROBI,1,0,0,0,0,0,0,0,0,0,0
4,0,None,4,1197.038430,1197.038430,1197.038430,1867.851982,4279.000000,4279.000000,0.000002,0.717339,2.414633,2.537992,650,15043,600.000000,0,0,0,GUROBI,1,0,0,0,0,0,0,0,0,0,0
5,0,None,4,1366.972222,1366.972222,1366.972222,1704.888448,2920.000000,2920.000000,0.000001,0.823577,2.375101,3.265021,1181,24822,600.000000,0,0,0,GUROBI,1,0,0,0,0,0,0,0,0,0,0
6,0,None,4,1266.603420,1266.603420,1266.603420,1807.643421,3893.000000,3893.000000,0.000002,0.616989,11.559285,11.559428,2783,81020,600.000000,0,0,0,GUROBI,1,0,0,0,0,0,0,0,0,0,0
7,0,None,4,1322.524793,1322.524793,1322.524793,1758.954736,3489.000000,3489.000000,0.000001,0.502926,5.372816,5.372969,1311,26079,600.000000,0,0,0,GUROBI,1,0,0,0,0,0,0,0,0,0,0
8,0,None,4,1399.363669,1399.363669,1399.363669,1714.999585,2801.000000,2801.000000,0.000002,0.522174,1.765545,2.598851,950,17504,600.000000,0,0,0,GUROBI,1,0,0,0,0,0,0,0,0,0,0
9,0,None,4,1416.556422,1416.556422,1416.556422,2063.459052,3978.000000,3978.000000,0.000001,0.741937,2.026227,2.103699,568,11076,600.000000,0,0,0,GUROBI,1,0,0,0,0,0,0,0,0,0,0
