instanceIndex,seedIndex,vpcGenerator,terms,lpBound,disjunctiveDualBound,lpBoundPostVpc,rootDualBound,dualBound,primalBound,vpcGenerationTime,rootDualBoundTime,bestSolutionTime,terminationTime,nodes,iterations,maxTime,actualTerms,numCuts,cutLimit,mipSolver,providePrimalBound,infeasibleTerms,feasibleToInfeasibleTerms,infeasibleToFeasibleTerms,termRemainsFeasibleBasisInfeasible,cutsChangedCoefficients,feasibleTermsPrunedByBound,tighten_disjunction,tighten_matrix_perturbation,tighten_infeasible_to_feasible_term,tighten_feasible_to_infeasible_basis
0,0,New,64,6519541.944917,6528425.806386,6519541.944917,11486166.666302,11490576.692727,11490666.666634,13.768902,14.538438,15.331589,19.433308,575,44655,600.000000,64,2,202,GUROBI,1,37,0,0,0,0,0,0,0,0,0
1,0,NoMatrix,64,6919288.611604,6919639.627691,6919288.611604,11497833.332934,11566156.666274,11566156.666634,0.529139,1.324856,4.398358,4.398738,526,20490,600.000000,64,2,0,GUROBI,1,45,19,11,8,0,0,1,0,1,1
2,0,NoMatrix,64,8820477.874677,8820477.874677,8820477.874677,13104178.620045,13236143.327125,13236505.333304,0.723866,1.531828,45.705430,45.705693,17712,314331,600.000000,64,2,0,GUROBI,1,35,2,4,25,0,0,1,0,1,1
3,0,NoMatrix,64,8117769.119761,8130063.907686,8118063.907686,12117882.479103,12347961.332970,12348623.332970,0.608764,1.208675,23.475417,23.489122,6966,132635,600.000000,64,2,0,GUROBI,1,37,0,0,27,0,0,1,0,1,1
4,0,NoMatrix,64,10105481.999958,10105481.999958,10105481.999958,13712738.942236,13835421.869962,13836800.658165,0.651710,1.377090,6.118403,6.118802,783,17972,600.000000,64,2,0,GUROBI,1,39,4,2,23,0,0,1,0,1,1
5,0,NoMatrix,64,8242227.032889,8248824.342197,8242227.032889,12375953.332976,12475861.586315,12476587.333306,0.630426,1.139181,20.429427,20.429954,6289,128727,600.000000,64,2,0,GUROBI,1,43,21,15,6,0,0,1,0,1,1
6,0,NoMatrix,64,8316364.666603,8327031.333271,8316364.666603,12339501.333045,12430986.872102,12431001.333297,0.483073,1.538978,38.462684,38.463110,10220,207635,600.000000,64,2,0,GUROBI,1,37,0,0,27,0,0,1,0,1,1
