instanceIndex,seedIndex,vpcGenerator,terms,lpBound,disjunctiveDualBound,lpBoundPostVpc,rootDualBound,dualBound,primalBound,vpcGenerationTime,rootDualBoundTime,bestSolutionTime,terminationTime,nodes,iterations,maxTime,actualTerms,numCuts,cutLimit,mipSolver,providePrimalBound,infeasibleTerms,feasibleToInfeasibleTerms,infeasibleToFeasibleTerms,termRemainsFeasibleBasisInfeasible,cutsChangedCoefficients,feasibleTermsPrunedByBound,tighten_disjunction,tighten_matrix_perturbation,tighten_infeasible_to_feasible_term,tighten_feasible_to_infeasible_basis
0,0,New,4,-1216923.270104,-1114006.597056,-1114006.597056,-588375.285010,-114849.774666,12940.219678,1.423511,1.868938,244.249692,601.424362,301877,6065851,600.000000,4,30,41,GUROBI,1,0,0,0,0,0,0,0,0,0,0
10,0,New,4,-9015373.221806,-8769658.202876,-8769663.324000,-8280421.449609,-7133024.919783,-7132457.020942,0.679487,1.193593,154.002237,154.005226,99635,1478691,600.000000,4,33,44,GUROBI,1,0,0,0,0,0,0,0,0,0,0
2,0,New,4,-2829003.724801,-2515700.295647,-2525442.881962,-2172586.648033,-1474159.846739,-1474043.371904,0.632104,1.131015,52.843887,68.577840,48991,595842,600.000000,4,23,44,GUROBI,1,0,0,0,0,0,0,0,0,0,0
4,0,New,4,-3233972.211986,-2928956.489477,-2943292.905582,-2556160.429974,-1926684.732323,-1926495.917037,0.624838,1.079827,26.030090,26.157942,17017,210231,600.000000,4,23,41,GUROBI,1,0,0,0,0,0,0,0,0,0,0
5,0,New,4,-3149539.981381,-2923974.896165,-2965439.053860,-2534327.228837,-1753285.393177,-1753115.070256,0.712722,1.291434,98.782657,112.423338,82912,1038534,600.000000,4,35,45,GUROBI,1,0,0,0,0,0,0,0,0,0,0
6,0,New,4,-1772580.486341,-1623136.572828,-1623136.572828,-1101868.618069,-508869.166606,-508822.188746,0.716726,1.201266,180.547926,180.577522,137601,1618618,600.000000,4,35,45,GUROBI,1,0,0,0,0,0,0,0,0,0,0
7,0,New,4,-4729890.751240,-4454010.796743,-4465104.895455,-3961300.401229,-3080654.176268,-3080347.007773,0.575402,1.056931,170.499160,170.499396,130219,1602029,600.000000,4,12,45,GUROBI,1,0,0,0,0,0,0,0,0,0,0
8,0,New,4,-4701833.403095,-4504303.418191,-4620774.031399,-4090025.596378,-3070797.119987,-3070519.658140,0.627080,1.046013,80.191616,140.289824,103795,1432825,600.000000,4,20,42,GUROBI,1,0,0,0,0,0,0,0,0,0,0
9,0,New,4,-1566490.813523,-1378478.695571,-1404673.816382,-955468.194326,-326730.784426,-326699.231394,0.567895,0.920082,395.388270,396.372998,314193,3499074,600.000000,4,17,43,GUROBI,1,0,0,0,0,0,0,0,0,0,0
