instanceIndex,seedIndex,vpcGenerator,terms,lpBound,disjunctiveDualBound,lpBoundPostVpc,rootDualBound,dualBound,primalBound,vpcGenerationTime,rootDualBoundTime,bestSolutionTime,terminationTime,nodes,iterations,maxTime,actualTerms,numCuts,cutLimit,mipSolver,providePrimalBound,infeasibleTerms,feasibleToInfeasibleTerms,infeasibleToFeasibleTerms,termRemainsFeasibleBasisInfeasible,cutsChangedCoefficients,feasibleTermsPrunedByBound,tighten_disjunction,tighten_matrix_perturbation,tighten_infeasible_to_feasible_term,tighten_feasible_to_infeasible_basis
0,0,New,64,5711620.957128,5713349.828543,5712898.160758,5749437.735923,5761158.871617,5761665.217720,25.285290,26.201998,35.698208,35.698537,10213,26946,600.000000,64,26,44,GUROBI,1,30,0,0,0,0,0,0,0,0,0
1,0,New,64,5708249.029668,5711590.120819,5711548.672729,5997142.058132,6018494.132757,6019540.527869,39.831782,41.222427,639.834700,639.835119,1803704,5698964,600.000000,64,35,46,GUROBI,1,48,0,0,0,0,0,0,0,0,0
2,0,New,64,6191453.828366,6201668.511795,6198045.869500,6479746.405568,6491664.306506,6492159.445412,10.394004,10.843181,11.426336,11.671540,535,2300,600.000000,82,2,67,GUROBI,1,80,0,0,0,0,0,0,0,0,0
3,0,New,64,5837016.129041,5840910.966281,5837282.984809,6461853.479906,6477722.492039,6478288.096259,25.526299,26.523915,26.997486,27.235126,614,3792,600.000000,81,9,54,GUROBI,1,79,0,0,0,0,0,0,0,0,0
4,0,New,64,5717642.390011,5719509.326273,5717642.390011,5909806.422675,5920351.688183,5920746.953200,8.620556,9.504927,121.448873,121.449327,292015,1025081,600.000000,64,2,49,GUROBI,1,52,0,0,0,0,0,0,0,0,0
5,0,New,64,6020137.766009,6020137.766009,6020137.766009,6569265.669522,6581973.957991,6582215.873095,7.565829,9.386700,9.482246,9.717077,121,1288,600.000000,76,1,61,GUROBI,1,74,0,0,0,0,0,0,0,0,0
6,0,New,64,6268092.701325,6270299.862072,6269968.196953,6767227.653765,6779922.226809,6785779.352805,12.560815,14.003494,17.573412,612.568103,1078410,3753320,600.000000,73,3,62,GUROBI,1,71,0,0,0,0,0,0,0,0,0
