instanceIndex,seedIndex,vpcGenerator,terms,lpBound,disjunctiveDualBound,lpBoundPostVpc,rootDualBound,dualBound,primalBound,vpcGenerationTime,rootDualBoundTime,bestSolutionTime,terminationTime,nodes,iterations,maxTime,actualTerms,numCuts,cutLimit,mipSolver,providePrimalBound,infeasibleTerms,feasibleToInfeasibleTerms,infeasibleToFeasibleTerms,termRemainsFeasibleBasisInfeasible,cutsChangedCoefficients,feasibleTermsPrunedByBound,tighten_disjunction,tighten_matrix_perturbation,tighten_infeasible_to_feasible_term,tighten_feasible_to_infeasible_basis
0,0,New,4,6519541.944917,6519892.961004,6519541.944917,11486166.666376,11490666.666304,11490666.666634,0.938210,1.699889,9.516355,30.203777,10211,198069,600.000000,4,5,202,GUROBI,1,0,0,0,0,0,0,0,0,0,0
1,0,Farkas,4,6919288.611604,6919639.627691,6919288.611604,11493950.979993,11566156.666274,11566156.666634,0.048311,1.080796,2.754941,3.876202,525,21955,600.000000,4,5,0,GUROBI,1,0,0,0,4,0,0,0,0,0,0
2,0,Farkas,4,8820477.874677,8820477.874677,8820477.874677,13142507.893177,13236143.332944,13236505.333304,0.066862,0.960170,20.595346,20.595542,5520,118033,600.000000,4,5,0,GUROBI,1,0,0,0,4,0,0,0,0,0,0
3,0,Farkas,4,8117769.119761,8118414.923773,8118063.907686,12251537.224816,12347961.332970,12348745.332970,0.050478,0.969718,15.481510,15.483869,4262,96034,600.000000,4,5,0,GUROBI,1,0,0,0,4,0,0,0,0,0,0
4,0,Farkas,4,10105481.999958,10105481.999958,10105481.999958,13757338.624448,13835442.624873,13836800.666271,0.049504,0.770166,6.928140,6.932481,890,26053,600.000000,4,5,0,GUROBI,1,0,0,0,4,0,0,0,0,0,0
5,0,Farkas,4,8242227.032889,8248011.967806,8242227.032889,12472453.332976,12476453.332976,12476587.333306,0.064065,0.905817,8.929476,8.929683,921,41326,600.000000,4,5,0,GUROBI,1,0,0,0,4,0,0,0,0,0,0
6,0,Farkas,4,8316364.666603,8316364.666603,8316364.666603,12333501.332967,12430129.151242,12431001.332967,0.040132,1.178934,1.597879,4.536057,542,24226,600.000000,4,5,0,GUROBI,1,0,0,0,4,0,0,0,0,0,0
