instanceIndex,seedIndex,vpcGenerator,terms,lpBound,disjunctiveDualBound,lpBoundPostVpc,rootDualBound,dualBound,primalBound,vpcGenerationTime,rootDualBoundTime,bestSolutionTime,terminationTime,nodes,iterations,maxTime,actualTerms,numCuts,cutLimit,mipSolver,providePrimalBound,infeasibleTerms,feasibleToInfeasibleTerms,infeasibleToFeasibleTerms,termRemainsFeasibleBasisInfeasible,cutsChangedCoefficients,feasibleTermsPrunedByBound,tighten_disjunction,tighten_matrix_perturbation,tighten_infeasible_to_feasible_term,tighten_feasible_to_infeasible_basis
0,0,None,64,23.260000,23.260000,23.260000,23.260000,54.570000,54.760000,0.000033,0.241049,600.001657,600.001871,497458,6034693,600.000000,0,0,0,GUROBI,1,0,0,0,0,0,0,0,0,0,0
1,0,None,64,22.226402,22.226402,22.226402,22.260000,54.520000,54.520000,0.000003,0.238549,25.833199,28.206214,1889,134414,600.000000,0,0,0,GUROBI,1,0,0,0,0,0,0,0,0,0,0
10,0,None,64,21.447631,21.447631,21.447631,22.260000,54.760000,54.760000,0.000002,0.202458,23.818456,34.121424,5184,163088,600.000000,0,0,0,GUROBI,1,0,0,0,0,0,0,0,0,0,0
2,0,None,64,21.456326,21.456326,21.456326,23.130000,54.630000,54.630000,0.000002,0.339120,15.517236,24.924853,4427,141970,600.000000,0,0,0,GUROBI,1,0,0,0,0,0,0,0,0,0,0
3,0,None,64,23.260000,23.260000,23.260000,23.260000,54.590000,54.760000,0.000002,0.269346,30.989642,600.001848,583951,6480232,600.000000,0,0,0,GUROBI,1,0,0,0,0,0,0,0,0,0,0
4,0,None,64,23.260000,23.260000,23.260000,23.260000,54.580000,54.760000,0.000002,0.308258,600.001791,600.002007,609818,7436790,600.000000,0,0,0,GUROBI,1,0,0,0,0,0,0,0,0,0,0
5,0,None,64,22.335297,22.335297,22.335297,23.260000,54.760000,54.760000,0.000002,0.278342,55.456504,55.456699,10373,242703,600.000000,0,0,0,GUROBI,1,0,0,0,0,0,0,0,0,0,0
6,0,None,64,22.260000,22.260000,22.260000,22.260000,53.760000,53.760000,0.000002,0.346534,33.984190,33.984364,22966,229460,600.000000,0,0,0,GUROBI,1,0,0,0,0,0,0,0,0,0,0
7,0,None,64,21.260000,21.260000,21.260000,21.260000,52.760000,52.760000,0.000003,0.262145,21.701807,340.119702,339369,2993919,600.000000,0,0,0,GUROBI,1,0,0,0,0,0,0,0,0,0,0
8,0,None,64,22.260000,22.260000,22.260000,22.260000,53.830000,53.830000,0.000002,0.317572,26.742472,490.123749,678685,5079848,600.000000,0,0,0,GUROBI,1,0,0,0,0,0,0,0,0,0,0
9,0,None,64,21.269622,21.269622,21.269622,22.260000,53.830000,53.830000,0.000002,0.429318,13.618384,13.618553,728,56529,600.000000,0,0,0,GUROBI,1,0,0,0,0,0,0,0,0,0,0
