instanceIndex,seedIndex,vpcGenerator,terms,lpBound,disjunctiveDualBound,lpBoundPostVpc,rootDualBound,dualBound,primalBound,vpcGenerationTime,rootDualBoundTime,bestSolutionTime,terminationTime,nodes,iterations,maxTime,actualTerms,numCuts,cutLimit,mipSolver,providePrimalBound,infeasibleTerms,feasibleToInfeasibleTerms,infeasibleToFeasibleTerms,termRemainsFeasibleBasisInfeasible,cutsChangedCoefficients,feasibleTermsPrunedByBound,tighten_disjunction,tighten_matrix_perturbation,tighten_infeasible_to_feasible_term,tighten_feasible_to_infeasible_basis
0,0,New,64,-1216923.270104,-935556.416491,-946430.863686,-591854.111206,-129252.842649,12940.219678,51.894305,52.379740,267.108308,651.895264,279833,5897353,600.000000,64,41,41,GUROBI,1,0,0,0,0,0,0,0,0,0,0
10,0,New,64,-9015373.221806,-8348722.010074,-8428549.684401,-8251296.457988,-7133157.712742,-7132457.020942,32.980870,33.408620,161.386124,161.510008,87558,1230788,600.000000,64,44,44,GUROBI,1,0,0,0,0,0,0,0,0,0,0
6,0,New,64,-1772580.486341,-1309538.770707,-1325949.618268,-1104969.118379,-508870.823808,-508822.188746,31.606562,32.135954,198.269001,198.269227,116335,1477907,600.000000,64,45,45,GUROBI,1,0,0,0,0,0,0,0,0,0,0
7,0,New,64,-4729890.751240,-4097312.651894,-4126453.849321,-3922679.008449,-3080655.035226,-3080347.007773,28.203490,28.737668,197.825967,200.310629,148206,1763149,600.000000,64,45,45,GUROBI,1,0,0,0,0,0,0,0,0,0,0
8,0,New,64,-4701833.403095,-4179716.559795,-4197960.186797,-4038810.850851,-3070826.596087,-3070519.658140,35.758908,36.399194,156.584400,156.653189,83774,1191586,600.000000,64,27,42,GUROBI,1,0,0,0,0,0,0,0,0,0,0
9,0,New,64,-1566490.813523,-1170953.690980,-1206131.686088,-950899.301657,-326728.278209,-326699.231394,34.642779,35.060732,225.647878,444.618606,330666,3492412,600.000000,64,43,43,GUROBI,1,0,0,0,0,0,0,0,0,0,0
