instanceIndex,seedIndex,vpcGenerator,terms,lpBound,disjunctiveDualBound,lpBoundPostVpc,rootDualBound,dualBound,primalBound,vpcGenerationTime,rootDualBoundTime,bestSolutionTime,terminationTime,nodes,iterations,maxTime,actualTerms,numCuts,cutLimit,mipSolver,providePrimalBound,infeasibleTerms,feasibleToInfeasibleTerms,infeasibleToFeasibleTerms,termRemainsFeasibleBasisInfeasible,cutsChangedCoefficients,feasibleTermsPrunedByBound,tighten_disjunction,tighten_matrix_perturbation,tighten_infeasible_to_feasible_term,tighten_feasible_to_infeasible_basis
0,0,New,4,429.000000,429.000000,429.000000,444.166667,446.000000,446.000000,1.078066,1.186633,1.078066,1.193940,1,1000,600.000000,4,8,91,GUROBI,1,0,0,0,0,0,0,0,0,0,0
1,0,NoBasis,4,428.968750,428.968750,428.968750,443.788707,445.968750,445.968750,0.011901,0.118336,0.011901,0.124112,1,944,600.000000,4,8,0,GUROBI,1,0,0,0,0,0,0,1,1,1,0
10,0,NoBasis,4,429.000000,429.031250,429.000000,443.826705,446.000000,446.000000,0.015488,0.119812,0.015488,0.123441,1,879,600.000000,4,8,0,GUROBI,1,0,0,0,0,0,0,1,1,1,0
2,0,NoBasis,4,429.000000,429.000000,429.000000,443.825000,446.000000,446.000000,0.013809,0.116521,0.013809,0.120343,1,907,600.000000,4,8,0,GUROBI,1,0,0,0,0,0,0,1,1,1,0
3,0,NoBasis,4,429.000000,429.000000,429.000000,443.825000,446.000000,446.000000,0.013742,0.127091,0.013742,0.133292,1,898,600.000000,4,8,0,GUROBI,1,0,0,0,0,0,0,1,1,1,0
4,0,NoBasis,4,428.937500,428.937500,428.937500,445.937500,445.937500,445.968750,0.011672,0.245068,5.074365,5.075505,1585,56375,600.000000,4,8,0,GUROBI,1,0,0,0,0,0,0,1,1,1,0
