instanceIndex,seedIndex,vpcGenerator,terms,lpBound,disjunctiveDualBound,lpBoundPostVpc,rootDualBound,dualBound,primalBound,vpcGenerationTime,rootDualBoundTime,bestSolutionTime,terminationTime,nodes,iterations,maxTime,actualTerms,numCuts,cutLimit,mipSolver,providePrimalBound,infeasibleTerms,feasibleToInfeasibleTerms,infeasibleToFeasibleTerms,termRemainsFeasibleBasisInfeasible,cutsChangedCoefficients,feasibleTermsPrunedByBound,tighten_disjunction,tighten_matrix_perturbation,tighten_infeasible_to_feasible_term,tighten_feasible_to_infeasible_basis
0,0,None,64,5711620.957128,5711620.957128,5711620.957128,5740914.711757,5761158.871617,5761665.217720,0.000002,2.202656,14.851548,19.637537,5124,22332,600.000000,0,0,0,GUROBI,1,0,0,0,0,0,0,0,0,0,0
1,0,None,64,5708249.029668,5708249.029668,5708249.029668,5997142.058132,6018494.132757,6019540.527870,0.000002,1.836034,7.731949,600.003373,1912644,5712579,600.000000,0,0,0,GUROBI,1,0,0,0,0,0,0,0,0,0,0
2,0,None,64,6191453.828366,6191453.828366,6191453.828366,6479472.397769,6491668.723809,6492159.445412,0.000002,0.663477,1.571911,1.572157,913,3339,600.000000,0,0,0,GUROBI,1,0,0,0,0,0,0,0,0,0,0
3,0,None,64,5837016.129041,5837016.129041,5837016.129041,6462161.185263,6478288.096259,6478288.096259,0.000002,0.970015,1.366487,1.515202,229,1639,600.000000,0,0,0,GUROBI,1,0,0,0,0,0,0,0,0,0,0
4,0,None,64,5717642.390011,5717642.390011,5717642.390011,5909806.422675,5920234.980032,5920746.953200,0.000002,1.452893,5.683754,10.422389,5113,16611,600.000000,0,0,0,GUROBI,1,0,0,0,0,0,0,0,0,0,0
5,0,None,64,6020137.766009,6020137.766009,6020137.766009,6569326.406187,6581572.535093,6582215.873095,0.000003,1.477586,2.264982,2.423030,330,2321,600.000000,0,0,0,GUROBI,1,0,0,0,0,0,0,0,0,0,0
6,0,None,64,6268092.701325,6268092.701325,6268092.701325,6769256.281982,6784698.686310,6785779.351682,0.000003,1.007852,248.810255,600.003424,1462146,5066017,600.000000,0,0,0,GUROBI,1,0,0,0,0,0,0,0,0,0,0
