instanceIndex,seedIndex,vpcGenerator,terms,lpBound,disjunctiveDualBound,lpBoundPostVpc,rootDualBound,dualBound,primalBound,vpcGenerationTime,rootDualBoundTime,bestSolutionTime,terminationTime,nodes,iterations,maxTime,actualTerms,numCuts,cutLimit,mipSolver,providePrimalBound,infeasibleTerms,feasibleToInfeasibleTerms,infeasibleToFeasibleTerms,termRemainsFeasibleBasisInfeasible,cutsChangedCoefficients,feasibleTermsPrunedByBound,tighten_disjunction,tighten_matrix_perturbation,tighten_infeasible_to_feasible_term,tighten_feasible_to_infeasible_basis
0,0,New,64,8.333333,9.333333,8.458333,13.010870,16.000000,16.000000,53.603777,54.364405,54.473093,60.310315,1865,37731,600.000000,95,2,571,GUROBI,1,84,0,0,0,0,0,0,0,0,0
1,0,Farkas,64,8.208333,9.208333,8.333333,12.885870,15.875000,15.875000,2.600936,3.429191,3.542873,9.626340,1951,37805,600.000000,95,2,0,GUROBI,1,84,0,0,0,0,0,0,0,0,0
10,0,Farkas,64,8.208333,9.208333,8.333333,13.375000,15.875000,15.875000,4.510616,6.215821,7.977221,27.324760,2370,85189,600.000000,95,2,0,GUROBI,1,84,0,0,0,0,0,0,0,0,0
2,0,Farkas,64,8.458333,9.458333,8.583333,13.135870,16.125000,16.125000,2.573156,3.363719,3.477097,8.809939,1808,33681,600.000000,95,2,0,GUROBI,1,84,0,0,0,0,0,0,0,0,0
3,0,Farkas,64,8.458333,9.458333,8.583333,13.135870,16.125000,16.125000,2.574632,3.288698,3.403418,8.686946,1808,33681,600.000000,95,2,0,GUROBI,1,84,0,0,0,0,0,0,0,0,0
4,0,Farkas,64,8.458333,9.458333,8.583333,13.135870,16.125000,16.125000,2.581762,3.319327,3.441920,8.533404,1808,33681,600.000000,95,2,0,GUROBI,1,84,0,0,0,0,0,0,0,0,0
5,0,Farkas,64,8.208333,9.208333,8.333333,12.999573,15.875000,15.875000,4.490162,5.954029,7.731857,20.579900,1748,64325,600.000000,95,2,0,GUROBI,1,84,0,0,0,0,0,0,0,0,0
7,0,Farkas,64,8.208333,9.208333,8.333333,12.885870,15.875000,15.875000,2.570410,3.289156,3.403225,9.195346,1951,37805,600.000000,95,2,0,GUROBI,1,84,0,0,0,0,0,0,0,0,0
8,0,Farkas,64,8.208333,9.208333,8.333333,13.071429,15.875000,15.875000,4.232923,5.372109,5.676237,18.344654,3512,81596,600.000000,95,2,0,GUROBI,1,84,0,0,0,0,0,0,0,0,0
9,0,Farkas,64,8.458333,9.458333,8.583333,13.135870,16.125000,16.125000,2.579712,3.308048,3.426642,8.616085,1808,33681,600.000000,95,2,0,GUROBI,1,84,0,0,0,0,0,0,0,0,0
