instanceIndex,seedIndex,vpcGenerator,terms,lpBound,disjunctiveDualBound,lpBoundPostVpc,rootDualBound,dualBound,primalBound,vpcGenerationTime,rootDualBoundTime,bestSolutionTime,terminationTime,nodes,iterations,maxTime,actualTerms,numCuts,cutLimit,mipSolver,providePrimalBound,infeasibleTerms,feasibleToInfeasibleTerms,infeasibleToFeasibleTerms,termRemainsFeasibleBasisInfeasible,cutsChangedCoefficients,feasibleTermsPrunedByBound,tighten_disjunction,tighten_matrix_perturbation,tighten_infeasible_to_feasible_term,tighten_feasible_to_infeasible_basis
0,0,None,64,404.658413,404.658413,404.658413,407.482854,410.724218,410.763701,0.000003,4.806719,29.900407,101.549990,1634,208277,600.000000,0,0,0,GUROBI,1,0,0,0,0,0,0,0,0,0,0
1,0,None,64,430.770792,430.770792,430.770792,431.559895,433.171504,433.193201,0.000002,2.164773,3.084995,6.623285,169,13553,600.000000,0,0,0,GUROBI,1,0,0,0,0,0,0,0,0,0,0
10,0,None,64,420.619449,420.619449,420.619449,422.280716,424.433254,424.444048,0.000003,3.037149,10.094473,12.313966,260,30402,600.000000,0,0,0,GUROBI,1,0,0,0,0,0,0,0,0,0,0
2,0,None,64,438.284607,438.284607,438.284607,439.786958,441.444166,441.466614,0.000003,2.399789,3.751688,8.418511,184,16223,600.000000,0,0,0,GUROBI,1,0,0,0,0,0,0,0,0,0,0
3,0,None,64,423.400073,423.400073,423.400073,424.079873,426.391487,426.432311,0.000003,2.755154,6.454767,14.562101,299,33175,600.000000,0,0,0,GUROBI,1,0,0,0,0,0,0,0,0,0,0
4,0,None,64,431.465678,431.465678,431.465678,431.892696,433.638627,433.667378,0.000003,1.967309,3.663426,8.877514,332,23671,600.000000,0,0,0,GUROBI,1,0,0,0,0,0,0,0,0,0,0
5,0,None,64,421.844246,421.844246,421.844246,423.291958,425.906941,425.945434,0.000002,2.621349,11.591126,32.432287,1240,100134,600.000000,0,0,0,GUROBI,1,0,0,0,0,0,0,0,0,0,0
6,0,None,64,428.477678,428.477678,428.477678,429.244271,431.311059,431.353175,0.000003,2.677867,12.713123,14.460040,446,44454,600.000000,0,0,0,GUROBI,1,0,0,0,0,0,0,0,0,0,0
7,0,None,64,421.511324,421.511324,421.511324,423.082080,426.024314,426.061409,0.000004,3.399251,32.648185,84.436188,2380,205407,600.000000,0,0,0,GUROBI,1,0,0,0,0,0,0,0,0,0,0
8,0,None,64,425.460079,425.460079,425.460079,426.828733,428.166122,428.203254,0.000004,1.881058,2.575148,5.484033,187,13500,600.000000,0,0,0,GUROBI,1,0,0,0,0,0,0,0,0,0,0
9,0,None,64,424.310545,424.310545,424.310545,425.859731,427.810874,427.810874,0.000004,2.977538,13.582785,13.583219,319,29331,600.000000,0,0,0,GUROBI,1,0,0,0,0,0,0,0,0,0,0
