instanceIndex,seedIndex,vpcGenerator,terms,lpBound,disjunctiveDualBound,lpBoundPostVpc,rootDualBound,dualBound,primalBound,vpcGenerationTime,rootDualBoundTime,bestSolutionTime,terminationTime,nodes,iterations,maxTime,actualTerms,numCuts,cutLimit,mipSolver,providePrimalBound,infeasibleTerms,feasibleToInfeasibleTerms,infeasibleToFeasibleTerms,termRemainsFeasibleBasisInfeasible,cutsChangedCoefficients,feasibleTermsPrunedByBound,tighten_disjunction,tighten_matrix_perturbation,tighten_infeasible_to_feasible_term,tighten_feasible_to_infeasible_basis
0,0,None,64,404.658413,404.658413,404.658413,407.627181,410.732224,410.763701,0.000002,4.995086,62.966505,79.309617,1268,157241,600.000000,0,0,0,GUROBI,1,0,0,0,0,0,0,0,0,0,0
1,0,None,64,400.243421,400.243421,400.243421,403.283385,406.329014,406.369479,0.000004,5.621569,89.660838,97.414319,1559,195872,600.000000,0,0,0,GUROBI,1,0,0,0,0,0,0,0,0,0,0
10,0,None,64,402.936895,402.936895,402.936895,405.465813,408.339706,408.367910,0.000003,6.954091,13.480819,52.297679,606,98882,600.000000,0,0,0,GUROBI,1,0,0,0,0,0,0,0,0,0,0
2,0,None,64,400.667468,400.667468,400.667468,403.733911,406.894293,406.925343,0.000003,5.023315,194.063257,204.682933,2592,319881,600.000000,0,0,0,GUROBI,1,0,0,0,0,0,0,0,0,0,0
3,0,None,64,400.557453,400.557453,400.557453,403.769943,407.079889,407.118601,0.000003,5.877405,90.818265,90.818771,1210,190445,600.000000,0,0,0,GUROBI,1,0,0,0,0,0,0,0,0,0,0
4,0,None,64,402.199146,402.199146,402.199146,404.840319,408.417878,408.455895,0.000003,5.784601,88.248116,186.176198,1994,305409,600.000000,0,0,0,GUROBI,1,0,0,0,0,0,0,0,0,0,0
5,0,None,64,403.886169,403.886169,403.886169,405.570960,410.012526,410.045744,0.000002,5.724107,22.187353,139.682526,2097,287969,600.000000,0,0,0,GUROBI,1,0,0,0,0,0,0,0,0,0,0
6,0,None,64,400.797350,400.797350,400.797350,403.382210,407.032950,407.072734,0.000004,5.198539,57.940887,154.231617,2540,411131,600.000000,0,0,0,GUROBI,1,0,0,0,0,0,0,0,0,0,0
7,0,None,64,399.703829,399.703829,399.703829,401.446267,404.896937,404.911682,0.000002,4.685048,70.796172,70.894393,892,136860,600.000000,0,0,0,GUROBI,1,0,0,0,0,0,0,0,0,0,0
8,0,None,64,401.734431,401.734431,401.734431,403.993742,407.642039,407.676619,0.000003,5.340404,66.229818,214.330214,2973,411493,600.000000,0,0,0,GUROBI,1,0,0,0,0,0,0,0,0,0,0
9,0,None,64,400.051710,400.051710,400.051710,402.422143,406.096894,406.132401,0.000003,5.473223,12.850892,180.634573,2962,327158,600.000000,0,0,0,GUROBI,1,0,0,0,0,0,0,0,0,0,0
