instanceIndex,seedIndex,vpcGenerator,terms,lpBound,disjunctiveDualBound,lpBoundPostVpc,rootDualBound,dualBound,primalBound,vpcGenerationTime,rootDualBoundTime,bestSolutionTime,terminationTime,nodes,iterations,maxTime,actualTerms,numCuts,cutLimit,mipSolver,providePrimalBound,infeasibleTerms,feasibleToInfeasibleTerms,infeasibleToFeasibleTerms
0,3,New,64,0.000681,0.002176,0.001252,0.136983,0.149988,0.150003,496.489652,497.192063,502.897259,503.018117,1750,26956,3600.000000,69,171,171,GUROBI,1,24,0,0
3,3,Farkas,64,0.000689,0.002176,0.001261,0.129351,0.150065,0.150065,1.470363,2.361083,4.029133,4.067960,1698,21034,3600.000000,69,171,0,GUROBI,1,24,0,0
4,3,Farkas,64,0.000681,0.002176,0.001252,0.141478,0.149967,0.149979,1.446383,2.145345,6.630508,7.301304,1116,16957,3600.000000,69,171,0,GUROBI,1,24,0,0
7,3,Farkas,64,0.000709,0.002176,0.001280,0.120043,0.150328,0.150330,1.417795,2.303530,8.056963,8.057098,2785,37924,3600.000000,69,171,0,GUROBI,1,24,0,0
8,3,Farkas,64,0.000705,0.002191,0.001276,0.141095,0.157802,0.157815,1.436208,2.455957,9.320248,9.320385,2239,31891,3600.000000,69,171,0,GUROBI,1,24,0,0
