instanceIndex,seedIndex,vpcGenerator,terms,lpBound,disjunctiveDualBound,lpBoundPostVpc,rootDualBound,dualBound,primalBound,vpcGenerationTime,rootDualBoundTime,bestSolutionTime,terminationTime,nodes,iterations,maxTime,actualTerms,numCuts,cutLimit,mipSolver,providePrimalBound,infeasibleTerms,feasibleToInfeasibleTerms,infeasibleToFeasibleTerms
0,1,New,64,0.000681,0.002176,0.001252,0.145795,0.149993,0.150003,581.386299,582.344762,583.117354,583.366731,918,11074,3600.000000,69,171,171,GUROBI,1,24,0,0
1,1,Farkas,64,0.000680,0.002176,0.001249,0.143098,0.149991,0.150003,1.466794,2.327281,7.150757,7.663158,1806,29512,3600.000000,69,171,0,GUROBI,1,24,0,0
2,1,Farkas,64,0.000688,0.002183,0.001258,0.138189,0.150010,0.150010,1.461710,1.949168,2.767097,3.599470,1671,17302,3600.000000,69,171,0,GUROBI,1,24,0,0
3,1,Farkas,64,0.000679,0.002176,0.001249,0.138216,0.149993,0.149999,1.446063,2.082060,6.283248,6.283382,1734,23360,3600.000000,69,171,0,GUROBI,1,24,0,0
4,1,Farkas,64,0.000679,0.002176,0.001249,0.137725,0.149992,0.149999,1.448754,2.126299,6.847247,6.847380,1137,18227,3600.000000,69,171,0,GUROBI,1,24,0,0
5,1,Farkas,64,0.000685,0.002179,0.001255,0.140375,0.149995,0.150006,1.450393,2.072594,6.838665,6.838804,1934,26490,3600.000000,69,171,0,GUROBI,1,24,0,0
6,1,Farkas,64,0.000688,0.002183,0.001259,0.140483,0.149988,0.150003,1.457151,2.110853,3.603224,3.603349,1488,19270,3600.000000,69,171,0,GUROBI,1,24,0,0
7,1,Farkas,64,0.000858,0.002357,0.001424,0.113760,0.149993,0.150003,1.478489,2.025825,11.233763,12.291098,2898,44985,3600.000000,69,171,0,GUROBI,1,24,0,0
8,1,Farkas,64,0.000685,0.002179,0.001255,0.137556,0.149991,0.150004,1.472626,2.019154,4.091505,4.107370,1959,25608,3600.000000,69,171,0,GUROBI,1,24,0,0
