instanceIndex,vpcGenerator,terms,lpBound,disjunctiveDualBound,lpBoundPostVpc,rootDualBound,dualBound,primalBound,vpcGenerationTime,rootDualBoundTime,bestSolutionTime,terminationTime,nodes,iterations,maxTime,actualTerms,numCuts,cutLimit,mipSolver,providePrimalBound,infeasibleTerms,feasibleToInfeasibleTerms,infeasibleToFeasibleTerms
0,New,64,0.000681,0.002176,0.001252,0.136371,0.149990,0.150003,505.104859,505.627448,511.157136,511.870490,1790,27698,3600.000000,69,171,171,GUROBI,1,24,0,0
1,New,64,0.000685,0.002594,0.001041,0.134154,0.149989,0.150003,1150.770899,1151.367492,1159.315926,1159.414405,1685,28144,3600.000000,64,171,171,GUROBI,1,17,0,0
3,New,64,0.000685,0.002253,0.001380,0.139466,0.149991,0.150006,132.587177,133.274558,135.031487,135.421548,1817,27942,3600.000000,65,171,171,GUROBI,1,20,0,0
4,New,64,0.000681,0.002234,0.001421,0.137431,0.149990,0.149999,135.939425,136.532410,139.094696,139.354056,2669,27346,3600.000000,66,171,171,GUROBI,1,17,0,0
5,New,64,0.000680,0.002115,0.001377,0.140078,0.149989,0.150003,234.070430,234.820954,238.597860,239.193444,1560,22747,3600.000000,64,170,170,GUROBI,1,17,0,0
6,New,64,0.000679,0.002186,0.001308,0.139656,0.149992,0.149999,101.985742,102.585224,103.172802,104.408871,1673,19712,3600.000000,64,171,171,GUROBI,1,22,0,0
7,New,64,0.000702,0.004200,0.000730,0.138639,0.150001,0.150003,937.244825,937.886621,942.516124,942.654325,2329,27973,3600.000000,67,2,171,GUROBI,1,21,0,0
8,New,64,0.000688,0.002788,0.000915,0.140202,0.150000,0.150003,1021.328787,1021.968676,1022.990058,1023.159576,1168,15538,3600.000000,64,172,172,GUROBI,1,20,0,0
