instanceIndex,seedIndex,vpcGenerator,terms,lpBound,disjunctiveDualBound,lpBoundPostVpc,rootDualBound,dualBound,primalBound,vpcGenerationTime,rootDualBoundTime,bestSolutionTime,terminationTime,nodes,iterations,maxTime,actualTerms,numCuts,cutLimit,mipSolver,providePrimalBound,infeasibleTerms,feasibleToInfeasibleTerms,infeasibleToFeasibleTerms,termRemainsFeasibleBasisInfeasible,cutsChangedCoefficients,feasibleTermsPrunedByBound,tighten_disjunction,tighten_matrix_perturbation,tighten_infeasible_to_feasible_term,tighten_feasible_to_infeasible_basis
0,0,New,64,917.000000,917.000000,917.000000,924.000000,924.000000,924.000000,2811.275941,2812.417988,2811.275941,2812.470825,1,3365,3600.000000,143,1,160,GUROBI,1,134,0,0,0,0,0,0,0,0,0
1,0,Disjunction,64,869.265943,869.655002,869.265943,875.386807,885.000000,889.000000,19.888646,21.113346,2328.998996,3619.892205,275054,20530708,3600.000000,143,1,0,GUROBI,1,134,0,0,0,0,0,1,0,0,0
2,0,Disjunction,64,866.997367,867.054074,866.997367,874.679360,886.000000,886.000000,19.763452,21.013163,764.317553,1620.244424,127915,8490635,3600.000000,143,1,0,GUROBI,1,134,0,0,0,0,0,1,0,0,0
3,0,Disjunction,64,864.759925,865.347751,865.050204,871.610664,882.000000,882.000000,20.848498,22.043266,698.449644,873.737509,60113,4153972,3600.000000,143,1,0,GUROBI,1,134,0,0,0,0,0,1,0,0,0
