instanceIndex,vpcGenerator,terms,lpBound,disjunctiveDualBound,lpBoundPostVpc,rootDualBound,dualBound,primalBound,vpcGenerationTime,rootDualBoundTime,bestSolutionTime,terminationTime,nodes,iterations,maxTime,actualTerms,numCuts,cutLimit,mipSolver,providePrimalBound,infeasibleTerms,feasibleToInfeasibleTerms,infeasibleToFeasibleTerms
0,New,4,21240.526171,21314.980735,21314.383383,21419.324058,21476.000000,21477.000000,4.033121,4.554354,4.579514,4.579628,6,821,3600.000000,4,90,90,GUROBI,1,1,0,0
1,New,4,21240.508178,21348.934104,21335.890742,21413.980644,21476.968750,21476.968750,2.862740,3.585947,3.606916,3.609267,5,1228,3600.000000,4,90,90,GUROBI,1,1,0,0
2,New,4,21240.526171,21356.255067,21338.737594,21408.997159,21477.000000,21477.000000,3.191733,3.732671,3.770542,3.772436,7,1131,3600.000000,4,90,90,GUROBI,1,1,0,0
3,New,4,21240.526171,21314.980735,21314.383383,21414.000000,21477.000000,21477.000000,3.592172,4.140030,4.172696,4.176564,9,1769,3600.000000,4,90,90,GUROBI,1,1,0,0
