instanceIndex,vpcGenerator,terms,lpBound,disjunctiveDualBound,lpBoundPostVpc,rootDualBound,dualBound,primalBound,vpcGenerationTime,rootDualBoundTime,bestSolutionTime,terminationTime,nodes,iterations,maxTime,actualTerms,numCuts,cutLimit,mipSolver,providePrimalBound,infeasibleTerms,feasibleToInfeasibleTerms,infeasibleToFeasibleTerms
0,New,4,2879.065687,2892.465688,2892.465688,3200.993653,3293.973502,3311.179984,2.066340,2.727826,3602.069786,3602.070018,407862,17018240,3600.000000,4,2,29,GUROBI,1,0,0,0
1,New,4,-17212.653024,-17201.353023,-17201.353023,-16916.796833,-16844.959366,-16823.740203,1.353365,1.971642,979.308648,3601.356355,551562,17342579,3600.000000,4,5,30,GUROBI,1,0,0,0
2,New,4,2919.272631,2932.672632,2932.672632,3237.750111,3337.987436,3359.119991,1.287755,1.811035,3601.290530,3601.290766,483390,15846944,3600.000000,4,2,29,GUROBI,1,0,0,0
3,New,4,-354447.681454,-354435.248120,-354435.248120,-354261.962567,-354186.176085,-354155.152102,2.045998,2.374811,1146.807944,1990.016031,362733,10285664,3600.000000,4,25,28,GUROBI,1,0,0,0
