instanceIndex,seedIndex,vpcGenerator,terms,lpBound,disjunctiveDualBound,lpBoundPostVpc,rootDualBound,dualBound,primalBound,vpcGenerationTime,rootDualBoundTime,bestSolutionTime,terminationTime,nodes,iterations,maxTime,actualTerms,numCuts,cutLimit,mipSolver,providePrimalBound,infeasibleTerms,feasibleToInfeasibleTerms,infeasibleToFeasibleTerms,termRemainsFeasibleBasisInfeasible,cutsChangedCoefficients,feasibleTermsPrunedByBound,tighten_disjunction,tighten_matrix_perturbation,tighten_infeasible_to_feasible_term,tighten_feasible_to_infeasible_basis
0,0,New,4,2879.065687,2892.465688,2892.465688,3197.292925,3291.687010,3311.179984,2.198105,2.793461,3602.200755,3602.201080,505293,18268886,3600.000000,4,2,29,GUROBI,1,0,0,0,0,0,0,0,0,0,0
1,0,Term,4,-17212.653024,-17212.653024,-17212.653024,-16919.554464,-16840.984456,-16823.740203,0.026223,0.612774,2528.074912,3600.029139,469757,15329300,3600.000000,4,2,0,GUROBI,1,0,0,0,0,0,0,0,0,1,0
2,0,Term,4,2919.272631,2932.672632,2932.672632,3224.469458,3346.192349,3359.119991,0.020458,0.465389,2394.471285,3600.023586,321846,17382293,3600.000000,4,2,0,GUROBI,1,0,0,0,0,0,0,0,0,1,0
3,0,Term,4,-354447.681454,-354447.681454,-354447.681454,-354258.927285,-354184.532332,-354157.502099,0.045411,0.436927,2985.642017,2985.998821,511684,13842594,3600.000000,4,2,0,GUROBI,1,0,0,0,0,0,0,0,0,1,0
