instanceIndex,vpcGenerator,terms,lpBound,disjunctiveDualBound,lpBoundPostVpc,rootDualBound,dualBound,primalBound,vpcGenerationTime,rootDualBoundTime,bestSolutionTime,terminationTime,nodes,iterations,maxTime,actualTerms,numCuts,cutLimit,mipSolver,providePrimalBound,infeasibleTerms,feasibleToInfeasibleTerms,infeasibleToFeasibleTerms
0,None,4,4649.667605,4649.667605,4649.667605,10704.512761,11502.319090,11503.444125,0.000004,3.068297,2349.293496,2365.774276,46483,4488074,3600.000000,0,0,0,GUROBI,1,0,0,0
1,None,4,3413.228710,3413.228710,3413.228710,9426.920184,10172.556627,10300.509937,0.000004,3.391629,3406.650386,3600.003873,57258,7682038,3600.000000,0,0,0,GUROBI,1,0,0,0
2,None,4,2606.759459,2606.759459,2606.759459,8425.078449,9319.241723,9320.148445,0.000002,3.622714,2081.516747,2081.517332,44189,4306456,3600.000000,0,0,0,GUROBI,1,0,0,0
3,None,4,1594.315816,1594.315816,1594.315816,7936.283086,8599.061708,8599.905336,0.000003,3.347475,291.263483,350.246757,10024,771114,3600.000000,0,0,0,GUROBI,1,0,0,0
