instanceIndex,vpcGenerator,terms,lpBound,disjunctiveDualBound,lpBoundPostVpc,rootDualBound,dualBound,primalBound,vpcGenerationTime,rootDualBoundTime,bestSolutionTime,terminationTime,nodes,iterations,maxTime,actualTerms,numCuts,cutLimit,mipSolver,providePrimalBound,infeasibleTerms,feasibleToInfeasibleTerms,infeasibleToFeasibleTerms
0,None,64,983.167425,983.167425,983.167425,1097.314305,1158.000000,1158.000000,0.000024,0.666766,11.608648,13.391130,2316,88017,3600.000000,0,0,0,GUROBI,1,0,0,0
1,None,64,972.595747,972.595747,972.595747,1063.271208,1093.000000,1093.000000,0.000003,0.481188,5.160056,5.166927,1195,33874,3600.000000,0,0,0,GUROBI,1,0,0,0
2,None,64,988.117615,988.117615,988.117615,1089.805502,1126.000000,1126.000000,0.000002,0.511677,1.995287,4.749406,911,27261,3600.000000,0,0,0,GUROBI,1,0,0,0
3,None,64,934.305072,934.305072,934.305072,1043.560781,1109.000000,1109.000000,0.000003,0.678000,19.426461,20.176198,2716,108786,3600.000000,0,0,0,GUROBI,1,0,0,0
