instanceIndex,vpcGenerator,terms,lpBound,disjunctiveDualBound,lpBoundPostVpc,rootDualBound,dualBound,primalBound,vpcGenerationTime,rootDualBoundTime,bestSolutionTime,terminationTime,nodes,iterations,maxTime,actualTerms,numCuts,cutLimit,mipSolver,providePrimalBound,infeasibleTerms,feasibleToInfeasibleTerms,infeasibleToFeasibleTerms
0,New,4,2654.736802,2670.678675,2669.135423,2684.896374,2713.000000,2713.000000,121.999242,124.232302,162.552749,162.672659,1505,210081,3600.000000,4,182,182,GUROBI,1,0,0,0
1,Old,4,2654.736802,2670.678675,2668.544297,2683.000000,2713.000000,2713.000000,81.725372,84.071047,114.803488,117.111562,1546,233831,3600.000000,4,182,0,GUROBI,1,0,0,0
2,Old,4,2654.736802,2670.678675,2667.317641,2683.999384,2712.843750,2713.000000,90.705956,92.528310,93.331118,94.379352,278,13950,3600.000000,4,182,0,GUROBI,1,0,0,0
3,Old,4,2654.736802,2670.678675,2667.326213,2684.999860,2713.000000,2713.000000,95.470711,97.480285,108.702090,110.404651,678,96448,3600.000000,4,182,0,GUROBI,1,0,0,0
