instanceIndex,vpcGenerator,terms,lpBound,disjunctiveDualBound,lpBoundPostVpc,rootDualBound,dualBound,primalBound,vpcGenerationTime,rootDualBoundTime,bestSolutionTime,terminationTime,nodes,iterations,maxTime,actualTerms,numCuts,cutLimit,mipSolver,providePrimalBound,infeasibleTerms,feasibleToInfeasibleTerms,infeasibleToFeasibleTerms
0,New,4,2654.736802,2670.678675,2669.135423,2684.896374,2713.000000,2713.000000,121.191034,123.294121,161.588791,161.709173,1505,210081,3600.000000,4,182,182,GUROBI,1,0,0,0
1,Farkas,4,2654.736802,2670.678675,2669.135423,2684.000000,2713.000000,2713.000000,0.318832,3.085268,5.025651,11.900467,550,85856,3600.000000,4,182,0,GUROBI,1,0,0,0
2,Farkas,4,2654.736802,2670.678675,2669.135423,2685.999711,2713.000000,2713.000000,0.314546,2.441172,3.586810,4.844917,314,19004,3600.000000,4,182,0,GUROBI,1,0,0,0
3,Farkas,4,2654.736802,2670.678675,2669.135423,2684.999791,2712.781250,2713.000000,0.315991,2.161520,11.278696,12.168588,943,83213,3600.000000,4,182,0,GUROBI,1,0,0,0
