instanceIndex,vpcGenerator,terms,lpBound,disjunctiveDualBound,lpBoundPostVpc,rootDualBound,dualBound,primalBound,vpcGenerationTime,rootDualBoundTime,bestSolutionTime,terminationTime,nodes,iterations,maxTime,actualTerms,numCuts,cutLimit,mipSolver,providePrimalBound,infeasibleTerms,feasibleToInfeasibleTerms,infeasibleToFeasibleTerms
0,None,16,2654.736802,2654.736802,2654.736802,2685.079904,2713.000000,2713.000000,0.000003,1.774473,7.613111,8.410564,530,58207,3600.000000,0,0,0,GUROBI,1,0,0,0
1,None,16,2628.156859,2628.156859,2628.156859,2674.237372,2709.999995,2709.999995,0.000004,1.686386,44.333274,45.241677,2942,310901,3600.000000,0,0,0,GUROBI,1,0,0,0
2,None,16,2653.977838,2653.977838,2653.977838,2690.702359,2750.000000,2750.000000,0.000003,1.963032,98.989715,107.306389,7516,868361,3600.000000,0,0,0,GUROBI,1,0,0,0
3,None,16,2667.236885,2667.236885,2667.236885,2717.404649,2753.000000,2753.000000,0.000004,1.714280,20.087392,20.350859,1126,158512,3600.000000,0,0,0,GUROBI,1,0,0,0
