instanceIndex,seedIndex,vpcGenerator,terms,lpBound,disjunctiveDualBound,lpBoundPostVpc,rootDualBound,dualBound,primalBound,vpcGenerationTime,rootDualBoundTime,bestSolutionTime,terminationTime,nodes,iterations,maxTime,actualTerms,numCuts,cutLimit,mipSolver,providePrimalBound,infeasibleTerms,feasibleToInfeasibleTerms,infeasibleToFeasibleTerms,termRemainsFeasibleBasisInfeasible,cutsChangedCoefficients,feasibleTermsPrunedByBound,tighten_disjunction,tighten_matrix_perturbation,tighten_infeasible_to_feasible_term,tighten_feasible_to_infeasible_basis
0,0,None,64,19294.125000,19294.125000,19294.125000,19294.125000,19294.125000,19294.250000,0.000018,0.000018,0.000018,0.042391,1,96,3600.000000,0,0,0,GUROBI,1,0,0,0,0,0,0,0,0,0,0
1,0,None,64,19073.972625,19073.972625,19073.972625,19075.043200,19075.100631,19075.391010,0.000002,0.899354,1.325823,1.329338,111,274,3600.000000,0,0,0,GUROBI,1,0,0,0,0,0,0,0,0,0,0
2,0,None,64,19066.849903,19066.849903,19066.849903,19066.849903,19066.849903,19067.030000,0.000002,0.000002,0.000002,0.041502,1,17,3600.000000,0,0,0,GUROBI,1,0,0,0,0,0,0,0,0,0,0
3,0,None,64,18954.169023,18954.169023,18954.169023,18954.275714,18954.508000,18954.508000,0.000002,0.491531,13.638331,13.639670,2118,2270,3600.000000,0,0,0,GUROBI,1,0,0,0,0,0,0,0,0,0,0
