instanceIndex,vpcGenerator,terms,lpBound,disjunctiveDualBound,lpBoundPostVpc,rootDualBound,dualBound,primalBound,vpcGenerationTime,rootDualBoundTime,bestSolutionTime,terminationTime,nodes,iterations,maxTime,actualTerms,numCuts,cutLimit,mipSolver,providePrimalBound,infeasibleTerms,feasibleToInfeasibleTerms,infeasibleToFeasibleTerms
0,None,64,19294.125000,19294.125000,19294.125000,19294.125000,19294.125000,19294.250000,0.000047,0.000047,0.000047,0.045367,1,96,3600.000000,0,0,0,GUROBI,1,0,0,0
1,None,64,19279.407729,19279.407729,19279.407729,19279.410532,19279.437500,19280.000000,0.000002,0.331345,1.240738,1.241424,804,1103,3600.000000,0,0,0,GUROBI,1,0,0,0
2,None,64,19275.211918,19275.211918,19275.211918,19275.297352,19275.312500,19276.000000,0.000002,0.336974,0.936866,0.937882,400,461,3600.000000,0,0,0,GUROBI,1,0,0,0
3,None,64,19271.936545,19271.936545,19271.936545,19271.962803,19271.988184,19272.122274,0.000001,0.334301,0.752245,0.754944,183,209,3600.000000,0,0,0,GUROBI,1,0,0,0
