instanceIndex,seedIndex,vpcGenerator,terms,lpBound,disjunctiveDualBound,lpBoundPostVpc,rootDualBound,dualBound,primalBound,vpcGenerationTime,rootDualBoundTime,bestSolutionTime,terminationTime,nodes,iterations,maxTime,actualTerms,numCuts,cutLimit,mipSolver,providePrimalBound,infeasibleTerms,feasibleToInfeasibleTerms,infeasibleToFeasibleTerms,termRemainsFeasibleBasisInfeasible,cutsChangedCoefficients,feasibleTermsPrunedByBound,tighten_disjunction,tighten_matrix_perturbation,tighten_infeasible_to_feasible_term,tighten_feasible_to_infeasible_basis
0,0,None,4,5627412.287941,5627412.287941,5627412.287941,5733261.488058,5751714.764629,5751714.328903,0.000003,0.665953,0.982196,0.982375,34,3513,3600.000000,0,0,0,GUROBI,1,0,0,0,0,0,0,0,0,0,0
1,0,None,4,5624973.790827,5624973.790827,5624973.790827,5709125.431792,5722105.518412,5722154.888269,0.000003,0.891669,1.387164,1.388355,77,5125,3600.000000,0,0,0,GUROBI,1,0,0,0,0,0,0,0,0,0,0
2,0,None,4,5620199.512859,5620199.512859,5620199.512859,5712570.674506,5727995.180549,5728062.840899,0.000003,0.732592,1.318277,1.332468,68,4702,3600.000000,0,0,0,GUROBI,1,0,0,0,0,0,0,0,0,0,0
3,0,None,4,5627204.992794,5627204.992794,5627204.992794,5705483.878563,5721450.065159,5721450.065159,0.000002,0.755137,1.473848,1.474980,130,6893,3600.000000,0,0,0,GUROBI,1,0,0,0,0,0,0,0,0,0,0
