instanceIndex,vpcGenerator,terms,lpBound,disjunctiveDualBound,lpBoundPostVpc,rootDualBound,dualBound,primalBound,vpcGenerationTime,rootDualBoundTime,bestSolutionTime,terminationTime,nodes,iterations,maxTime,actualTerms,numCuts,cutLimit,mipSolver,providePrimalBound,infeasibleTerms,feasibleToInfeasibleTerms,infeasibleToFeasibleTerms
0,None,16,183.362555,183.362555,183.362555,190.940258,210.000000,212.000000,0.000021,0.680840,18.086903,3600.003278,894234,18768668,3600.000000,0,0,0,GUROBI,1,0,0,0
1,None,16,183.385615,183.385615,183.385615,191.659667,207.000000,212.000000,0.000001,0.705818,12.700377,3600.000965,2063271,35390613,3600.000000,0,0,0,GUROBI,1,0,0,0
2,None,16,183.506272,183.506272,183.506272,192.389378,207.000000,212.000000,0.000002,0.672813,15.102428,3600.001284,1050904,22293934,3600.000000,0,0,0,GUROBI,1,0,0,0
3,None,16,183.174083,183.174083,183.174083,193.653805,209.000000,211.000000,0.000001,0.797547,128.280047,3600.001766,1292333,25034898,3600.000000,0,0,0,GUROBI,1,0,0,0
