instanceIndex,vpcGenerator,terms,lpBound,disjunctiveDualBound,lpBoundPostVpc,rootDualBound,dualBound,primalBound,vpcGenerationTime,rootDualBoundTime,bestSolutionTime,terminationTime,nodes,iterations,maxTime,actualTerms,numCuts,cutLimit,mipSolver,providePrimalBound,infeasibleTerms,feasibleToInfeasibleTerms,infeasibleToFeasibleTerms
0,New,16,52.000000,61.750000,55.810293,83.837078,85.000000,85.000000,4.977256,5.587529,4.977256,5.597071,1,2889,3600.000000,16,17,17,GUROBI,1,0,0,0
1,Old,16,56.000000,59.750000,59.750000,86.558372,89.000000,89.000000,1.908160,2.575126,3.640562,3.641186,221,6441,3600.000000,16,17,0,GUROBI,1,0,0,0
2,Old,16,52.000000,61.750000,56.451705,83.753715,85.000000,85.000000,2.069227,2.690472,2.069227,2.701944,1,2832,3600.000000,16,17,0,GUROBI,1,0,0,0
3,Old,16,54.000000,57.000000,57.000000,85.373578,87.000000,87.000000,1.767757,2.209063,1.767757,2.227586,1,2040,3600.000000,16,8,0,GUROBI,1,0,0,0
