instanceIndex,vpcGenerator,terms,lpBound,disjunctiveDualBound,lpBoundPostVpc,rootDualBound,dualBound,primalBound,vpcGenerationTime,rootDualBoundTime,bestSolutionTime,terminationTime,nodes,iterations,maxTime,actualTerms,numCuts,cutLimit,mipSolver,providePrimalBound,infeasibleTerms,feasibleToInfeasibleTerms,infeasibleToFeasibleTerms
0,New,4,6637.188027,6641.585617,6640.584481,6717.335425,6741.538864,6742.200022,3.144042,3.902402,19.285823,19.285994,5999,97566,3600.000000,4,38,38,GUROBI,1,0,0,0
1,New,4,6741.174603,6742.272576,6741.931639,6825.978708,6835.292838,6835.329999,1.449005,2.069696,3.126321,3.211841,476,7504,3600.000000,4,16,33,GUROBI,1,0,0,0
2,New,4,6644.429655,6648.018780,6647.992271,6716.354543,6737.229380,6737.900031,2.484061,3.009109,8.909648,8.909812,2380,37367,3600.000000,4,43,43,GUROBI,1,0,0,0
3,New,4,6656.492192,6659.911628,6659.656285,6738.918358,6756.777082,6757.450012,2.374563,3.099135,13.098715,13.098879,3264,57649,3600.000000,4,26,26,GUROBI,1,0,0,0
