instanceIndex,vpcGenerator,terms,lpBound,disjunctiveDualBound,lpBoundPostVpc,rootDualBound,dualBound,primalBound,vpcGenerationTime,rootDualBoundTime,bestSolutionTime,terminationTime,nodes,iterations,maxTime,actualTerms,numCuts,cutLimit,mipSolver,providePrimalBound,infeasibleTerms,feasibleToInfeasibleTerms,infeasibleToFeasibleTerms
0,None,16,7.043999,7.043999,7.043999,7.151794,7.598985,7.598985,0.000024,0.223818,1.056496,1.323978,1310,8641,3600.000000,0,0,0,GUROBI,1,0,0,0
1,None,16,17.830338,17.830338,17.830338,18.164975,18.593729,18.593729,0.000004,0.134330,1.375961,1.542807,1627,13024,3600.000000,0,0,0,GUROBI,1,0,0,0
2,None,16,77.466547,77.466547,77.466547,77.526141,77.700500,77.700536,0.000003,0.108635,1.200451,1.239081,1148,9907,3600.000000,0,0,0,GUROBI,1,0,0,0
3,None,16,11.754294,11.754294,11.754294,11.883826,12.708747,12.709557,0.000002,0.274598,3.501299,4.107237,5230,36860,3600.000000,0,0,0,GUROBI,1,0,0,0
