instanceIndex,vpcGenerator,terms,lpBound,disjunctiveDualBound,lpBoundPostVpc,rootDualBound,dualBound,primalBound,vpcGenerationTime,rootDualBoundTime,bestSolutionTime,terminationTime,nodes,iterations,maxTime,actualTerms,numCuts,cutLimit,mipSolver,providePrimalBound,infeasibleTerms,feasibleToInfeasibleTerms,infeasibleToFeasibleTerms
0,None,64,2277.076833,2277.076833,2277.076833,2334.571607,2342.315488,2342.315488,0.000003,5.520401,7.872595,7.873421,208,5117,3600.000000,0,0,0,GUROBI,1,0,0,0
1,None,64,2277.076833,2277.076833,2277.076833,2334.571607,2342.315488,2342.315488,0.000003,5.518295,7.859169,7.860042,208,5117,3600.000000,0,0,0,GUROBI,1,0,0,0
2,None,64,2277.076833,2277.076833,2277.076833,2334.571607,2342.315488,2342.315488,0.000004,5.829775,8.431249,8.432064,208,5117,3600.000000,0,0,0,GUROBI,1,0,0,0
3,None,64,2277.076833,2277.076833,2277.076833,2334.571607,2342.245619,2342.315488,0.000003,5.650235,7.919438,7.920288,187,4871,3600.000000,0,0,0,GUROBI,1,0,0,0
