instanceIndex,vpcGenerator,terms,lpBound,disjunctiveDualBound,lpBoundPostVpc,rootDualBound,dualBound,primalBound,vpcGenerationTime,rootDualBoundTime,bestSolutionTime,terminationTime,nodes,iterations,maxTime,actualTerms,numCuts,cutLimit,mipSolver,providePrimalBound,infeasibleTerms,feasibleToInfeasibleTerms,infeasibleToFeasibleTerms
0,None,64,486.500000,486.500000,486.500000,506.000000,507.000000,507.000000,0.000018,0.490679,0.505911,0.571115,42,1910,3600.000000,0,0,0,GUROBI,1,0,0,0
1,None,64,408.901048,408.901048,408.901048,527.052693,540.000000,540.000000,0.000002,0.255906,0.409417,0.715930,450,4703,3600.000000,0,0,0,GUROBI,1,0,0,0
2,None,64,384.954476,384.954476,384.954476,465.967777,497.000000,497.000000,0.000002,0.213677,0.463891,0.498751,239,3611,3600.000000,0,0,0,GUROBI,1,0,0,0
3,None,64,482.406521,482.406521,482.406521,499.500000,508.000000,508.000000,0.000001,1.238989,2.040756,2.070532,672,10915,3600.000000,0,0,0,GUROBI,1,0,0,0
