instanceIndex,seedIndex,vpcGenerator,terms,lpBound,disjunctiveDualBound,lpBoundPostVpc,rootDualBound,dualBound,primalBound,vpcGenerationTime,rootDualBoundTime,bestSolutionTime,terminationTime,nodes,iterations,maxTime,actualTerms,numCuts,cutLimit,mipSolver,providePrimalBound,infeasibleTerms,feasibleToInfeasibleTerms,infeasibleToFeasibleTerms,termRemainsFeasibleBasisInfeasible,cutsChangedCoefficients,feasibleTermsPrunedByBound,tighten_disjunction,tighten_matrix_perturbation,tighten_infeasible_to_feasible_term,tighten_feasible_to_infeasible_basis
0,0,New,64,444.436047,445.058824,444.436047,446.429651,452.000000,472.000000,4.102875,9.553020,1049.665080,3604.110818,639240,19277416,3600.000000,67,1,30,GUROBI,1,57,0,0,0,0,0,0,0,0,0
1,0,All,64,444.436047,445.058824,444.436047,445.624028,455.625000,472.000000,0.354963,4.439049,1461.240229,3600.359965,446331,19233770,3600.000000,67,1,0,GUROBI,1,57,0,0,3,1,0,1,1,1,1
2,0,All,64,444.437500,445.058824,444.437500,444.914591,472.000000,472.000000,0.352742,1.114511,242.145238,1219.537558,240023,5010038,3600.000000,67,1,0,GUROBI,1,57,0,0,9,1,0,1,1,1,1
3,0,All,64,444.432413,445.058824,444.432413,444.931778,472.000000,472.000000,0.349363,1.373825,340.301345,860.388902,93227,3063902,3600.000000,67,1,0,GUROBI,1,57,0,0,4,1,0,1,1,1,1
