instanceIndex,vpcGenerator,terms,lpBound,disjunctiveDualBound,lpBoundPostVpc,rootDualBound,dualBound,primalBound,vpcGenerationTime,rootDualBoundTime,bestSolutionTime,terminationTime,nodes,iterations,maxTime,actualTerms,numCuts,cutLimit,mipSolver,providePrimalBound,infeasibleTerms,feasibleToInfeasibleTerms,infeasibleToFeasibleTerms
0,None,16,0.466074,0.466074,0.466074,6.610072,35.764515,35.767842,0.000047,0.901226,437.942406,565.896840,91397,4659831,3600.000000,0,0,0,GUROBI,1,0,0,0
1,None,16,7.282188,7.282188,7.282188,14.423563,42.593811,42.597851,0.000003,1.607010,858.850449,887.685559,169868,7733728,3600.000000,0,0,0,GUROBI,1,0,0,0
2,None,16,0.466074,0.466074,0.466074,9.319557,35.764346,35.767842,0.000002,1.128306,579.584263,665.220357,106721,5413165,3600.000000,0,0,0,GUROBI,1,0,0,0
3,None,16,0.466074,0.466074,0.466074,9.212001,35.764585,35.767842,0.000003,0.930926,580.354022,627.222498,109556,5516691,3600.000000,0,0,0,GUROBI,1,0,0,0
