instanceIndex,vpcGenerator,terms,lpBound,disjunctiveDualBound,lpBoundPostVpc,rootDualBound,dualBound,primalBound,vpcGenerationTime,rootDualBoundTime,bestSolutionTime,terminationTime,nodes,iterations,maxTime,actualTerms,numCuts,cutLimit,mipSolver,providePrimalBound,infeasibleTerms,feasibleToInfeasibleTerms,infeasibleToFeasibleTerms
0,New,64,0.466074,7.749426,2.540461,9.185496,35.764607,35.767842,1051.975912,1053.667828,1576.366930,1576.367136,91374,4490671,3600.000000,81,165,202,GUROBI,1,49,0,0
1,Old,64,0.466074,7.749426,2.336000,8.312798,35.764633,35.767842,495.932851,497.761852,1090.486653,1132.710981,114027,5333188,3600.000000,81,148,0,GUROBI,1,49,0,0
2,Old,64,0.467323,7.749426,2.419503,8.942296,35.764386,35.767842,327.248702,329.056108,1127.073255,1142.225784,147084,7692402,3600.000000,81,141,0,GUROBI,1,49,0,0
3,Old,64,0.465893,0.731356,0.526682,6.718028,35.766192,35.767842,112.668485,114.175041,604.425422,670.441735,103265,4688153,3600.000000,81,193,0,GUROBI,1,22,1,28
