instanceIndex,vpcGenerator,terms,lpBound,disjunctiveDualBound,lpBoundPostVpc,rootDualBound,dualBound,primalBound,vpcGenerationTime,rootDualBoundTime,bestSolutionTime,terminationTime,nodes,iterations,maxTime,actualTerms,numCuts,cutLimit,mipSolver,providePrimalBound,infeasibleTerms,feasibleToInfeasibleTerms,infeasibleToFeasibleTerms
0,New,4,58.825857,60.828967,60.828967,588.691707,3335.912407,3336.239824,0.504121,2.436098,91.726056,160.559338,57400,495627,3600.000000,4,4,136,GUROBI,1,0,0,0
1,New,4,58.859233,60.862343,60.862343,583.443233,3336.033174,3336.302276,0.329684,2.400126,24.783555,91.383561,35013,277444,3600.000000,4,4,136,GUROBI,1,0,0,0
2,New,4,58.988911,60.992021,60.992021,588.854760,3336.089944,3336.402878,0.329683,2.238690,48.418798,108.997923,35726,332557,3600.000000,4,4,136,GUROBI,1,0,0,0
3,New,4,-558.080711,-556.077601,-556.077601,-103.930775,2687.372164,2687.635237,0.331874,2.847203,58.896853,212.203787,64673,681190,3600.000000,4,4,133,GUROBI,1,0,0,0
