instanceIndex,seedIndex,vpcGenerator,terms,lpBound,disjunctiveDualBound,lpBoundPostVpc,rootDualBound,dualBound,primalBound,vpcGenerationTime,rootDualBoundTime,bestSolutionTime,terminationTime,nodes,iterations,maxTime,actualTerms,numCuts,cutLimit,mipSolver,providePrimalBound,infeasibleTerms,feasibleToInfeasibleTerms,infeasibleToFeasibleTerms,termRemainsFeasibleBasisInfeasible,cutsChangedCoefficients,feasibleTermsPrunedByBound,tighten_disjunction,tighten_matrix_perturbation,tighten_infeasible_to_feasible_term,tighten_feasible_to_infeasible_basis
0,0,New,4,20161515.663929,20498792.338571,20300729.059825,22085820.673512,24767188.581002,25148940.560000,8.731733,10.609744,2272.326789,3608.735540,56099,9144638,3600.000000,4,49,56,GUROBI,1,0,0,0,0,0,0,0,0,0,0
1,0,Farkas,4,19973023.358542,20311492.550470,20076297.713287,21867095.173050,24406505.272156,24830101.020000,0.139382,2.207359,1951.428906,3600.143421,57080,8670516,3600.000000,4,49,0,GUROBI,1,0,0,0,0,0,0,0,0,0,0
2,0,Farkas,4,20117448.745017,20470398.591548,20243022.015922,21955084.333340,24542106.047670,25074759.160000,0.141302,2.137971,992.227098,3600.144964,53387,8633326,3600.000000,4,49,0,GUROBI,1,0,0,0,0,0,0,0,0,0,0
3,0,Farkas,4,20113897.027616,20452548.388244,20247219.661931,21970573.651193,24569479.058797,25012925.340000,0.135708,2.038358,724.461913,3600.139423,50915,7236249,3600.000000,4,49,0,GUROBI,1,0,0,0,0,0,0,0,0,0,0
