instanceIndex,seedIndex,vpcGenerator,terms,lpBound,disjunctiveDualBound,lpBoundPostVpc,rootDualBound,dualBound,primalBound,vpcGenerationTime,rootDualBoundTime,bestSolutionTime,terminationTime,nodes,iterations,maxTime,actualTerms,numCuts,cutLimit,mipSolver,providePrimalBound,infeasibleTerms,feasibleToInfeasibleTerms,infeasibleToFeasibleTerms,termRemainsFeasibleBasisInfeasible,cutsChangedCoefficients,feasibleTermsPrunedByBound,tighten_disjunction,tighten_matrix_perturbation,tighten_infeasible_to_feasible_term,tighten_feasible_to_infeasible_basis
0,0,New,64,332.422727,334.043750,333.919115,358.967811,408.000000,408.000000,297.802035,299.441713,2412.563433,2756.061243,68464,11023247,3600.000000,64,124,124,GUROBI,1,57,0,0,0,0,0,0,0,0,0
1,0,Matrix,64,332.453977,334.059375,333.929234,357.637271,408.000000,408.000000,1.206676,2.893366,1708.163669,1722.388753,53622,8259191,3600.000000,64,124,0,GUROBI,1,57,0,0,0,0,0,0,1,0,0
2,0,Matrix,64,332.422727,334.043750,333.919115,357.671707,408.000000,408.000000,1.045782,2.713810,1439.272812,1600.261268,53378,7415001,3600.000000,64,124,0,GUROBI,1,57,0,0,0,0,0,0,1,0,0
3,0,Matrix,64,342.738333,344.357197,343.855372,366.269034,418.500000,418.500000,1.377915,2.741360,2319.514718,2319.515474,77579,11529327,3600.000000,64,124,0,GUROBI,1,57,0,0,0,0,0,0,1,0,0
