instanceIndex,vpcGenerator,terms,lpBound,disjunctiveDualBound,lpBoundPostVpc,rootDualBound,dualBound,primalBound,vpcGenerationTime,rootDualBoundTime,bestSolutionTime,terminationTime,nodes,iterations,maxTime,actualTerms,numCuts,cutLimit,mipSolver,providePrimalBound,infeasibleTerms,feasibleToInfeasibleTerms,infeasibleToFeasibleTerms
0,New,16,185321.356786,185866.747464,185495.298880,187566.389276,188175.097937,188182.000000,2.412091,2.617001,2.730253,2.731737,48,1592,3600.000000,16,8,46,GUROBI,1,4,0,0
1,New,16,184998.028596,185486.927960,185147.148491,187654.698888,187920.206511,187920.600000,1.131301,1.387683,1.427830,1.427924,29,1242,3600.000000,16,18,46,GUROBI,1,7,0,0
2,New,16,186815.457883,187745.562636,187163.390206,188995.055189,189680.567563,189693.400000,3.340604,3.585910,3.710635,3.713289,73,1878,3600.000000,19,30,47,GUROBI,1,7,0,0
3,New,16,181452.609772,182364.043575,181773.926421,184385.870834,185543.414434,185557.200000,6.441854,6.656203,6.776003,6.776100,108,1747,3600.000000,20,45,47,GUROBI,1,11,0,0
