instanceIndex,vpcGenerator,terms,lpBound,disjunctiveDualBound,lpBoundPostVpc,rootDualBound,dualBound,primalBound,vpcGenerationTime,rootDualBoundTime,bestSolutionTime,terminationTime,nodes,iterations,maxTime,actualTerms,numCuts,cutLimit,mipSolver,providePrimalBound,infeasibleTerms,feasibleToInfeasibleTerms,infeasibleToFeasibleTerms
0,New,4,185321.356786,185722.847464,185524.812943,187626.728062,188169.969862,188186.500000,1.455847,1.721889,1.804363,1.843504,57,1697,3600.000000,4,8,46,GUROBI,1,0,0,0
1,New,4,190010.446966,190589.347450,190180.025910,191708.930528,191789.240706,191807.600000,0.177001,0.338431,0.347451,0.352587,20,766,3600.000000,4,3,32,GUROBI,1,0,0,0
2,New,4,191132.364025,191179.682474,191175.032474,192629.031713,192743.870697,192755.100000,0.370119,0.536319,0.559457,0.559552,36,831,3600.000000,4,27,32,GUROBI,1,0,0,0
3,New,4,189613.801891,189653.375449,189641.988949,191261.872561,191380.989129,191400.000000,0.205778,0.356179,0.367367,0.374613,12,767,3600.000000,4,7,35,GUROBI,1,0,0,0
