instanceIndex,vpcGenerator,terms,lpBound,disjunctiveDualBound,lpBoundPostVpc,rootDualBound,dualBound,primalBound,vpcGenerationTime,rootDualBoundTime,bestSolutionTime,terminationTime,nodes,iterations,maxTime,actualTerms,numCuts,cutLimit,mipSolver,providePrimalBound,infeasibleTerms,feasibleToInfeasibleTerms,infeasibleToFeasibleTerms
0,New,16,185321.356786,185866.747464,185495.298880,187566.389276,188175.097937,188182.000000,2.397690,2.604426,2.717994,2.719473,48,1592,3600.000000,16,8,46,GUROBI,1,4,0,0
1,New,16,184868.113004,185788.820513,185340.467680,187581.513165,187831.758140,187837.500000,1.397900,1.626778,1.655330,1.667970,19,1123,3600.000000,16,8,41,GUROBI,1,3,0,0
2,New,16,185239.853393,186017.453469,185836.252477,187629.952397,188034.873839,188048.900000,1.667356,1.940061,2.030393,2.048433,53,1646,3600.000000,16,19,49,GUROBI,1,0,0,0
3,New,16,184834.591804,185103.546559,185102.585318,187381.525997,187841.892319,187846.299913,3.744750,3.999718,4.109536,4.109633,55,1540,3600.000000,16,47,47,GUROBI,1,6,0,0
