instanceIndex,vpcGenerator,terms,lpBound,disjunctiveDualBound,lpBoundPostVpc,rootDualBound,dualBound,primalBound,vpcGenerationTime,rootDualBoundTime,bestSolutionTime,terminationTime,nodes,iterations,maxTime,actualTerms,numCuts,cutLimit,mipSolver,providePrimalBound,infeasibleTerms,feasibleToInfeasibleTerms,infeasibleToFeasibleTerms
0,None,16,-305.198175,-305.198175,-305.198175,-305.198175,-305.198175,-305.198175,0.000003,0.134912,0.139446,0.139627,3,1339,3600.000000,0,0,0,GUROBI,1,0,0,0
1,None,16,-7391.018088,-7391.018088,-7391.018088,-7315.355378,-7313.638696,-7313.638696,0.000003,0.226347,0.230916,0.232766,5,1156,3600.000000,0,0,0,GUROBI,1,0,0,0
2,None,16,-10135.640676,-10135.640676,-10135.640676,-9938.849503,-9937.325313,-9937.325313,0.000003,0.188089,0.205056,0.206727,7,1257,3600.000000,0,0,0,GUROBI,1,0,0,0
3,None,16,-10126.479697,-10126.479697,-10126.479697,-10125.924462,-10125.859600,-10125.859600,0.000003,0.154989,0.172655,0.174600,4,933,3600.000000,0,0,0,GUROBI,1,0,0,0
