instanceIndex,vpcGenerator,terms,lpBound,disjunctiveDualBound,lpBoundPostVpc,rootDualBound,dualBound,primalBound,vpcGenerationTime,rootDualBoundTime,bestSolutionTime,terminationTime,nodes,iterations,maxTime,actualTerms,numCuts,cutLimit,mipSolver,providePrimalBound,infeasibleTerms,feasibleToInfeasibleTerms,infeasibleToFeasibleTerms
0,New,64,28427.048405,31490.870475,29094.804749,58264.979584,65886.499677,65887.000000,5.869056,6.657406,7.473156,15.253327,643,19530,3600.000000,64,10,134,GUROBI,1,32,0,0
1,New,64,21801.347182,27354.793724,22326.170332,41740.134552,43411.750000,43411.750000,2.544129,2.848404,2.902954,2.926217,86,1493,3600.000000,67,3,77,GUROBI,1,43,0,0
2,New,64,24950.567332,28065.951496,25121.564016,47740.901316,52978.666667,52978.666667,3.481662,4.015524,4.385651,9.094016,607,10220,3600.000000,64,4,98,GUROBI,1,33,0,0
3,New,64,26725.959093,28689.212557,27101.531984,48571.407800,52141.750000,52141.750000,3.467544,3.998098,8.565387,8.566451,608,8891,3600.000000,70,5,105,GUROBI,1,40,0,0
