instanceIndex,seedIndex,vpcGenerator,terms,lpBound,disjunctiveDualBound,lpBoundPostVpc,rootDualBound,dualBound,primalBound,vpcGenerationTime,rootDualBoundTime,bestSolutionTime,terminationTime,nodes,iterations,maxTime,actualTerms,numCuts,cutLimit,mipSolver,providePrimalBound,infeasibleTerms,feasibleToInfeasibleTerms,infeasibleToFeasibleTerms,termRemainsFeasibleBasisInfeasible,cutsChangedCoefficients,feasibleTermsPrunedByBound,tighten_disjunction,tighten_matrix_perturbation,tighten_infeasible_to_feasible_term,tighten_feasible_to_infeasible_basis
0,0,None,64,28427.048405,28427.048405,28427.048405,59161.550652,65886.829874,65887.000000,0.000030,0.944053,1.772522,8.651685,619,18754,3600.000000,0,0,0,GUROBI,1,0,0,0,0,0,0,0,0,0,0
1,0,None,64,22524.108265,22524.108265,22524.108265,34188.803461,34982.174997,34982.174997,0.000002,0.162578,0.171704,0.187868,25,772,3600.000000,0,0,0,GUROBI,1,0,0,0,0,0,0,0,0,0,0
2,0,None,64,25701.044476,25701.044476,25701.044476,31424.426988,31546.921291,31546.921291,0.000002,0.120057,0.122580,0.122712,3,457,3600.000000,0,0,0,GUROBI,1,0,0,0,0,0,0,0,0,0,0
3,0,None,64,20764.316444,20764.316444,20764.316444,33349.999714,35285.241667,35285.241667,0.000002,0.258895,0.279289,0.311843,48,1152,3600.000000,0,0,0,GUROBI,1,0,0,0,0,0,0,0,0,0,0
