instanceIndex,vpcGenerator,terms,lpBound,disjunctiveDualBound,lpBoundPostVpc,rootDualBound,dualBound,primalBound,vpcGenerationTime,rootDualBoundTime,bestSolutionTime,terminationTime,nodes,iterations,maxTime,actualTerms,numCuts,cutLimit,mipSolver,providePrimalBound,infeasibleTerms,feasibleToInfeasibleTerms,infeasibleToFeasibleTerms
0,New,64,20650.898154,20657.215104,20650.936301,20772.000000,20772.000000,20772.000000,3.289575,3.317915,3.289575,3.336127,1,437,3600.000000,65,13,36,GUROBI,1,60,0,0
1,Farkas,64,20651.954844,20658.057770,20651.992991,20772.000000,20772.000000,20772.000000,0.273791,0.299156,0.273791,0.311755,1,326,3600.000000,65,13,0,GUROBI,1,60,0,0
2,Farkas,64,20648.963838,20655.227224,20648.963838,20772.000000,20772.000000,20772.000000,0.262083,0.287005,0.262083,0.299642,1,324,3600.000000,65,13,0,GUROBI,1,59,0,1
3,Farkas,64,20648.783868,20655.199595,20648.783868,20772.000000,20772.000000,20772.000000,0.271918,0.297086,0.271918,0.310613,1,339,3600.000000,65,13,0,GUROBI,1,57,0,3
