instanceIndex,seedIndex,vpcGenerator,terms,lpBound,disjunctiveDualBound,lpBoundPostVpc,rootDualBound,dualBound,primalBound,vpcGenerationTime,rootDualBoundTime,bestSolutionTime,terminationTime,nodes,iterations,maxTime,actualTerms,numCuts,cutLimit,mipSolver,providePrimalBound,infeasibleTerms,feasibleToInfeasibleTerms,infeasibleToFeasibleTerms,termRemainsFeasibleBasisInfeasible,cutsChangedCoefficients,feasibleTermsPrunedByBound,tighten_disjunction,tighten_matrix_perturbation,tighten_infeasible_to_feasible_term,tighten_feasible_to_infeasible_basis
0,0,New,64,86570.120867,86576.014634,86574.518588,86675.466279,86679.000000,86679.000000,560.537422,560.726481,560.537422,560.729502,1,1083,3600.000000,64,66,66,GUROBI,1,19,0,0,0,0,0,0,0,0,0
1,0,Matrix,64,86581.569054,86587.607070,86585.524979,86688.083519,86691.000000,86691.000000,0.720861,0.972819,0.976701,0.977611,2,981,3600.000000,64,66,0,GUROBI,1,19,0,0,0,0,0,0,1,0,0
2,0,Matrix,64,86596.623248,86602.110165,86600.342608,86700.295964,86707.000000,86707.000000,0.740554,0.943799,0.740554,0.966597,1,1334,3600.000000,64,66,0,GUROBI,1,19,0,0,0,0,0,0,1,0,0
3,0,Matrix,64,86547.721394,86553.237268,86551.606590,86651.214663,86657.000000,86657.000000,0.717519,0.866918,0.717519,0.873216,1,1047,3600.000000,64,66,0,GUROBI,1,19,0,0,0,0,0,0,1,0,0
