instanceIndex,seedIndex,vpcGenerator,terms,lpBound,disjunctiveDualBound,lpBoundPostVpc,rootDualBound,dualBound,primalBound,vpcGenerationTime,rootDualBoundTime,bestSolutionTime,terminationTime,nodes,iterations,maxTime,actualTerms,numCuts,cutLimit,mipSolver,providePrimalBound,infeasibleTerms,feasibleToInfeasibleTerms,infeasibleToFeasibleTerms,termRemainsFeasibleBasisInfeasible,cutsChangedCoefficients,feasibleTermsPrunedByBound,tighten_disjunction,tighten_matrix_perturbation,tighten_infeasible_to_feasible_term,tighten_feasible_to_infeasible_basis
0,0,New,4,20650.898154,20657.215104,20650.936301,20772.000000,20772.000000,20772.000000,3.195992,3.221185,3.195992,3.239590,1,437,3600.000000,65,13,36,GUROBI,1,60,0,0,0,0,0,0,0,0,0
1,0,All,4,20649.483015,20655.795805,20649.522953,20772.000000,20772.000000,20772.000000,0.254426,0.281748,0.254426,0.295854,1,370,3600.000000,65,13,0,GUROBI,1,59,0,1,4,0,0,1,1,1,1
2,0,All,4,20654.434086,20659.960859,20654.434999,20772.000000,20772.000000,20772.000000,0.159945,0.188290,0.159945,0.200231,1,319,3600.000000,65,13,0,GUROBI,1,62,2,0,1,0,0,1,1,1,1
3,0,All,4,20641.905011,20648.332589,20642.024927,20772.000000,20772.000000,20772.000000,0.359197,0.383785,0.359197,0.403997,1,461,3600.000000,65,13,0,GUROBI,1,53,0,7,4,0,0,1,1,1,1
