instanceIndex,vpcGenerator,terms,lpBound,disjunctiveDualBound,lpBoundPostVpc,rootDualBound,dualBound,primalBound,vpcGenerationTime,rootDualBoundTime,bestSolutionTime,terminationTime,nodes,iterations,maxTime,actualTerms,numCuts,cutLimit,mipSolver,providePrimalBound,infeasibleTerms,feasibleToInfeasibleTerms,infeasibleToFeasibleTerms
0,New,4,86570.120867,86573.017800,86571.400996,86675.466279,86679.000000,86679.000000,6.550751,6.716557,6.550751,6.719432,1,1013,3600.000000,4,66,66,GUROBI,1,1,0,0
1,Farkas,4,86581.569054,86584.012315,86582.509643,86688.083519,86691.000000,86691.000000,0.062935,0.290566,0.294215,0.294852,2,957,3600.000000,4,66,0,GUROBI,1,1,0,0
2,Farkas,4,86596.623248,86598.929492,86597.361227,86700.295964,86707.000000,86707.000000,0.063045,0.248855,0.063045,0.269578,1,1371,3600.000000,4,66,0,GUROBI,1,1,0,0
3,Farkas,4,86547.721394,86550.438762,86548.705586,86651.214663,86657.000000,86657.000000,0.062602,0.195367,0.062602,0.201423,1,1001,3600.000000,4,66,0,GUROBI,1,1,0,0
