instanceIndex,vpcGenerator,terms,lpBound,disjunctiveDualBound,lpBoundPostVpc,rootDualBound,dualBound,primalBound,vpcGenerationTime,rootDualBoundTime,bestSolutionTime,terminationTime,nodes,iterations,maxTime,actualTerms,numCuts,cutLimit,mipSolver,providePrimalBound,infeasibleTerms,feasibleToInfeasibleTerms,infeasibleToFeasibleTerms
0,New,4,82274.237434,82274.974501,82274.885131,82304.297998,82307.000000,82307.000000,5.468031,5.540618,5.468031,5.547347,1,460,3600.000000,4,29,29,GUROBI,1,0,0,0
1,Old,4,82263.779326,82264.671366,82263.906093,82337.575461,82349.000000,82349.000000,4.153949,4.420466,6.653008,6.655065,527,14671,3600.000000,4,35,0,GUROBI,1,0,0,0
2,Old,4,82261.662442,82262.604851,82261.876198,82346.355552,82349.000000,82349.000000,3.884996,4.185084,3.884996,4.193166,1,1283,3600.000000,4,32,0,GUROBI,1,0,0,0
3,Old,4,82261.529369,82262.572404,82261.693809,82305.982609,82307.000000,82307.000000,3.544991,3.645016,3.544991,3.651184,1,538,3600.000000,4,33,0,GUROBI,1,0,0,0
