instanceIndex,vpcGenerator,terms,lpBound,disjunctiveDualBound,lpBoundPostVpc,rootDualBound,dualBound,primalBound,vpcGenerationTime,rootDualBoundTime,bestSolutionTime,terminationTime,nodes,iterations,maxTime,actualTerms,numCuts,cutLimit,mipSolver,providePrimalBound,infeasibleTerms,feasibleToInfeasibleTerms,infeasibleToFeasibleTerms
0,None,4,197818.254988,197818.254988,197818.254988,389833.684790,405935.180000,405935.180000,0.000026,0.189302,0.475679,0.501023,221,1631,3600.000000,0,0,0,GUROBI,1,0,0,0
1,None,4,270162.591382,270162.591382,270162.591382,839952.518316,862950.010000,862950.010000,0.000002,0.377616,0.697104,0.697246,199,4218,3600.000000,0,0,0,GUROBI,1,0,0,0
2,None,4,481880.975245,481880.975245,481880.975245,1114778.223431,1227971.965318,1228042.620000,0.000002,0.321971,1.894590,1.894727,821,18090,3600.000000,0,0,0,GUROBI,1,0,0,0
3,None,4,768856.704311,768856.704311,768856.704311,1077475.335670,1113123.450000,1113123.450000,0.000002,0.244932,0.523240,0.523376,241,3314,3600.000000,0,0,0,GUROBI,1,0,0,0
