instanceIndex,vpcGenerator,terms,lpBound,disjunctiveDualBound,lpBoundPostVpc,rootDualBound,dualBound,primalBound,vpcGenerationTime,rootDualBoundTime,bestSolutionTime,terminationTime,nodes,iterations,maxTime,actualTerms,numCuts,cutLimit,mipSolver,providePrimalBound,infeasibleTerms,feasibleToInfeasibleTerms,infeasibleToFeasibleTerms
0,New,4,197818.254988,200384.335637,199097.188785,389667.778066,405935.180000,405935.180000,1.325137,1.543563,2.188285,2.212632,488,3368,3600.000000,4,21,38,GUROBI,1,0,0,0
1,New,4,270162.591382,307758.339330,307191.489411,825541.329560,862950.010000,862950.010000,0.322862,0.655232,1.329601,1.330170,443,6848,3600.000000,4,2,72,GUROBI,1,0,0,0
2,New,4,481880.975245,492762.935124,491893.562935,1107247.501229,1227978.028144,1228042.620000,0.273354,0.557088,8.724406,8.732290,1123,34051,3600.000000,4,4,81,GUROBI,1,0,0,0
3,New,4,768856.704311,777186.434993,773400.265050,1076067.813492,1113123.448122,1113123.448122,0.350685,0.911278,1.687282,1.687457,211,3816,3600.000000,5,3,71,GUROBI,1,1,0,0
