instanceIndex,vpcGenerator,terms,lpBound,disjunctiveDualBound,lpBoundPostVpc,rootDualBound,dualBound,primalBound,vpcGenerationTime,rootDualBoundTime,bestSolutionTime,terminationTime,nodes,iterations,maxTime,actualTerms,numCuts,cutLimit,mipSolver,providePrimalBound,infeasibleTerms,feasibleToInfeasibleTerms,infeasibleToFeasibleTerms
0,New,64,34077.542667,35213.200000,34378.785140,43730.767472,44311.580893,44316.000000,22.563631,23.356570,90.098616,90.924736,7807,268649,3600.000000,64,27,160,GUROBI,1,0,0,0
1,New,64,29295.318667,30925.638000,29552.764876,38744.053721,39377.097366,39381.000000,14.253370,14.985233,55.771901,58.045805,4155,154120,3600.000000,64,7,159,GUROBI,1,0,0,0
2,New,64,30930.447333,32348.014667,31140.885299,40853.671314,41341.992947,41346.000000,16.997370,17.890230,63.201260,64.052942,3845,130926,3600.000000,64,14,165,GUROBI,1,0,0,0
3,New,64,26697.879333,28090.631333,26832.746667,36003.581096,36511.378829,36515.000000,12.267256,12.998821,76.626227,76.626427,7277,249850,3600.000000,64,2,155,GUROBI,1,0,0,0
