instanceIndex,vpcGenerator,terms,lpBound,disjunctiveDualBound,lpBoundPostVpc,rootDualBound,dualBound,primalBound,vpcGenerationTime,rootDualBoundTime,bestSolutionTime,terminationTime,nodes,iterations,maxTime,actualTerms,numCuts,cutLimit,mipSolver,providePrimalBound,infeasibleTerms,feasibleToInfeasibleTerms,infeasibleToFeasibleTerms
0,None,64,6766.249840,6766.249840,6766.249840,6767.982893,6840.281594,6840.965642,0.000024,0.064227,10.624968,2884.783631,18136672,52479107,3600.000000,0,0,0,GUROBI,1,0,0,0
1,None,64,6766.249840,6766.249840,6766.249840,6767.982893,6840.281577,6840.965642,0.000003,0.037807,679.098950,3545.753654,22209217,64099238,3600.000000,0,0,0,GUROBI,1,0,0,0
2,None,64,6768.000724,6768.000724,6768.000724,6769.813784,6838.947520,6839.631401,0.000002,0.036657,249.720690,2187.590315,13986676,40558099,3600.000000,0,0,0,GUROBI,1,0,0,0
3,None,64,6765.871307,6765.871307,6765.871307,6767.897755,6840.281578,6840.965642,0.000002,0.035772,1540.836577,2668.280345,16209730,46948201,3600.000000,0,0,0,GUROBI,1,0,0,0
