instanceIndex,seedIndex,vpcGenerator,terms,lpBound,disjunctiveDualBound,lpBoundPostVpc,rootDualBound,dualBound,primalBound,vpcGenerationTime,rootDualBoundTime,bestSolutionTime,terminationTime,nodes,iterations,maxTime,actualTerms,numCuts,cutLimit,mipSolver,providePrimalBound,infeasibleTerms,feasibleToInfeasibleTerms,infeasibleToFeasibleTerms,termRemainsFeasibleBasisInfeasible,cutsChangedCoefficients,feasibleTermsPrunedByBound,tighten_disjunction,tighten_matrix_perturbation,tighten_infeasible_to_feasible_term,tighten_feasible_to_infeasible_basis
0,0,New,64,6766.249840,6771.975779,6771.850862,6771.707891,6823.388139,6840.965642,2.733270,2.774850,3499.316794,3602.733948,18648103,55807163,3600.000000,64,21,21,GUROBI,1,1,0,0,0,0,0,0,0,0,0
1,0,Matrix,64,6766.249840,6771.469966,6769.594902,6769.799857,6829.607396,6840.965642,0.755512,0.786438,1142.183632,3600.756228,17879818,53045940,3600.000000,64,21,0,GUROBI,1,1,0,0,6,21,0,0,1,0,0
2,0,Matrix,64,6768.000724,6772.278754,6771.201570,6771.121584,6838.947438,6839.631401,0.813951,0.862240,647.933038,2592.760748,11185497,32772753,3600.000000,64,21,0,GUROBI,1,1,0,0,40,21,0,0,1,0,0
3,0,Matrix,64,6765.871307,6771.492974,6765.871307,6767.897755,6828.161522,6840.965642,0.833349,0.873327,1962.081146,3600.834014,19159668,56630823,3600.000000,64,21,0,GUROBI,1,1,0,0,21,21,0,0,1,0,0
