instanceIndex,vpcGenerator,terms,lpBound,disjunctiveDualBound,lpBoundPostVpc,rootDualBound,dualBound,primalBound,vpcGenerationTime,rootDualBoundTime,bestSolutionTime,terminationTime,nodes,iterations,maxTime,actualTerms,numCuts,cutLimit,mipSolver,providePrimalBound,infeasibleTerms,feasibleToInfeasibleTerms,infeasibleToFeasibleTerms
0,New,16,2327.842584,2330.998512,2330.988151,2331.013936,2361.218167,2361.454195,1.138501,1.181995,68.826001,460.246827,1792959,7296924,3600.000000,16,15,20,GUROBI,1,0,0,0
1,Farkas,16,2327.842584,2330.998512,2330.177743,2330.637960,2361.218052,2361.454195,0.034046,0.080870,168.919237,561.067140,2147680,8769556,3600.000000,16,15,0,GUROBI,1,0,0,0
2,Farkas,16,2327.842584,2330.998512,2330.989855,2331.036886,2361.218085,2361.454195,0.031925,0.073237,20.222725,422.689027,1668375,6722416,3600.000000,16,15,0,GUROBI,1,0,0,0
3,Farkas,16,2298.085966,2298.903755,2298.085966,2300.126892,2324.954731,2325.186950,0.038294,0.082964,24.670237,30.719988,129949,529972,3600.000000,16,15,0,GUROBI,1,0,0,0
