instanceIndex,seedIndex,vpcGenerator,terms,lpBound,disjunctiveDualBound,lpBoundPostVpc,rootDualBound,dualBound,primalBound,vpcGenerationTime,rootDualBoundTime,bestSolutionTime,terminationTime,nodes,iterations,maxTime,actualTerms,numCuts,cutLimit,mipSolver,providePrimalBound,infeasibleTerms,feasibleToInfeasibleTerms,infeasibleToFeasibleTerms,termRemainsFeasibleBasisInfeasible,cutsChangedCoefficients,feasibleTermsPrunedByBound,tighten_disjunction,tighten_matrix_perturbation,tighten_infeasible_to_feasible_term,tighten_feasible_to_infeasible_basis
0,0,New,4,-4840.541961,-4839.625710,-4839.640858,-4838.891800,-4784.211688,-4783.733392,1.296561,1.413730,484.458717,1631.461933,4825701,25289226,3600.000000,4,18,18,GUROBI,1,0,0,0,0,0,0,0,0,0,0
1,0,New,4,-4836.204909,-4833.622515,-4833.622515,-4833.102562,-4784.248925,-4771.464937,0.132094,0.261489,2151.211047,3600.133031,11447803,57933770,3600.000000,4,22,22,GUROBI,1,0,0,0,0,0,0,0,0,0,0
2,0,New,4,-4854.096545,-4852.875306,-4852.875306,-4851.830774,-4792.176166,-4791.697014,0.134666,0.246734,1144.494766,2440.762622,7301179,37458916,3600.000000,4,23,23,GUROBI,1,0,0,0,0,0,0,0,0,0,0
3,0,New,4,-4829.302449,-4825.609986,-4825.696544,-4825.268334,-4766.315418,-4765.838872,0.124336,0.272288,105.665671,2153.530771,6623246,33680018,3600.000000,4,21,21,GUROBI,1,0,0,0,0,0,0,0,0,0,0
