instanceIndex,seedIndex,vpcGenerator,terms,lpBound,disjunctiveDualBound,lpBoundPostVpc,rootDualBound,dualBound,primalBound,vpcGenerationTime,rootDualBoundTime,bestSolutionTime,terminationTime,nodes,iterations,maxTime,actualTerms,numCuts,cutLimit,mipSolver,providePrimalBound,infeasibleTerms,feasibleToInfeasibleTerms,infeasibleToFeasibleTerms,termRemainsFeasibleBasisInfeasible,cutsChangedCoefficients,feasibleTermsPrunedByBound,tighten_disjunction,tighten_matrix_perturbation,tighten_infeasible_to_feasible_term,tighten_feasible_to_infeasible_basis
0,0,None,4,112310.613512,112310.613512,112310.613512,112313.362694,112313.362694,112313.362718,0.000033,0.011975,0.000033,0.022189,1,50,3600.000000,0,0,0,GUROBI,1,0,0,0,0,0,0,0,0,0,0
1,0,None,4,113415.575956,113415.575956,113415.575956,113420.121220,113427.828584,113427.828578,0.000023,0.026165,0.000023,0.029456,1,64,3600.000000,0,0,0,GUROBI,1,0,0,0,0,0,0,0,0,0,0
2,0,None,4,113162.166727,113162.166727,113162.166727,113171.396629,113172.655673,113172.655713,0.000020,0.016537,0.000020,0.017154,1,62,3600.000000,0,0,0,GUROBI,1,0,0,0,0,0,0,0,0,0,0
3,0,None,4,112308.385108,112308.385108,112308.385108,112321.928310,112321.928310,112321.928310,0.000001,0.025514,0.026619,0.027142,1,110,3600.000000,0,0,0,GUROBI,1,0,0,0,0,0,0,0,0,0,0
