instanceIndex,seedIndex,vpcGenerator,terms,lpBound,disjunctiveDualBound,lpBoundPostVpc,rootDualBound,dualBound,primalBound,vpcGenerationTime,rootDualBoundTime,bestSolutionTime,terminationTime,nodes,iterations,maxTime,actualTerms,numCuts,cutLimit,mipSolver,providePrimalBound,infeasibleTerms,feasibleToInfeasibleTerms,infeasibleToFeasibleTerms,termRemainsFeasibleBasisInfeasible,cutsChangedCoefficients,feasibleTermsPrunedByBound,tighten_disjunction,tighten_matrix_perturbation,tighten_infeasible_to_feasible_term,tighten_feasible_to_infeasible_basis
0,0,None,4,-2406943.556343,-2406943.556343,-2406943.556343,-2406922.133264,-2406796.031380,-2406559.942600,0.000012,0.474996,2543.687529,3600.001768,5246625,29337661,3600.000000,0,0,0,GUROBI,1,0,0,0,0,0,0,0,0,0,0
1,0,None,4,-2410587.186903,-2410587.186903,-2410587.186903,-2410561.649745,-2410407.974152,-2410199.592900,0.000002,0.427396,2214.738620,2214.738884,1982210,12592927,3600.000000,0,0,0,GUROBI,1,0,0,0,0,0,0,0,0,0,0
2,0,None,4,-2408641.125644,-2408641.125644,-2408641.125644,-2408616.089252,-2408473.107655,-2408282.125200,0.000003,0.315481,3300.221257,3600.001978,4072270,23042411,3600.000000,0,0,0,GUROBI,1,0,0,0,0,0,0,0,0,0,0
3,0,None,4,-2402659.749780,-2402659.749780,-2402659.749780,-2402634.512473,-2402492.038637,-2402275.992000,0.000002,0.257016,896.481846,896.494653,728460,5764576,3600.000000,0,0,0,GUROBI,1,0,0,0,0,0,0,0,0,0,0
