instanceIndex,vpcGenerator,terms,lpBound,disjunctiveDualBound,lpBoundPostVpc,rootDualBound,dualBound,primalBound,vpcGenerationTime,rootDualBoundTime,bestSolutionTime,terminationTime,nodes,iterations,maxTime,actualTerms,numCuts,cutLimit,mipSolver,providePrimalBound,infeasibleTerms,feasibleToInfeasibleTerms,infeasibleToFeasibleTerms
0,None,16,-2608070.315743,-2608070.315743,-2608070.315743,-2608070.309576,-2608045.387733,-2607811.728600,0.019089,0.345726,1753.339981,3600.021814,4123161,29859940,3600.000000,0,0,0,GUROBI,1,0,0,0
1,None,16,-2608070.315743,-2608070.315743,-2608070.315743,-2608070.308732,-2608050.207387,-2607840.615800,0.000002,0.287876,2302.830653,3600.002526,4461365,31023578,3600.000000,0,0,0,GUROBI,1,0,0,0
2,None,16,-2607941.909415,-2607941.909415,-2607941.909415,-2607941.901754,-2607917.576389,-2607692.047900,0.000002,0.338221,2356.677903,3600.002404,3134722,24804818,3600.000000,0,0,0,GUROBI,1,0,0,0
3,None,16,-2608070.315743,-2608070.315743,-2608070.315743,-2608070.309576,-2608045.387775,-2607811.728600,0.000003,0.336508,1753.911504,3600.002524,4121133,29842389,3600.000000,0,0,0,GUROBI,1,0,0,0
