instanceIndex,vpcGenerator,terms,lpBound,disjunctiveDualBound,lpBoundPostVpc,rootDualBound,dualBound,primalBound,vpcGenerationTime,rootDualBoundTime,bestSolutionTime,terminationTime,nodes,iterations,maxTime,actualTerms,numCuts,cutLimit,mipSolver,providePrimalBound,infeasibleTerms,feasibleToInfeasibleTerms,infeasibleToFeasibleTerms
0,New,4,-2608070.315743,-2608070.315092,-2608070.315347,-2608070.309431,-2608055.299685,-2607811.728600,2.285093,2.619616,2753.498046,3602.287784,4117620,27997565,3600.000000,4,17,17,GUROBI,1,0,0,0
2,Old,4,-2608080.311894,-2608080.311244,-2608080.311695,-2608080.305281,-2608073.324234,-2607806.843400,0.969573,1.306228,887.940139,3600.972494,4970474,30237125,3600.000000,4,17,0,GUROBI,1,0,0,0
3,Old,4,-2608130.261970,-2608130.254158,-2608130.259988,-2608128.068339,-2608109.673692,-2607914.767200,0.834044,1.191565,2805.207227,3600.836692,3619058,29574791,3600.000000,4,11,0,GUROBI,1,0,0,0
