instanceIndex,vpcGenerator,terms,lpBound,disjunctiveDualBound,lpBoundPostVpc,rootDualBound,dualBound,primalBound,vpcGenerationTime,rootDualBoundTime,bestSolutionTime,terminationTime,nodes,iterations,maxTime,actualTerms,numCuts,cutLimit,mipSolver,providePrimalBound,infeasibleTerms,feasibleToInfeasibleTerms,infeasibleToFeasibleTerms
0,New,16,4310.000000,4310.000000,4310.000000,4502.000000,7117.970588,7118.500000,2.145227,2.488207,107.487882,127.977679,37950,1157091,3600.000000,23,17,66,GUROBI,1,14,0,0
1,New,16,4310.000000,4310.000000,4310.000000,4502.000000,7117.156393,7117.500000,1.731764,2.085346,47.638169,62.418824,58264,811330,3600.000000,25,26,66,GUROBI,1,16,0,0
2,New,16,4310.000000,4310.000000,4310.000000,4502.000000,7118.141451,7118.500000,0.793859,1.112690,97.209634,97.209786,33786,944445,3600.000000,17,13,66,GUROBI,1,8,0,0
3,New,16,4310.000000,4310.000000,4310.000000,4502.000000,7112.500000,7112.500000,1.055072,1.352228,101.422132,105.687620,35816,1063469,3600.000000,24,13,66,GUROBI,1,15,0,0
