instanceIndex,seedIndex,vpcGenerator,terms,lpBound,disjunctiveDualBound,lpBoundPostVpc,rootDualBound,dualBound,primalBound,vpcGenerationTime,rootDualBoundTime,bestSolutionTime,terminationTime,nodes,iterations,maxTime,actualTerms,numCuts,cutLimit,mipSolver,providePrimalBound,infeasibleTerms,feasibleToInfeasibleTerms,infeasibleToFeasibleTerms,termRemainsFeasibleBasisInfeasible,cutsChangedCoefficients,feasibleTermsPrunedByBound,tighten_disjunction,tighten_matrix_perturbation,tighten_infeasible_to_feasible_term,tighten_feasible_to_infeasible_basis
0,0,None,64,4310.000000,4310.000000,4310.000000,4502.000000,7117.954545,7118.500000,0.000017,0.685566,46.244652,65.582706,51831,657650,3600.000000,0,0,0,GUROBI,1,0,0,0,0,0,0,0,0,0,0
1,0,None,64,4291.500000,4291.500000,4291.500000,4476.717750,7105.315104,7106.000000,0.000002,0.441392,108.000720,123.925168,37801,943795,3600.000000,0,0,0,GUROBI,1,0,0,0,0,0,0,0,0,0,0
2,0,None,64,4315.806452,4315.806452,4315.806452,4496.490741,7112.722350,7113.000000,0.000002,0.302387,134.659326,139.273167,40442,1178461,3600.000000,0,0,0,GUROBI,1,0,0,0,0,0,0,0,0,0,0
3,0,None,64,4287.145161,4287.145161,4287.145161,4486.350170,7116.879467,7117.500000,0.000002,0.337349,116.803347,126.543307,36922,981089,3600.000000,0,0,0,GUROBI,1,0,0,0,0,0,0,0,0,0,0
