instanceIndex,vpcGenerator,terms,lpBound,disjunctiveDualBound,lpBoundPostVpc,rootDualBound,dualBound,primalBound,vpcGenerationTime,rootDualBoundTime,bestSolutionTime,terminationTime,nodes,iterations,maxTime,actualTerms,numCuts,cutLimit,mipSolver,providePrimalBound,infeasibleTerms,feasibleToInfeasibleTerms,infeasibleToFeasibleTerms
0,None,16,0.012000,0.012000,0.012000,0.090487,0.336528,0.336528,0.000028,0.147911,34.684751,34.684871,10772,277509,3600.000000,0,0,0,GUROBI,1,0,0,0
1,None,16,0.012000,0.012000,0.012000,0.134111,0.336528,0.336528,0.000003,0.231771,44.654902,44.655023,16048,419922,3600.000000,0,0,0,GUROBI,1,0,0,0
2,None,16,0.136977,0.136977,0.136977,0.200347,0.471531,0.471552,0.000003,0.195075,43.966622,43.966739,16030,352358,3600.000000,0,0,0,GUROBI,1,0,0,0
3,None,16,0.011948,0.011948,0.011948,0.067625,0.336528,0.336519,0.000002,0.125125,26.768478,26.768597,10516,202365,3600.000000,0,0,0,GUROBI,1,0,0,0
