instanceIndex,vpcGenerator,terms,lpBound,disjunctiveDualBound,lpBoundPostVpc,rootDualBound,dualBound,primalBound,vpcGenerationTime,rootDualBoundTime,bestSolutionTime,terminationTime,nodes,iterations,maxTime,actualTerms,numCuts,cutLimit,mipSolver,providePrimalBound,infeasibleTerms,feasibleToInfeasibleTerms,infeasibleToFeasibleTerms
0,None,4,0.012000,0.012000,0.012000,0.090487,0.336528,0.336528,0.000034,0.126404,34.654755,34.654875,10772,277509,3600.000000,0,0,0,GUROBI,1,0,0,0
1,None,4,-0.030224,-0.030224,-0.030224,0.007711,0.289652,0.289652,0.000003,0.133558,31.697942,31.698058,11519,264574,3600.000000,0,0,0,GUROBI,1,0,0,0
2,None,4,0.012000,0.012000,0.012000,0.090487,0.336501,0.336528,0.000002,0.135664,26.793469,31.129409,13654,333808,3600.000000,0,0,0,GUROBI,1,0,0,0
3,None,4,0.012000,0.012000,0.012000,0.090487,0.331381,0.331381,0.000003,0.134030,30.830953,31.449327,10294,243716,3600.000000,0,0,0,GUROBI,1,0,0,0
