instanceIndex,seedIndex,vpcGenerator,terms,lpBound,disjunctiveDualBound,lpBoundPostVpc,rootDualBound,dualBound,primalBound,vpcGenerationTime,rootDualBoundTime,bestSolutionTime,terminationTime,nodes,iterations,maxTime,actualTerms,numCuts,cutLimit,mipSolver,providePrimalBound,infeasibleTerms,feasibleToInfeasibleTerms,infeasibleToFeasibleTerms,termRemainsFeasibleBasisInfeasible,cutsChangedCoefficients,feasibleTermsPrunedByBound,tighten_disjunction,tighten_matrix_perturbation,tighten_infeasible_to_feasible_term,tighten_feasible_to_infeasible_basis
0,0,New,64,22640.366278,23457.257023,23201.763475,32357.388662,32906.881005,32906.880834,23.514696,26.499936,39.281961,39.285595,626,14924,3600.000000,107,4,63,GUROBI,1,99,0,0,0,0,0,0,0,0,0
1,0,Matrix,64,22753.294755,23587.248853,23313.616142,32449.250546,33007.881005,33007.880834,2.570032,5.062273,12.381784,12.384240,600,13866,3600.000000,107,4,0,GUROBI,1,99,0,0,0,0,0,0,1,0,0
2,0,Matrix,64,22634.778202,23479.363216,23195.885166,32150.578527,32971.267343,32971.503753,2.551938,4.965813,7.989355,17.605874,602,12706,3600.000000,107,4,0,GUROBI,1,99,0,0,0,0,0,0,1,0,0
3,0,Matrix,64,22651.369865,23478.075340,23212.948731,32154.164354,32936.220267,32936.880834,2.235427,4.870599,23.363419,23.377726,656,17545,3600.000000,107,4,0,GUROBI,1,99,0,0,0,0,0,0,1,0,0
