instanceIndex,seedIndex,vpcGenerator,terms,lpBound,disjunctiveDualBound,lpBoundPostVpc,rootDualBound,dualBound,primalBound,vpcGenerationTime,rootDualBoundTime,bestSolutionTime,terminationTime,nodes,iterations,maxTime,actualTerms,numCuts,cutLimit,mipSolver,providePrimalBound,infeasibleTerms,feasibleToInfeasibleTerms,infeasibleToFeasibleTerms,termRemainsFeasibleBasisInfeasible,cutsChangedCoefficients,feasibleTermsPrunedByBound,tighten_disjunction,tighten_matrix_perturbation,tighten_infeasible_to_feasible_term,tighten_feasible_to_infeasible_basis
0,0,None,4,3868.000000,3868.000000,3868.000000,3903.751823,3936.188476,3942.000000,0.000010,0.915586,373.262254,3600.002660,431306,14338129,3600.000000,0,0,0,GUROBI,1,0,0,0,0,0,0,0,0,0,0
1,0,None,4,3868.000000,3868.000000,3868.000000,3909.246209,3939.500000,3946.000000,0.000001,0.597357,256.271768,3600.002416,407758,14526822,3600.000000,0,0,0,GUROBI,1,0,0,0,0,0,0,0,0,0,0
2,0,None,4,3866.000000,3866.000000,3866.000000,3907.411364,3931.404151,3939.000000,0.000001,0.751397,2354.859759,3600.002814,351448,13938750,3600.000000,0,0,0,GUROBI,1,0,0,0,0,0,0,0,0,0,0
3,0,None,4,3870.000000,3870.000000,3870.000000,3905.948558,3937.714286,3945.000000,0.000001,0.638586,911.617972,3600.002716,461799,15377071,3600.000000,0,0,0,GUROBI,1,0,0,0,0,0,0,0,0,0,0
