instanceIndex,vpcGenerator,terms,lpBound,disjunctiveDualBound,lpBoundPostVpc,rootDualBound,dualBound,primalBound,vpcGenerationTime,rootDualBoundTime,bestSolutionTime,terminationTime,nodes,iterations,maxTime,actualTerms,numCuts,cutLimit,mipSolver,providePrimalBound,infeasibleTerms,feasibleToInfeasibleTerms,infeasibleToFeasibleTerms
0,None,16,3868.000000,3868.000000,3868.000000,3909.136062,3936.501065,3942.000000,0.000008,2.112964,1749.007620,3600.003714,373156,13465904,3600.000000,0,0,0,GUROBI,1,0,0,0
1,None,16,3849.256146,3849.256146,3849.256146,3895.181461,3921.688187,3921.999997,0.000002,0.693488,4.008629,4.008797,1631,30515,3600.000000,0,0,0,GUROBI,1,0,0,0
2,None,16,4020.573770,4020.573770,4020.573770,4059.999730,4104.499997,4104.499997,0.000002,0.774813,3.867867,3.914496,816,16038,3600.000000,0,0,0,GUROBI,1,0,0,0
3,None,16,3909.099414,3909.099414,3909.099414,3937.744375,3992.644219,3993.000000,0.000002,0.624939,111.822419,119.350046,16307,553324,3600.000000,0,0,0,GUROBI,1,0,0,0
