instanceIndex,vpcGenerator,terms,lpBound,disjunctiveDualBound,lpBoundPostVpc,rootDualBound,dualBound,primalBound,vpcGenerationTime,rootDualBoundTime,bestSolutionTime,terminationTime,nodes,iterations,maxTime,actualTerms,numCuts,cutLimit,mipSolver,providePrimalBound,infeasibleTerms,feasibleToInfeasibleTerms,infeasibleToFeasibleTerms
0,None,4,6302.000000,6302.000000,6302.000000,6356.108219,6374.364494,6375.000000,0.000003,1.497740,433.331630,524.829450,71119,2144452,3600.000000,0,0,0,GUROBI,1,0,0,0
1,None,4,6306.000000,6306.000000,6306.000000,6356.343517,6379.362522,6380.000000,0.000002,1.569349,541.141288,1208.101935,150527,4406541,3600.000000,0,0,0,GUROBI,1,0,0,0
2,None,4,6304.000000,6304.000000,6304.000000,6360.569672,6375.952539,6376.000000,0.000002,1.518146,393.044013,537.086189,73160,1981198,3600.000000,0,0,0,GUROBI,1,0,0,0
3,None,4,6309.000000,6309.000000,6309.000000,6364.624751,6382.361707,6383.000000,0.000003,1.936489,854.386595,983.017706,162195,3703742,3600.000000,0,0,0,GUROBI,1,0,0,0
