instanceIndex,vpcGenerator,terms,lpBound,disjunctiveDualBound,lpBoundPostVpc,rootDualBound,dualBound,primalBound,vpcGenerationTime,rootDualBoundTime,bestSolutionTime,terminationTime,nodes,iterations,maxTime,actualTerms,numCuts,cutLimit,mipSolver,providePrimalBound,infeasibleTerms,feasibleToInfeasibleTerms,infeasibleToFeasibleTerms
0,None,64,3320.771000,3320.771000,3320.771000,9917.159231,11391.862415,11393.000000,0.000016,0.406205,430.811456,600.369028,95879,3839150,3600.000000,0,0,0,GUROBI,1,0,0,0
1,None,64,15307.237000,15307.237000,15307.237000,19897.006787,20244.000000,20244.000000,0.000004,0.259921,0.459826,0.609691,246,4392,3600.000000,0,0,0,GUROBI,1,0,0,0
2,None,64,8059.589000,8059.589000,8059.589000,12805.367102,13265.000000,13265.000000,0.000002,0.352285,0.507309,0.961343,443,7689,3600.000000,0,0,0,GUROBI,1,0,0,0
3,None,64,9026.158167,9026.158167,9026.158167,13957.350137,14503.002584,14504.000000,0.000001,0.345537,5.274839,5.274943,1522,35067,3600.000000,0,0,0,GUROBI,1,0,0,0
