instanceIndex,vpcGenerator,terms,lpBound,disjunctiveDualBound,lpBoundPostVpc,rootDualBound,dualBound,primalBound,vpcGenerationTime,rootDualBoundTime,bestSolutionTime,terminationTime,nodes,iterations,maxTime,actualTerms,numCuts,cutLimit,mipSolver,providePrimalBound,infeasibleTerms,feasibleToInfeasibleTerms,infeasibleToFeasibleTerms
0,New,4,3320.771000,3939.428000,3891.698182,9962.250867,11391.975301,11393.000000,1.251160,1.633747,185.678906,284.592976,48392,1940215,3600.000000,4,14,15,GUROBI,1,0,0,0
1,New,4,3320.771000,3939.428000,3891.698182,9899.717053,11391.989680,11393.000000,0.257191,0.636544,378.163022,472.608208,80409,3071408,3600.000000,4,14,15,GUROBI,1,0,0,0
2,New,4,2669.000158,3212.738821,3181.042411,8037.693620,8744.331074,8745.083333,0.277449,0.575342,5.926349,8.003344,1771,52323,3600.000000,4,15,15,GUROBI,1,0,0,0
3,New,4,2452.700637,2926.240500,2926.240500,8470.224212,9921.841230,9922.833333,0.271095,0.564850,227.358969,232.247886,58495,1615152,3600.000000,4,15,15,GUROBI,1,0,0,0
