instanceIndex,seedIndex,vpcGenerator,terms,lpBound,disjunctiveDualBound,lpBoundPostVpc,rootDualBound,dualBound,primalBound,vpcGenerationTime,rootDualBoundTime,bestSolutionTime,terminationTime,nodes,iterations,maxTime,actualTerms,numCuts,cutLimit,mipSolver,providePrimalBound,infeasibleTerms,feasibleToInfeasibleTerms,infeasibleToFeasibleTerms,termRemainsFeasibleBasisInfeasible,cutsChangedCoefficients,feasibleTermsPrunedByBound,tighten_disjunction,tighten_matrix_perturbation,tighten_infeasible_to_feasible_term,tighten_feasible_to_infeasible_basis
0,0,New,64,3320.771000,5011.751000,4728.538449,9981.244221,11391.871835,11393.000000,5.856042,6.281280,510.965171,510.965439,89166,3924710,3600.000000,64,15,15,GUROBI,1,0,0,0,0,0,0,0,0,0,0
1,0,Disjunction,64,3331.856000,5011.751000,4728.434726,10023.867596,11416.916023,11418.000000,0.150904,0.545541,355.634578,370.971720,61181,2907310,3600.000000,64,15,0,GUROBI,1,0,0,0,0,0,0,1,0,0,0
2,0,Disjunction,64,3278.756000,4759.342000,4240.907459,9677.344086,11146.885514,11148.000000,0.167319,0.491085,406.858790,406.859023,71318,2650007,3600.000000,64,15,0,GUROBI,1,0,0,0,0,0,0,1,0,0,0
3,0,Disjunction,64,3164.732000,4836.935000,4449.682357,9738.310386,11390.916496,11392.000000,0.154602,0.491332,612.051821,747.714887,131512,4976933,3600.000000,64,15,0,GUROBI,1,0,0,0,0,0,0,1,0,0,0
