instanceIndex,vpcGenerator,terms,lpBound,disjunctiveDualBound,lpBoundPostVpc,rootDualBound,dualBound,primalBound,vpcGenerationTime,rootDualBoundTime,bestSolutionTime,terminationTime,nodes,iterations,maxTime,actualTerms,numCuts,cutLimit,mipSolver,providePrimalBound,infeasibleTerms,feasibleToInfeasibleTerms,infeasibleToFeasibleTerms
0,None,64,95919464.000000,95919464.000000,95919464.000000,106929683.664870,106940226.000000,106940226.000000,0.000019,0.282345,0.288678,0.288811,7,361,3600.000000,0,0,0,GUROBI,1,0,0,0
1,None,64,206104184.901452,206104184.901452,206104184.901452,207133900.265960,207172462.051913,207172462.051913,0.000002,0.086031,0.000002,0.086533,1,125,3600.000000,0,0,0,GUROBI,1,0,0,0
2,None,64,108827059.501614,108827059.501614,108827059.501614,110247697.147367,110247697.147367,110247697.147367,0.000001,0.017777,0.000001,0.018928,1,123,3600.000000,0,0,0,GUROBI,1,0,0,0
3,None,64,78337159.778197,78337159.778197,78337159.778197,81205059.483580,81248112.734205,81248112.734205,0.000001,0.163047,0.164061,0.165755,4,178,3600.000000,0,0,0,GUROBI,1,0,0,0
