instanceIndex,vpcGenerator,terms,lpBound,disjunctiveDualBound,lpBoundPostVpc,rootDualBound,dualBound,primalBound,vpcGenerationTime,rootDualBoundTime,bestSolutionTime,terminationTime,nodes,iterations,maxTime,actualTerms,numCuts,cutLimit,mipSolver,providePrimalBound,infeasibleTerms,feasibleToInfeasibleTerms,infeasibleToFeasibleTerms
0,New,16,95919464.000000,100601267.000000,97404113.204199,106929598.956037,106939359.869194,106940226.000000,3.960315,4.099875,3.960315,4.105660,5,329,3600.000000,16,8,19,GUROBI,1,0,0,0
1,New,16,103524258.001700,110083694.687311,107260034.442867,111346227.536898,111353026.592593,111353026.592593,6.168755,6.229681,6.168755,6.230230,1,128,3600.000000,16,6,11,GUROBI,1,0,0,0
2,New,16,95247049.823935,98748346.285656,98119201.607697,102239979.902395,102280174.195652,102280174.195652,5.481273,5.580260,5.588242,5.589297,4,264,3600.000000,16,14,14,GUROBI,1,0,0,0
3,New,16,82612103.395137,85643596.411382,84350159.331248,86315836.087831,87158953.111115,87158953.111111,4.029409,4.099153,4.119842,4.138578,23,435,3600.000000,16,8,8,GUROBI,1,0,0,0
