instanceIndex,vpcGenerator,terms,lpBound,disjunctiveDualBound,lpBoundPostVpc,rootDualBound,dualBound,primalBound,vpcGenerationTime,rootDualBoundTime,bestSolutionTime,terminationTime,nodes,iterations,maxTime,actualTerms,numCuts,cutLimit,mipSolver,providePrimalBound,infeasibleTerms,feasibleToInfeasibleTerms,infeasibleToFeasibleTerms
0,New,64,95919464.000000,102291675.000000,99328762.662651,106920712.985292,106932242.082178,106940226.000000,10.717635,10.850351,10.858736,10.858851,8,369,3600.000000,64,3,19,GUROBI,1,0,0,0
1,Old,64,103524258.001700,103965759.693550,103582646.890589,111346227.536891,111353026.592587,111353026.592593,34.225166,34.298282,34.225166,34.298854,1,152,3600.000000,64,11,0,GUROBI,1,0,0,0
2,Old,64,95247049.823935,96059252.058859,96003257.631145,102239979.902395,102280174.195652,102280174.195652,18.749337,18.844969,18.853422,18.854414,4,257,3600.000000,64,14,0,GUROBI,1,9,9,0
3,Old,64,82612103.395137,84209326.628014,83584795.331540,86441547.373118,87158953.111115,87158953.111111,18.471821,18.622349,18.640076,18.649127,21,619,3600.000000,64,8,0,GUROBI,1,0,0,0
