instanceIndex,seedIndex,vpcGenerator,terms,lpBound,disjunctiveDualBound,lpBoundPostVpc,rootDualBound,dualBound,primalBound,vpcGenerationTime,rootDualBoundTime,bestSolutionTime,terminationTime,nodes,iterations,maxTime,actualTerms,numCuts,cutLimit,mipSolver,providePrimalBound,infeasibleTerms,feasibleToInfeasibleTerms,infeasibleToFeasibleTerms,termRemainsFeasibleBasisInfeasible,cutsChangedCoefficients,feasibleTermsPrunedByBound,tighten_disjunction,tighten_matrix_perturbation,tighten_infeasible_to_feasible_term,tighten_feasible_to_infeasible_basis
0,0,New,4,95919464.000000,97834834.000000,97308834.000000,106929393.161318,106939359.869194,106940226.000000,1.870297,2.005898,1.870297,2.011168,6,329,3600.000000,4,14,19,GUROBI,1,0,0,0,0,0,0,0,0,0,0
1,0,Matrix,4,95910557.790600,97825927.238800,97299927.238800,106918818.896153,106922644.312889,106932339.000000,0.016065,0.140825,0.145783,0.146688,6,340,3600.000000,4,14,0,GUROBI,1,0,0,0,0,0,0,0,1,0,0
2,0,Matrix,4,95934585.483000,97847325.483000,97323955.483000,106932182.393074,106938961.166162,106942746.000000,0.018509,0.171388,0.180481,0.181372,7,416,3600.000000,4,14,0,GUROBI,1,0,0,0,0,0,0,0,1,0,0
3,0,Matrix,4,95924433.476400,97839803.091400,97313803.617400,106938051.775787,106940897.751115,106944795.000000,0.018625,0.179711,0.185402,0.186346,6,367,3600.000000,4,14,0,GUROBI,1,0,0,0,0,0,0,0,1,0,0
