instanceIndex,vpcGenerator,terms,lpBound,disjunctiveDualBound,lpBoundPostVpc,rootDualBound,dualBound,primalBound,vpcGenerationTime,rootDualBoundTime,bestSolutionTime,terminationTime,nodes,iterations,maxTime,actualTerms,numCuts,cutLimit,mipSolver,providePrimalBound,infeasibleTerms,feasibleToInfeasibleTerms,infeasibleToFeasibleTerms
0,New,4,3.000000,3.000000,3.000000,4.000000,4.000000,4.000000,1.830856,2.122630,1.830856,2.132138,1,1366,3600.000000,4,4,456,GUROBI,1,0,0,0
1,New,4,3.000000,3.000000,3.000000,4.000000,4.000000,4.000000,1.811012,2.100675,1.811012,2.110686,1,1366,3600.000000,4,4,456,GUROBI,1,0,0,0
2,New,4,3.000000,3.000000,3.000000,4.000000,4.000000,4.000000,1.805570,2.093965,1.805570,2.103713,1,1366,3600.000000,4,4,456,GUROBI,1,0,0,0
3,New,4,3.000000,3.000000,3.000000,4.000000,4.000000,4.000000,1.817042,2.120071,1.817042,2.133566,1,1476,3600.000000,4,4,456,GUROBI,1,0,0,0
