instanceIndex,vpcGenerator,terms,lpBound,disjunctiveDualBound,lpBoundPostVpc,rootDualBound,dualBound,primalBound,vpcGenerationTime,rootDualBoundTime,bestSolutionTime,terminationTime,nodes,iterations,maxTime,actualTerms,numCuts,cutLimit,mipSolver,providePrimalBound,infeasibleTerms,feasibleToInfeasibleTerms,infeasibleToFeasibleTerms
0,None,64,0.000000,0.000000,0.000000,0.000000,-0.000000,1.000000,0.000002,0.059029,0.147808,1.176098,21351,43620,3600.000000,0,0,0,GUROBI,1,0,0,0
1,None,64,0.000000,0.000000,0.000000,0.000000,-0.000000,0.833333,0.000001,0.027933,1057.518801,3600.000601,31764211,63558816,3600.000000,0,0,0,GUROBI,1,0,0,0
2,None,64,0.000000,0.000000,0.000000,0.000000,-0.000000,0.333333,0.000004,0.026779,1365.674213,3600.000626,21187585,37438720,3600.000000,0,0,0,GUROBI,1,0,0,0
3,None,64,0.000000,0.000000,0.000000,0.000000,-0.000000,0.533333,0.000004,0.027327,3058.426630,3600.000489,32111063,67002219,3600.000000,0,0,0,GUROBI,1,0,0,0
