instanceIndex,vpcGenerator,terms,lpBound,disjunctiveDualBound,lpBoundPostVpc,rootDualBound,dualBound,primalBound,vpcGenerationTime,rootDualBoundTime,bestSolutionTime,terminationTime,nodes,iterations,maxTime,actualTerms,numCuts,cutLimit,mipSolver,providePrimalBound,infeasibleTerms,feasibleToInfeasibleTerms,infeasibleToFeasibleTerms
0,None,64,0.000000,0.000000,0.000000,0.000000,1.000000,1.000000,0.000024,0.041245,6.252076,503.102722,8349229,19114721,3600.000000,0,0,0,GUROBI,1,0,0,0
1,None,64,0.000000,0.000000,0.000000,0.000000,-0.000000,0.000000,0.000003,0.003210,0.000003,0.003210,0,0,3600.000000,0,0,0,GUROBI,1,0,0,0
2,None,64,0.000000,0.000000,0.000000,0.000000,1.000000,1.000000,0.000003,0.034428,457.998250,457.998356,8353362,22218304,3600.000000,0,0,0,GUROBI,1,0,0,0
3,None,64,0.000000,0.000000,0.000000,0.000000,-0.000000,0.000000,0.000004,0.002199,0.000004,0.002199,0,0,3600.000000,0,0,0,GUROBI,1,0,0,0
