instanceIndex,vpcGenerator,terms,lpBound,disjunctiveDualBound,lpBoundPostVpc,rootDualBound,dualBound,primalBound,vpcGenerationTime,rootDualBoundTime,bestSolutionTime,terminationTime,nodes,iterations,maxTime,actualTerms,numCuts,cutLimit,mipSolver,providePrimalBound,infeasibleTerms,feasibleToInfeasibleTerms,infeasibleToFeasibleTerms
0,New,4,38893.903641,38924.292248,38910.357848,39029.457292,40001.056920,40005.053810,1.209523,1.415318,9.928358,101.010675,641086,3119695,3600.000000,4,7,11,GUROBI,1,0,0,0
1,New,4,101661.599852,101676.131844,101673.212542,102184.830811,102186.569116,102186.610390,0.062177,0.105020,0.062177,0.105460,1,64,3600.000000,4,2,4,GUROBI,1,0,0,0
2,New,4,32668.008049,32720.337493,32710.033090,32816.127504,33681.777596,33685.141710,0.149101,0.336562,1.450248,35.532353,189803,979240,3600.000000,4,11,11,GUROBI,1,0,0,0
3,New,4,38894.737967,38925.075623,38911.173703,39051.795430,40003.056888,40007.053810,0.147348,0.459979,80.596800,80.596946,454185,2261048,3600.000000,4,7,11,GUROBI,1,0,0,0
