instanceIndex,vpcGenerator,terms,lpBound,disjunctiveDualBound,lpBoundPostVpc,rootDualBound,dualBound,primalBound,vpcGenerationTime,rootDualBoundTime,bestSolutionTime,terminationTime,nodes,iterations,maxTime,actualTerms,numCuts,cutLimit,mipSolver,providePrimalBound,infeasibleTerms,feasibleToInfeasibleTerms,infeasibleToFeasibleTerms
0,New,16,10482.795280,10609.560145,10598.619286,10603.541416,11800.005440,11801.185350,1.752338,1.864981,7.306309,771.207642,3911076,22704486,3600.000000,16,12,12,GUROBI,1,0,0,0
1,New,16,1293.598335,1532.696748,1508.004864,1516.218234,2877.525588,2877.808270,0.785993,0.887941,30.022455,30.022597,116967,682006,3600.000000,16,12,12,GUROBI,1,0,0,0
2,New,16,1343.224979,1468.419910,1450.810445,1456.227199,2357.107592,2357.321390,0.833856,0.919337,134.677154,134.677295,550138,3266033,3600.000000,16,12,12,GUROBI,1,0,0,0
3,New,16,0.000222,0.000222,0.000222,0.000271,0.000271,0.000260,0.800437,0.800437,0.800437,0.808407,1,27,3600.000000,16,13,13,GUROBI,1,0,0,0
