instanceIndex,vpcGenerator,terms,lpBound,disjunctiveDualBound,lpBoundPostVpc,rootDualBound,dualBound,primalBound,vpcGenerationTime,rootDualBoundTime,bestSolutionTime,terminationTime,nodes,iterations,maxTime,actualTerms,numCuts,cutLimit,mipSolver,providePrimalBound,infeasibleTerms,feasibleToInfeasibleTerms,infeasibleToFeasibleTerms
0,New,16,38893.903641,38962.268924,38951.929058,39050.049320,40001.070046,40005.053810,1.776449,2.109086,70.022662,78.757959,401515,2058246,3600.000000,16,11,11,GUROBI,1,0,0,0
1,New,16,38893.957755,38962.398391,38955.633446,39000.645539,40001.147967,40005.141700,0.654440,0.848221,3.883113,74.247906,343775,1913121,3600.000000,16,11,11,GUROBI,1,0,0,0
2,New,16,30457.654117,30526.137237,30513.423962,30576.546293,31634.450156,31637.610170,0.565808,0.830414,32.979806,43.802536,238042,975980,3600.000000,16,11,11,GUROBI,1,0,0,0
3,New,16,38894.186145,38962.526516,38956.015190,38976.572556,40001.059402,40005.053810,0.658866,0.760901,2.758668,55.697164,285987,1484932,3600.000000,16,11,11,GUROBI,1,0,0,0
