instanceIndex,vpcGenerator,terms,lpBound,disjunctiveDualBound,lpBoundPostVpc,rootDualBound,dualBound,primalBound,vpcGenerationTime,rootDualBoundTime,bestSolutionTime,terminationTime,nodes,iterations,maxTime,actualTerms,numCuts,cutLimit,mipSolver,providePrimalBound,infeasibleTerms,feasibleToInfeasibleTerms,infeasibleToFeasibleTerms
0,None,16,608.844340,608.844340,608.844340,11369.417306,11689.000000,11689.000000,0.000034,1.970135,6.704606,24.591153,695,44759,3600.000000,0,0,0,GUROBI,1,0,0,0
1,None,16,1071.844340,1071.844340,1071.844340,11652.413155,12079.000000,12080.000000,0.000002,1.680220,22.819215,22.819480,631,44133,3600.000000,0,0,0,GUROBI,1,0,0,0
2,None,16,651.844340,651.844340,651.844340,11438.691992,11700.000000,11700.000000,0.000003,1.990296,5.227702,18.072030,581,36645,3600.000000,0,0,0,GUROBI,1,0,0,0
3,None,16,639.646226,639.646226,639.646226,11326.444294,11666.000000,11666.000000,0.000002,1.637825,5.700204,22.360880,631,43387,3600.000000,0,0,0,GUROBI,1,0,0,0
