instanceIndex,vpcGenerator,terms,lpBound,disjunctiveDualBound,lpBoundPostVpc,rootDualBound,dualBound,primalBound,vpcGenerationTime,rootDualBoundTime,bestSolutionTime,terminationTime,nodes,iterations,maxTime,actualTerms,numCuts,cutLimit,mipSolver,providePrimalBound,infeasibleTerms,feasibleToInfeasibleTerms,infeasibleToFeasibleTerms
0,New,16,367.757396,371.514793,371.073480,3344.936386,3417.000000,3417.000000,63.449529,65.957284,107.943306,107.943585,642,70461,3600.000000,16,237,341,GUROBI,1,0,0,0
1,New,16,178.483292,276.379358,272.024891,3099.094429,3212.000000,3212.000000,50.642774,52.285543,955.674278,955.674678,105335,3821044,3600.000000,17,203,270,GUROBI,1,2,0,0
2,New,16,108.107650,174.143429,173.925548,3233.312152,3289.000000,3289.000000,61.434098,63.075672,80.237505,82.341966,1209,64699,3600.000000,16,277,277,GUROBI,1,0,0,0
3,New,16,119.511168,161.466118,156.393481,2931.563938,2969.000000,2969.000000,11.264095,12.740444,74.825284,74.825598,10264,252281,3600.000000,16,7,247,GUROBI,1,1,0,0
