instanceIndex,vpcGenerator,terms,lpBound,disjunctiveDualBound,lpBoundPostVpc,rootDualBound,dualBound,primalBound,vpcGenerationTime,rootDualBoundTime,bestSolutionTime,terminationTime,nodes,iterations,maxTime,actualTerms,numCuts,cutLimit,mipSolver,providePrimalBound,infeasibleTerms,feasibleToInfeasibleTerms,infeasibleToFeasibleTerms
0,None,4,-59156.757374,-59156.757374,-59156.757374,-51412.835659,-49716.000000,-49716.000000,0.000033,0.220474,0.374129,1.463260,651,5816,3600.000000,0,0,0,GUROBI,1,0,0,0
1,None,4,-59175.036371,-59175.036371,-59175.036371,-51433.106694,-49742.000000,-49742.000000,0.000002,0.218198,1.704371,1.704513,643,5384,3600.000000,0,0,0,GUROBI,1,0,0,0
2,None,4,-59152.291102,-59152.291102,-59152.291102,-51351.229782,-49687.000000,-49687.000000,0.000002,0.222339,1.946335,1.985715,652,5385,3600.000000,0,0,0,GUROBI,1,0,0,0
3,None,4,-59179.755325,-59179.755325,-59179.755325,-51399.626738,-49742.000000,-49742.000000,0.000002,0.218153,1.827639,1.846960,655,5582,3600.000000,0,0,0,GUROBI,1,0,0,0
