instanceIndex,vpcGenerator,terms,lpBound,disjunctiveDualBound,lpBoundPostVpc,rootDualBound,dualBound,primalBound,vpcGenerationTime,rootDualBoundTime,bestSolutionTime,terminationTime,nodes,iterations,maxTime,actualTerms,numCuts,cutLimit,mipSolver,providePrimalBound,infeasibleTerms,feasibleToInfeasibleTerms,infeasibleToFeasibleTerms
0,New,4,-59156.757374,-58858.753485,-58858.753485,-51291.536196,-49716.000000,-49716.000000,1.200400,1.466974,1.646424,2.685621,636,5293,3600.000000,4,2,75,GUROBI,1,0,0,0
1,New,4,-59156.441328,-58858.437439,-58858.437439,-51459.413742,-49821.622241,-49818.000000,0.188971,0.417656,4.619134,5.170710,2871,42509,3600.000000,4,2,75,GUROBI,1,0,0,0
2,New,4,-59159.251032,-58861.247143,-58861.247143,-52241.735998,-50243.191613,-50239.000000,0.181990,0.314452,10.363005,10.363157,10369,129116,3600.000000,4,2,75,GUROBI,1,0,0,0
3,New,4,-59156.155433,-58858.151544,-58858.151544,-51341.915743,-49716.000000,-49716.000000,0.182391,0.405015,2.038781,2.038933,712,6453,3600.000000,4,2,75,GUROBI,1,0,0,0
