instanceIndex,vpcGenerator,terms,lpBound,disjunctiveDualBound,lpBoundPostVpc,rootDualBound,dualBound,primalBound,vpcGenerationTime,rootDualBoundTime,bestSolutionTime,terminationTime,nodes,iterations,maxTime,actualTerms,numCuts,cutLimit,mipSolver,providePrimalBound,infeasibleTerms,feasibleToInfeasibleTerms,infeasibleToFeasibleTerms
0,None,4,-61651.227098,-61651.227098,-61651.227098,-54592.363314,-52301.000000,-52301.000000,0.000027,0.196958,1.892188,2.278480,1128,19078,3600.000000,0,0,0,GUROBI,1,0,0,0
1,None,4,-61649.387904,-61649.387904,-61649.387904,-55458.047036,-53587.026669,-53394.062453,0.000003,0.174240,342.077015,3600.001641,1567314,19086028,3600.000000,0,0,0,GUROBI,1,0,0,0
2,None,4,-61652.547730,-61652.547730,-61652.547730,-55350.040317,-53598.856656,-53593.499060,0.000002,0.167702,291.262933,647.082441,253728,3885990,3600.000000,0,0,0,GUROBI,1,0,0,0
3,None,4,-61649.161353,-61649.161353,-61649.161353,-55460.810093,-53712.341030,-53706.995977,0.000004,0.308857,50.057324,223.011961,127196,1638712,3600.000000,0,0,0,GUROBI,1,0,0,0
