instanceIndex,vpcGenerator,terms,lpBound,disjunctiveDualBound,lpBoundPostVpc,rootDualBound,dualBound,primalBound,vpcGenerationTime,rootDualBoundTime,bestSolutionTime,terminationTime,nodes,iterations,maxTime,actualTerms,numCuts,cutLimit,mipSolver,providePrimalBound,infeasibleTerms,feasibleToInfeasibleTerms,infeasibleToFeasibleTerms
0,New,64,-60527.437212,-59897.192833,-60004.560480,-53531.236405,-51532.000000,-51532.000000,9.950473,10.099268,11.498940,11.499095,782,6380,3600.000000,108,27,75,GUROBI,1,98,0,0
1,Old,64,-60541.032380,-60070.877348,-60070.877348,-53601.370372,-51532.000000,-51532.000000,77.118778,77.265515,78.747076,78.761850,661,4879,3600.000000,108,54,0,GUROBI,1,8,0,90
2,Old,64,-60513.424701,-60043.717381,-60043.717381,-53567.360025,-51532.000000,-51532.000000,62.957709,63.104704,63.238191,64.236352,632,4571,3600.000000,108,35,0,GUROBI,1,11,0,87
3,Old,64,-60513.386592,-60043.509860,-60043.509860,-53545.398444,-51511.646934,-51508.000000,65.601703,65.738247,67.204568,67.204704,724,5391,3600.000000,108,46,0,GUROBI,1,10,0,88
