instanceIndex,vpcGenerator,terms,lpBound,disjunctiveDualBound,lpBoundPostVpc,rootDualBound,dualBound,primalBound,vpcGenerationTime,rootDualBoundTime,bestSolutionTime,terminationTime,nodes,iterations,maxTime,actualTerms,numCuts,cutLimit,mipSolver,providePrimalBound,infeasibleTerms,feasibleToInfeasibleTerms,infeasibleToFeasibleTerms
0,New,16,-59156.757374,-58519.097962,-58627.635885,-51291.536196,-49716.000000,-49716.000000,5.661054,5.940559,6.895762,6.922757,706,7073,3600.000000,16,62,75,GUROBI,1,6,0,0
1,New,16,-59157.060070,-58520.251247,-58627.930982,-51640.082172,-49690.000000,-49690.000000,4.241897,4.391460,4.486020,5.364863,624,4239,3600.000000,16,62,75,GUROBI,1,6,0,0
2,New,16,-59153.993137,-58516.333725,-58624.871647,-51236.011734,-49692.000000,-49692.000000,4.228285,4.509307,5.956132,5.956276,764,6245,3600.000000,16,62,75,GUROBI,1,6,0,0
3,New,16,-59162.439160,-58524.801284,-58633.339207,-51326.890054,-49754.536273,-49751.000000,3.414281,3.663009,5.094112,5.137379,679,5975,3600.000000,16,55,75,GUROBI,1,6,0,0
