instanceIndex,vpcGenerator,terms,lpBound,disjunctiveDualBound,lpBoundPostVpc,rootDualBound,dualBound,primalBound,vpcGenerationTime,rootDualBoundTime,bestSolutionTime,terminationTime,nodes,iterations,maxTime,actualTerms,numCuts,cutLimit,mipSolver,providePrimalBound,infeasibleTerms,feasibleToInfeasibleTerms,infeasibleToFeasibleTerms
0,New,16,-60527.437212,-59897.192833,-60004.560480,-53531.236405,-51532.000000,-51532.000000,9.831841,9.986613,11.387870,11.388014,782,6380,3600.000000,108,27,75,GUROBI,1,98,0,0
1,New,16,-60525.395220,-59895.163358,-59993.975439,-53525.557704,-51526.000000,-51526.000000,8.988947,9.142030,10.741641,10.747409,721,5572,3600.000000,108,27,75,GUROBI,1,98,0,0
2,New,16,-60531.451194,-59893.206815,-59993.097389,-53534.054085,-51535.000000,-51535.000000,9.825640,9.984706,11.476671,11.488628,727,5597,3600.000000,108,26,75,GUROBI,1,98,0,0
3,New,16,-60531.149916,-59900.965537,-59997.443861,-53533.165768,-51532.000000,-51532.000000,8.906719,9.065582,10.909833,10.920071,759,6061,3600.000000,108,27,75,GUROBI,1,98,0,0
