instanceIndex,vpcGenerator,terms,lpBound,disjunctiveDualBound,lpBoundPostVpc,rootDualBound,dualBound,primalBound,vpcGenerationTime,rootDualBoundTime,bestSolutionTime,terminationTime,nodes,iterations,maxTime,actualTerms,numCuts,cutLimit,mipSolver,providePrimalBound,infeasibleTerms,feasibleToInfeasibleTerms,infeasibleToFeasibleTerms
0,New,16,-60670.366638,-59838.053697,-60275.053697,-53981.580570,-52242.000000,-52242.000000,3.272336,3.531068,3.625417,4.622613,616,4791,3600.000000,16,23,75,GUROBI,1,2,0,0
1,Old,16,-60667.843331,-60500.745647,-60500.745647,-53877.413217,-52434.984654,-52430.000000,1.227377,1.586535,9.483304,10.184150,5040,87416,3600.000000,16,5,0,GUROBI,1,0,0,2
2,Old,16,-60670.852690,-60498.653771,-60498.653771,-53983.303106,-52478.000000,-52478.000000,0.525963,0.757869,2.400063,3.244711,1493,20079,3600.000000,16,2,0,GUROBI,1,0,0,2
3,Old,16,-60669.238456,-60502.564789,-60502.564789,-54564.709463,-52865.352201,-52860.262295,1.551903,1.731072,3.831376,6.412354,3870,46570,3600.000000,16,6,0,GUROBI,1,0,0,2
