instanceIndex,vpcGenerator,terms,lpBound,disjunctiveDualBound,lpBoundPostVpc,rootDualBound,dualBound,primalBound,vpcGenerationTime,rootDualBoundTime,bestSolutionTime,terminationTime,nodes,iterations,maxTime,actualTerms,numCuts,cutLimit,mipSolver,providePrimalBound,infeasibleTerms,feasibleToInfeasibleTerms,infeasibleToFeasibleTerms
0,New,4,-60670.366638,-60412.463697,-60412.463697,-54016.221114,-52242.000000,-52242.000000,1.571760,1.834271,1.912071,3.019499,637,5657,3600.000000,4,24,75,GUROBI,1,0,0,0
1,Old,4,-60697.629026,-60445.534908,-60445.534908,-53933.380456,-52377.802108,-52373.000000,0.131728,0.457136,1.654368,1.654518,1532,18433,3600.000000,4,24,0,GUROBI,1,0,0,0
2,Old,4,-60666.661668,-60578.412334,-60578.412334,-53792.724382,-52191.000000,-52191.000000,0.264559,0.574708,1.734833,1.734978,623,5220,3600.000000,4,42,0,GUROBI,1,0,0,0
3,Old,4,-60687.507028,-60594.517028,-60594.517028,-53951.754512,-52252.000000,-52252.000000,0.238696,0.506062,0.586371,1.505472,625,4716,3600.000000,4,42,0,GUROBI,1,0,0,0
