instanceIndex,vpcGenerator,terms,lpBound,disjunctiveDualBound,lpBoundPostVpc,rootDualBound,dualBound,primalBound,vpcGenerationTime,rootDualBoundTime,bestSolutionTime,terminationTime,nodes,iterations,maxTime,actualTerms,numCuts,cutLimit,mipSolver,providePrimalBound,infeasibleTerms,feasibleToInfeasibleTerms,infeasibleToFeasibleTerms
0,New,4,-827656854.061004,-823510871.338131,-827348251.769828,-811082415.926184,-784380473.639492,-784302337.633173,2.725287,7.649345,169.156268,171.169378,20257,479422,3600.000000,4,1,346,GUROBI,1,0,0,0
2,Old,4,-827656862.860296,-823510880.287775,-825887692.185012,-810528608.523916,-784378976.395132,-784302354.633173,7.762954,11.110339,145.439995,149.344818,19629,509951,3600.000000,4,3,0,GUROBI,1,0,0,0
3,Old,4,-827656863.165818,-823510880.565211,-826558198.552159,-811484041.194114,-784379843.532171,-784302343.633173,3.016868,6.210712,153.063332,153.477305,26324,559352,3600.000000,4,4,0,GUROBI,1,0,0,0
