instanceIndex,vpcGenerator,terms,lpBound,disjunctiveDualBound,lpBoundPostVpc,rootDualBound,dualBound,primalBound,vpcGenerationTime,rootDualBoundTime,bestSolutionTime,terminationTime,nodes,iterations,maxTime,actualTerms,numCuts,cutLimit,mipSolver,providePrimalBound,infeasibleTerms,feasibleToInfeasibleTerms,infeasibleToFeasibleTerms
0,New,4,52000.000000,52000.000000,52000.000000,52000.000000,52200.000000,52200.000000,8.450477,8.768147,10.578268,10.625615,671,3532,3600.000000,4,24,24,GUROBI,1,0,0,0
1,Farkas,4,52000.000000,52000.000000,52000.000000,52000.000000,52200.000000,52200.000000,0.084739,0.395467,2.169751,2.216540,671,3532,3600.000000,4,24,0,GUROBI,1,0,0,0
2,Farkas,4,52200.000000,52200.000000,52200.000000,52200.000000,52200.000000,52200.000000,0.084683,0.084683,0.141163,0.149751,1,507,3600.000000,4,24,0,GUROBI,1,0,0,0
3,Farkas,4,52000.000000,52000.000000,52000.000000,52000.000000,52200.000000,52200.000000,0.085091,0.396046,2.174950,2.222850,671,3532,3600.000000,4,24,0,GUROBI,1,0,0,0
