instanceIndex,vpcGenerator,terms,lpBound,disjunctiveDualBound,lpBoundPostVpc,rootDualBound,dualBound,primalBound,vpcGenerationTime,rootDualBoundTime,bestSolutionTime,terminationTime,nodes,iterations,maxTime,actualTerms,numCuts,cutLimit,mipSolver,providePrimalBound,infeasibleTerms,feasibleToInfeasibleTerms,infeasibleToFeasibleTerms
0,New,16,3801.470588,4603.292220,4321.460578,7461.820904,8104.233375,8105.000000,22.187413,23.803086,55.282613,59.353188,2132,177600,3600.000000,16,35,35,GUROBI,1,0,0,0
1,New,16,-4098851.882353,-4098244.470588,-4098549.587290,-4097393.826924,-4097344.991895,-4097127.000000,29.268068,29.864511,30.122302,30.125008,25,2167,3600.000000,16,24,27,GUROBI,1,0,0,0
2,New,16,-1867414.764706,-1866577.509804,-1867061.677320,-1865599.477045,-1865359.508631,-1865175.000000,31.291376,32.111420,32.481507,34.850293,292,14082,3600.000000,16,25,30,GUROBI,1,0,0,0
3,New,16,-9633975.411765,-9633307.921569,-9633572.177730,-9632204.510731,-9632182.958895,-9631999.000000,27.925100,28.450197,28.625898,28.628659,17,1838,3600.000000,16,16,23,GUROBI,1,0,0,0
