instanceIndex,vpcGenerator,terms,lpBound,disjunctiveDualBound,lpBoundPostVpc,rootDualBound,dualBound,primalBound,vpcGenerationTime,rootDualBoundTime,bestSolutionTime,terminationTime,nodes,iterations,maxTime,actualTerms,numCuts,cutLimit,mipSolver,providePrimalBound,infeasibleTerms,feasibleToInfeasibleTerms,infeasibleToFeasibleTerms
0,None,4,12462.941176,12462.941176,12462.941176,15082.297370,15425.711157,15426.000000,0.000003,1.542939,4.939973,9.854140,388,37974,3600.000000,0,0,0,GUROBI,1,0,0,0
1,None,4,-6993608.039216,-6993608.039216,-6993608.039216,-6992506.215309,-6992472.072616,-6992421.000000,0.000003,0.702144,1.079059,1.082981,15,2490,3600.000000,0,0,0,GUROBI,1,0,0,0
2,None,4,-6952344.509804,-6952344.509804,-6952344.509804,-6950774.470059,-6950736.784988,-6950618.000000,0.000003,1.052697,1.210778,1.211036,12,3014,3600.000000,0,0,0,GUROBI,1,0,0,0
3,None,4,-3705089.607843,-3705089.607843,-3705089.607843,-3703923.902695,-3703886.732014,-3703717.000000,0.000003,0.890691,1.372213,1.376439,19,3141,3600.000000,0,0,0,GUROBI,1,0,0,0
