instanceIndex,vpcGenerator,terms,lpBound,disjunctiveDualBound,lpBoundPostVpc,rootDualBound,dualBound,primalBound,vpcGenerationTime,rootDualBoundTime,bestSolutionTime,terminationTime,nodes,iterations,maxTime,actualTerms,numCuts,cutLimit,mipSolver,providePrimalBound,infeasibleTerms,feasibleToInfeasibleTerms,infeasibleToFeasibleTerms
0,New,64,185.000000,185.000000,185.000000,1453.374809,1459.000000,1459.000000,2.617942,2.725367,3.028179,3.437995,532,3998,3600.000000,64,9,86,GUROBI,1,24,0,0
1,Farkas,64,185.000000,185.000000,185.000000,1453.478507,1459.015625,1459.015625,0.236811,0.344592,0.367669,0.392500,47,795,3600.000000,64,9,0,GUROBI,1,24,0,0
2,Farkas,64,184.992224,185.000000,184.992224,1453.772699,1459.000000,1459.000000,0.234490,0.347773,0.586684,0.599999,419,2470,3600.000000,64,9,0,GUROBI,1,24,0,0
3,Farkas,64,185.140627,185.140627,185.140627,1453.532604,1459.164062,1459.250000,0.238888,0.340776,1.294598,1.296005,546,4692,3600.000000,64,9,0,GUROBI,1,24,0,0
