instanceIndex,vpcGenerator,terms,lpBound,disjunctiveDualBound,lpBoundPostVpc,rootDualBound,dualBound,primalBound,vpcGenerationTime,rootDualBoundTime,bestSolutionTime,terminationTime,nodes,iterations,maxTime,actualTerms,numCuts,cutLimit,mipSolver,providePrimalBound,infeasibleTerms,feasibleToInfeasibleTerms,infeasibleToFeasibleTerms
0,None,64,-14653654.824261,-14653654.824261,-14653654.824261,-14625222.130981,-14612191.918919,-14610731.000000,0.000024,0.335837,61.806072,362.201825,200973,2050846,3600.000000,0,0,0,GUROBI,1,0,0,0
1,None,64,-5038543.359752,-5038543.359752,-5038543.359752,-5028555.316808,-5011534.047016,-5011084.580706,0.000003,0.361858,3.808478,4.226794,1742,26225,3600.000000,0,0,0,GUROBI,1,0,0,0
2,None,64,-11345827.005982,-11345827.005982,-11345827.005982,-11079432.965306,-10880624.818278,-10879538.358253,0.000003,0.496513,14.584350,17.978903,8979,125604,3600.000000,0,0,0,GUROBI,1,0,0,0
3,None,64,-13678429.798156,-13678429.798156,-13678429.798156,-13587582.170914,-13395224.388587,-13393902.659719,0.000003,0.381288,4.341221,6.463588,2803,43085,3600.000000,0,0,0,GUROBI,1,0,0,0
