instanceIndex,vpcGenerator,terms,lpBound,disjunctiveDualBound,lpBoundPostVpc,rootDualBound,dualBound,primalBound,vpcGenerationTime,rootDualBoundTime,bestSolutionTime,terminationTime,nodes,iterations,maxTime,actualTerms,numCuts,cutLimit,mipSolver,providePrimalBound,infeasibleTerms,feasibleToInfeasibleTerms,infeasibleToFeasibleTerms
0,None,64,4.500000,4.500000,4.500000,4.500000,7.000000,8.000000,0.000003,6.641823,8.573952,3600.005793,681611,35519423,3600.000000,0,0,0,GUROBI,1,0,0,0
1,None,64,4.437500,4.437500,4.437500,4.575000,7.000000,7.875000,0.000003,7.206667,9.882501,3600.007958,299346,18231219,3600.000000,0,0,0,GUROBI,1,0,0,0
2,None,64,4.500000,4.500000,4.500000,4.500000,6.500000,8.000000,0.000003,13.493048,17.718214,3600.010125,212572,14218858,3600.000000,0,0,0,GUROBI,1,0,0,0
3,None,64,4.375000,4.375000,4.375000,4.812500,6.875000,7.750000,0.000003,9.770241,33.727368,3600.009772,120339,13255552,3600.000000,0,0,0,GUROBI,1,0,0,0
