instanceIndex,vpcGenerator,terms,lpBound,disjunctiveDualBound,lpBoundPostVpc,rootDualBound,dualBound,primalBound,vpcGenerationTime,rootDualBoundTime,bestSolutionTime,terminationTime,nodes,iterations,maxTime,actualTerms,numCuts,cutLimit,mipSolver,providePrimalBound,infeasibleTerms,feasibleToInfeasibleTerms,infeasibleToFeasibleTerms
0,New,64,6519541.944917,6528425.806386,6519541.944917,11486166.666274,11490583.921280,11490666.666634,12.579951,13.330457,14.268352,18.532325,580,52171,3600.000000,64,2,202,GUROBI,1,37,0,0
1,Old,64,6105527.618153,6118217.313710,6105608.481993,10936929.396804,10940505.152599,10940626.302975,7.834649,8.579870,3349.467207,3349.519094,334218,20403557,3600.000000,64,5,0,GUROBI,1,37,0,0
2,Old,64,6040192.613528,6048150.720290,6044101.251996,10919432.995807,10924181.689532,10924209.333301,9.338046,10.085886,11.058263,13.522286,533,18479,3600.000000,64,3,0,GUROBI,1,37,0,0
3,Old,64,6384204.058328,6393517.949092,6384485.639287,11290014.617492,11294251.775124,11294614.835608,6.999158,7.666849,176.955297,176.956889,25506,866477,3600.000000,64,3,0,GUROBI,1,37,0,0
