instanceIndex,vpcGenerator,terms,lpBound,disjunctiveDualBound,lpBoundPostVpc,rootDualBound,dualBound,primalBound,vpcGenerationTime,rootDualBoundTime,bestSolutionTime,terminationTime,nodes,iterations,maxTime,actualTerms,numCuts,cutLimit,mipSolver,providePrimalBound,infeasibleTerms,feasibleToInfeasibleTerms,infeasibleToFeasibleTerms
0,None,64,3175561447.505317,3175561447.505317,3175561447.505317,3179698976.999958,3179698976.999958,3179698977.000000,0.000031,0.004687,0.000031,0.005050,1,24,3600.000000,0,0,0,GUROBI,1,0,0,0
1,None,64,3175546754.332823,3175546754.332823,3175546754.332823,3179684282.999958,3179684282.999958,3179684283.000000,0.000027,0.004900,0.000027,0.005304,1,26,3600.000000,0,0,0,GUROBI,1,0,0,0
2,None,64,3175574257.505317,3175574257.505317,3175574257.505317,3179717449.999958,3179717449.999958,3179717450.000000,0.000027,0.004712,0.000027,0.005127,1,26,3600.000000,0,0,0,GUROBI,1,0,0,0
3,None,64,3175540026.177811,3175540026.177811,3175540026.177811,3179596006.999959,3179596006.999959,3179596007.000000,0.000025,0.004797,0.000025,0.005219,1,26,3600.000000,0,0,0,GUROBI,1,0,0,0
