instanceIndex,vpcGenerator,terms,lpBound,disjunctiveDualBound,lpBoundPostVpc,rootDualBound,dualBound,primalBound,vpcGenerationTime,rootDualBoundTime,bestSolutionTime,terminationTime,nodes,iterations,maxTime,actualTerms,numCuts,cutLimit,mipSolver,providePrimalBound,infeasibleTerms,feasibleToInfeasibleTerms,infeasibleToFeasibleTerms
0,None,16,23.260000,23.260000,23.260000,23.260000,54.760000,54.760000,0.000033,0.417305,53.607961,197.813692,326131,2106182,3600.000000,0,0,0,GUROBI,1,0,0,0
1,None,16,0.000000,0.000000,0.000000,0.000000,20.283333,20.283333,0.000002,0.312392,3.449224,3.449453,552,23253,3600.000000,0,0,0,GUROBI,1,0,0,0
2,None,16,0.000000,0.000000,0.000000,0.000000,24.520000,24.520000,0.000003,0.351489,23.826372,23.826536,16718,197796,3600.000000,0,0,0,GUROBI,1,0,0,0
3,None,16,0.000000,0.000000,0.000000,25.103874,28.440000,28.440000,0.000003,0.676456,4.678557,4.678697,713,22272,3600.000000,0,0,0,GUROBI,1,0,0,0
