instanceIndex,vpcGenerator,terms,lpBound,disjunctiveDualBound,lpBoundPostVpc,rootDualBound,dualBound,primalBound,vpcGenerationTime,rootDualBoundTime,bestSolutionTime,terminationTime,nodes,iterations,maxTime,actualTerms,numCuts,cutLimit,mipSolver,providePrimalBound,infeasibleTerms,feasibleToInfeasibleTerms,infeasibleToFeasibleTerms
0,None,4,46.441955,46.441955,46.441955,47.152208,49.000000,49.000000,0.000027,0.223424,0.364609,0.584892,270,5084,3600.000000,0,0,0,GUROBI,1,0,0,0
1,None,4,46.341677,46.341677,46.341677,47.478384,48.860000,48.860000,0.000002,0.348451,0.697051,2.502365,1783,24617,3600.000000,0,0,0,GUROBI,1,0,0,0
2,None,4,46.441955,46.441955,46.441955,47.273466,48.953516,48.953516,0.000003,0.247462,1.785771,2.923908,1453,25367,3600.000000,0,0,0,GUROBI,1,0,0,0
3,None,4,46.457122,46.457122,46.457122,47.207447,48.997031,49.000000,0.000003,0.228296,1.465157,4.724905,2389,45163,3600.000000,0,0,0,GUROBI,1,0,0,0
