instanceIndex,vpcGenerator,terms,lpBound,disjunctiveDualBound,lpBoundPostVpc,rootDualBound,dualBound,primalBound,vpcGenerationTime,rootDualBoundTime,bestSolutionTime,terminationTime,nodes,iterations,maxTime,actualTerms,numCuts,cutLimit,mipSolver,providePrimalBound,infeasibleTerms,feasibleToInfeasibleTerms,infeasibleToFeasibleTerms
0,None,16,0.000000,0.000000,0.000000,0.000000,4.792456,4.792500,0.000014,0.244033,172.602485,867.803500,873301,11370966,3600.000000,0,0,0,GUROBI,1,0,0,0
1,None,16,-0.000122,-0.000122,-0.000122,-0.000122,4.792378,4.792500,0.000005,0.222528,440.145168,440.180320,363022,5615297,3600.000000,0,0,0,GUROBI,1,0,0,0
2,None,16,-0.000366,-0.000366,-0.000366,0.000000,4.792330,4.792378,0.000002,0.220529,37.392106,390.334174,380325,5224457,3600.000000,0,0,0,GUROBI,1,0,0,0
3,None,16,0.000000,0.000000,0.000000,0.000000,4.792500,4.792500,0.000005,0.252241,382.254506,473.656634,404650,6234521,3600.000000,0,0,0,GUROBI,1,0,0,0
