instanceIndex,vpcGenerator,terms,lpBound,disjunctiveDualBound,lpBoundPostVpc,rootDualBound,dualBound,primalBound,vpcGenerationTime,rootDualBoundTime,bestSolutionTime,terminationTime,nodes,iterations,maxTime,actualTerms,numCuts,cutLimit,mipSolver,providePrimalBound,infeasibleTerms,feasibleToInfeasibleTerms,infeasibleToFeasibleTerms
0,None,16,8877.000000,8877.000000,8877.000000,10488.000000,14392.000000,14393.000000,0.000021,0.124527,4.039973,2737.233333,4196905,27595743,3600.000000,0,0,0,GUROBI,1,0,0,0
1,None,16,8839.738095,8839.738095,8839.738095,10377.203704,14039.464286,14374.000000,0.000001,0.201888,1344.031181,3600.001207,4658307,30286406,3600.000000,0,0,0,GUROBI,1,0,0,0
2,None,16,8853.238095,8853.238095,8853.238095,9944.738095,13410.742857,14397.000000,0.000005,0.078255,22.047094,3600.001108,2836020,17372154,3600.000000,0,0,0,GUROBI,1,0,0,0
3,None,16,8861.071429,8861.071429,8861.071429,10114.750000,13485.750000,14388.000000,0.000002,0.170271,647.336383,3600.001293,2780491,17189095,3600.000000,0,0,0,GUROBI,1,0,0,0
