instanceIndex,vpcGenerator,terms,lpBound,disjunctiveDualBound,lpBoundPostVpc,rootDualBound,dualBound,primalBound,vpcGenerationTime,rootDualBoundTime,bestSolutionTime,terminationTime,nodes,iterations,maxTime,actualTerms,numCuts,cutLimit,mipSolver,providePrimalBound,infeasibleTerms,feasibleToInfeasibleTerms,infeasibleToFeasibleTerms
0,New,16,6.727060,6.771598,6.771598,18.843897,23.309770,24.785775,7.095305,14.337683,3607.096881,3607.097272,21104,6537249,3600.000000,16,15,15,GUROBI,1,7,0,0
1,New,16,6.727060,6.771595,6.771595,18.216927,22.766728,24.785820,13.319463,20.505146,3613.320819,3613.321195,29593,6903508,3600.000000,39,15,15,GUROBI,1,30,0,0
2,New,16,6.727060,6.771598,6.765237,18.595914,23.844193,24.785785,7.341938,13.878926,3607.343027,3607.343413,20378,5703588,3600.000000,16,15,15,GUROBI,1,7,0,0
3,New,16,6.727060,6.771598,6.771597,18.573417,22.913027,24.785820,9.309920,16.823657,3609.316129,3609.316538,44693,8523357,3600.000000,29,15,15,GUROBI,1,20,0,0
