instanceIndex,vpcGenerator,terms,lpBound,disjunctiveDualBound,lpBoundPostVpc,rootDualBound,dualBound,primalBound,vpcGenerationTime,rootDualBoundTime,bestSolutionTime,terminationTime,nodes,iterations,maxTime,actualTerms,numCuts,cutLimit,mipSolver,providePrimalBound,infeasibleTerms,feasibleToInfeasibleTerms,infeasibleToFeasibleTerms
0,New,16,141.886250,142.486875,141.917188,146.925379,148.000000,148.000000,2.189918,2.479169,2.189918,2.483558,3,1132,3600.000000,16,3,33,GUROBI,1,6,0,0
1,New,16,141.898125,142.894688,141.927080,146.442468,148.000000,148.000000,1.345216,1.607070,1.679425,1.699998,72,1805,3600.000000,18,3,35,GUROBI,1,8,0,0
2,New,16,141.948750,142.549375,141.979687,146.719657,148.000000,148.000000,1.125105,1.409973,1.439654,1.444485,35,1335,3600.000000,17,3,32,GUROBI,1,7,0,0
3,New,16,141.855000,142.880000,141.855000,146.694759,148.000000,148.000000,4.202381,4.450966,4.487678,4.494151,40,1287,3600.000000,19,34,34,GUROBI,1,6,0,0
