instanceIndex,vpcGenerator,terms,lpBound,disjunctiveDualBound,lpBoundPostVpc,rootDualBound,dualBound,primalBound,vpcGenerationTime,rootDualBoundTime,bestSolutionTime,terminationTime,nodes,iterations,maxTime,actualTerms,numCuts,cutLimit,mipSolver,providePrimalBound,infeasibleTerms,feasibleToInfeasibleTerms,infeasibleToFeasibleTerms
0,None,64,87.576118,87.576118,87.576118,89.370507,91.000000,91.000000,0.000003,2.980407,20.920621,20.920957,648,37863,3600.000000,0,0,0,GUROBI,1,0,0,0
1,None,64,87.972319,87.972319,87.972319,90.075639,92.000000,92.000000,0.000003,2.638564,22.217554,23.590918,656,43954,3600.000000,0,0,0,GUROBI,1,0,0,0
2,None,64,90.150789,90.150789,90.150789,91.675952,93.000000,93.000000,0.000003,2.639905,0.000003,2.805022,5,2961,3600.000000,0,0,0,GUROBI,1,0,0,0
3,None,64,87.576118,87.576118,87.576118,89.370507,91.000000,91.000000,0.000002,2.982351,20.228942,20.229280,648,37863,3600.000000,0,0,0,GUROBI,1,0,0,0
