instanceIndex,seedIndex,vpcGenerator,terms,lpBound,disjunctiveDualBound,lpBoundPostVpc,rootDualBound,dualBound,primalBound,vpcGenerationTime,rootDualBoundTime,bestSolutionTime,terminationTime,nodes,iterations,maxTime,actualTerms,numCuts,cutLimit,mipSolver,providePrimalBound,infeasibleTerms,feasibleToInfeasibleTerms,infeasibleToFeasibleTerms,termRemainsFeasibleBasisInfeasible,cutsChangedCoefficients,feasibleTermsPrunedByBound,tighten_disjunction,tighten_matrix_perturbation,tighten_infeasible_to_feasible_term,tighten_feasible_to_infeasible_basis
0,0,None,64,60224.082818,60224.082818,60224.082818,64730.739023,64823.728573,64829.590000,0.000002,1.311898,2.181874,2.611312,205,7187,3600.000000,0,0,0,GUROBI,1,0,0,0,0,0,0,0,0,0,0
1,0,None,64,62853.899177,62853.899177,62853.899177,67441.029047,67453.727754,67456.177000,0.000003,1.336237,2.964269,2.965926,199,7707,3600.000000,0,0,0,GUROBI,1,0,0,0,0,0,0,0,0,0,0
2,0,None,64,60318.285085,60318.285085,60318.285085,64762.039895,64856.976547,64863.420000,0.000002,1.527212,2.258621,2.266134,95,5222,3600.000000,0,0,0,GUROBI,1,0,0,0,0,0,0,0,0,0,0
3,0,None,64,60224.082818,60224.082818,60224.082818,64730.739023,64823.728573,64829.590000,0.000002,1.294529,2.163292,2.596249,205,7187,3600.000000,0,0,0,GUROBI,1,0,0,0,0,0,0,0,0,0,0
