instanceIndex,vpcGenerator,terms,lpBound,disjunctiveDualBound,lpBoundPostVpc,rootDualBound,dualBound,primalBound,vpcGenerationTime,rootDualBoundTime,bestSolutionTime,terminationTime,nodes,iterations,maxTime,actualTerms,numCuts,cutLimit,mipSolver,providePrimalBound,infeasibleTerms,feasibleToInfeasibleTerms,infeasibleToFeasibleTerms
0,New,4,6.727060,6.771595,6.771595,18.433552,23.979291,24.785775,2.593121,9.221168,3547.163503,3602.595051,23491,6390671,3600.000000,4,15,15,GUROBI,1,0,0,0
1,New,4,5.229925,5.452056,5.321335,14.037587,19.456108,20.478700,3.330847,6.713444,3365.967037,3603.335871,34638,7234995,3600.000000,4,7,10,GUROBI,1,0,0,0
2,New,4,5.989626,6.034161,5.989626,16.210811,18.836844,18.837189,2.453836,6.757273,186.728579,186.729281,1726,260764,3600.000000,4,13,13,GUROBI,1,0,0,0
3,New,4,5.532246,5.946456,5.819299,15.801211,20.185722,20.785830,3.205649,8.605683,2295.778342,3603.211104,52624,7818141,3600.000000,4,13,13,GUROBI,1,0,0,0
