instanceIndex,seedIndex,vpcGenerator,terms,lpBound,disjunctiveDualBound,lpBoundPostVpc,rootDualBound,dualBound,primalBound,vpcGenerationTime,rootDualBoundTime,bestSolutionTime,terminationTime,nodes,iterations,maxTime,actualTerms,numCuts,cutLimit,mipSolver,providePrimalBound,infeasibleTerms,feasibleToInfeasibleTerms,infeasibleToFeasibleTerms,termRemainsFeasibleBasisInfeasible,cutsChangedCoefficients,feasibleTermsPrunedByBound,tighten_disjunction,tighten_matrix_perturbation,tighten_infeasible_to_feasible_term,tighten_feasible_to_infeasible_basis
0,0,New,64,1209900.000000,1213800.000000,1209900.000000,1231200.000000,1232700.000000,1232700.000000,110.988491,113.643448,110.988491,113.644756,1,6559,3600.000000,64,15,126,GUROBI,1,42,0,0,0,0,0,0,0,0,0
1,0,All,64,1208465.200000,1212273.375000,1208465.200000,1229601.300000,1231065.000000,1231071.999991,7.293301,8.477807,12.287536,12.340566,123,5539,3600.000000,64,15,0,GUROBI,1,42,0,0,0,0,0,1,1,1,1
2,0,All,64,1209123.200000,1212907.550000,1209123.200000,1230329.266666,1231818.833333,1231821.000000,7.104553,8.639939,7.104553,8.726774,2,4206,3600.000000,64,15,0,GUROBI,1,42,0,0,0,0,0,1,1,1,1
3,0,All,64,1208559.100000,1212254.566667,1208559.100000,1228809.686538,1231109.500000,1231119.000000,7.092201,8.785402,10.211593,18.859859,515,13087,3600.000000,64,15,0,GUROBI,1,42,0,0,0,0,0,1,1,1,1
