instanceIndex,vpcGenerator,terms,lpBound,disjunctiveDualBound,lpBoundPostVpc,rootDualBound,dualBound,primalBound,vpcGenerationTime,rootDualBoundTime,bestSolutionTime,terminationTime,nodes,iterations,maxTime,actualTerms,numCuts,cutLimit,mipSolver,providePrimalBound,infeasibleTerms,feasibleToInfeasibleTerms,infeasibleToFeasibleTerms
0,None,64,4.500000,4.500000,4.500000,4.500000,7.000000,8.000000,0.000003,6.639360,8.542354,3600.010589,413227,23689164,3600.000000,0,0,0,GUROBI,1,0,0,0
1,None,64,4.500000,4.500000,4.500000,4.500000,7.000000,8.000000,0.000003,12.547617,18.427857,3600.006852,250206,17805057,3600.000000,0,0,0,GUROBI,1,0,0,0
2,None,64,4.500000,4.500000,4.500000,4.625000,8.000000,8.000000,0.000003,23.817177,26.397772,2473.490431,98883,12062191,3600.000000,0,0,0,GUROBI,1,0,0,0
3,None,64,4.500000,4.500000,4.500000,5.000000,7.000000,8.000000,0.000004,15.160909,19.243105,3600.005155,285921,20090234,3600.000000,0,0,0,GUROBI,1,0,0,0
