instanceIndex,vpcGenerator,terms,lpBound,disjunctiveDualBound,lpBoundPostVpc,rootDualBound,dualBound,primalBound,vpcGenerationTime,rootDualBoundTime,bestSolutionTime,terminationTime,nodes,iterations,maxTime,actualTerms,numCuts,cutLimit,mipSolver,providePrimalBound,infeasibleTerms,feasibleToInfeasibleTerms,infeasibleToFeasibleTerms
0,New,16,429.000000,429.000000,429.000000,443.795455,446.000000,446.000000,2.260283,2.367700,2.260283,2.370284,1,853,3600.000000,29,20,91,GUROBI,1,20,0,0
1,New,16,433.000000,433.000000,433.000000,444.411240,459.000000,459.000000,0.324794,0.570283,14.857330,15.168273,4957,155165,3600.000000,17,2,92,GUROBI,1,8,0,0
2,New,16,431.000000,431.000000,431.000000,446.000000,450.000000,450.000000,1.006875,1.239696,7.954489,8.382838,3056,81616,3600.000000,18,25,80,GUROBI,1,8,0,0
3,New,16,423.000000,423.000000,423.000000,442.000000,445.000000,445.000000,0.550328,0.743479,14.819557,33.897989,5444,437060,3600.000000,20,9,100,GUROBI,1,11,0,0
