instanceIndex,seedIndex,vpcGenerator,terms,lpBound,disjunctiveDualBound,lpBoundPostVpc,rootDualBound,dualBound,primalBound,vpcGenerationTime,rootDualBoundTime,bestSolutionTime,terminationTime,nodes,iterations,maxTime,actualTerms,numCuts,cutLimit,mipSolver,providePrimalBound,infeasibleTerms,feasibleToInfeasibleTerms,infeasibleToFeasibleTerms,termRemainsFeasibleBasisInfeasible,cutsChangedCoefficients,feasibleTermsPrunedByBound,tighten_disjunction,tighten_matrix_perturbation,tighten_infeasible_to_feasible_term,tighten_feasible_to_infeasible_basis
0,0,New,4,-18902.810023,-18809.259984,-18832.721713,-18131.343900,-17905.000000,-17905.000000,4030.546648,4041.106275,4132.217964,4132.385733,872,223615,3600.000000,4,169,850,GUROBI,1,0,0,0,0,0,0,0,0,0,0
1,0,All,4,-18904.539790,-18811.210876,-18834.704036,-18103.348890,-17906.000000,-17906.000000,0.395612,11.979004,14.683964,14.684619,37,19300,3600.000000,4,169,0,GUROBI,1,0,0,0,0,0,0,1,1,1,1
2,0,All,4,-18905.164206,-18810.966458,-18834.309891,-18143.249732,-17907.000000,-17907.000000,0.392814,10.137963,10.711627,13.175877,57,18887,3600.000000,4,169,0,GUROBI,1,0,0,0,0,0,0,1,1,1,1
3,0,All,4,-18904.880585,-18811.725835,-18835.043070,-18117.537080,-17909.000000,-17909.000000,0.391257,14.167974,17.509268,17.509919,58,20725,3600.000000,4,169,0,GUROBI,1,0,0,0,0,0,0,1,1,1,1
