instanceIndex,vpcGenerator,terms,lpBound,disjunctiveDualBound,lpBoundPostVpc,rootDualBound,dualBound,primalBound,vpcGenerationTime,rootDualBoundTime,bestSolutionTime,terminationTime,nodes,iterations,maxTime,actualTerms,numCuts,cutLimit,mipSolver,providePrimalBound,infeasibleTerms,feasibleToInfeasibleTerms,infeasibleToFeasibleTerms
0,New,4,-18902.810023,-18809.259984,-18832.734692,-18121.612475,-17905.000000,-17905.000000,3987.505658,3998.695292,4065.552904,4065.553323,686,153717,3600.000000,4,196,850,GUROBI,1,0,0,0
1,Old,4,-18904.539790,-18811.210876,-18844.289778,-18106.727680,-17906.000000,-17906.000000,3618.348338,3629.841856,3633.159198,3633.159622,51,21002,3600.000000,4,171,0,GUROBI,1,0,0,0
2,Old,4,-18905.164206,-18810.966458,-18834.670648,-18129.457948,-17907.000000,-17907.000000,3606.341961,3617.493845,3617.835027,3621.717426,94,21340,3600.000000,4,183,0,GUROBI,1,0,0,0
3,Old,4,-18904.880585,-18811.725835,-18835.326673,-18128.727448,-17909.000000,-17909.000000,3611.575945,3621.420422,3696.301504,3696.360162,726,166385,3600.000000,4,151,0,GUROBI,1,0,0,0
