instanceIndex,vpcGenerator,terms,lpBound,disjunctiveDualBound,lpBoundPostVpc,rootDualBound,dualBound,primalBound,vpcGenerationTime,rootDualBoundTime,bestSolutionTime,terminationTime,nodes,iterations,maxTime,actualTerms,numCuts,cutLimit,mipSolver,providePrimalBound,infeasibleTerms,feasibleToInfeasibleTerms,infeasibleToFeasibleTerms
0,None,64,6519541.944917,6519541.944917,6519541.944917,11486166.665992,11490666.666274,11490666.666274,0.000031,0.710246,5.160011,28.149622,10216,238360,3600.000000,0,0,0,GUROBI,1,0,0,0
1,None,64,5353584.493640,5353584.493640,5353584.493640,8643515.516162,8800541.407773,8801122.714562,0.000002,0.389078,3.766260,3.766402,859,19386,3600.000000,0,0,0,GUROBI,1,0,0,0
2,None,64,4540142.549009,4540142.549009,4540142.549009,8445576.447064,8467949.574562,8468368.773852,0.000001,0.381448,24.389821,24.390068,4783,148438,3600.000000,0,0,0,GUROBI,1,0,0,0
3,None,64,4495546.940415,4495546.940415,4495546.940415,8658771.855918,8734054.556312,8734063.888688,0.000002,0.627005,28.474118,28.476839,5272,200412,3600.000000,0,0,0,GUROBI,1,0,0,0
