instanceIndex,vpcGenerator,terms,lpBound,disjunctiveDualBound,lpBoundPostVpc,rootDualBound,dualBound,primalBound,vpcGenerationTime,rootDualBoundTime,bestSolutionTime,terminationTime,nodes,iterations,maxTime,actualTerms,numCuts,cutLimit,mipSolver,providePrimalBound,infeasibleTerms,feasibleToInfeasibleTerms,infeasibleToFeasibleTerms
0,None,4,31235.742857,31235.742857,31235.742857,32050.600000,32075.600000,32075.600000,0.000004,0.594924,0.000004,0.602360,1,363,3600.000000,0,0,0,GUROBI,1,0,0,0
1,None,4,31741.742857,31741.742857,31741.742857,32287.600000,32487.600000,32487.600000,0.000003,0.472608,0.000003,0.479175,1,350,3600.000000,0,0,0,GUROBI,1,0,0,0
2,None,4,31235.742857,31235.742857,31235.742857,31952.100000,32075.600000,32075.600000,0.000003,0.670886,0.000003,0.677153,1,375,3600.000000,0,0,0,GUROBI,1,0,0,0
3,None,4,31235.742857,31235.742857,31235.742857,31955.600000,32075.600000,32075.600000,0.000003,0.638479,0.000003,0.645548,1,425,3600.000000,0,0,0,GUROBI,1,0,0,0
