instanceIndex,vpcGenerator,terms,lpBound,disjunctiveDualBound,lpBoundPostVpc,rootDualBound,dualBound,primalBound,vpcGenerationTime,rootDualBoundTime,bestSolutionTime,terminationTime,nodes,iterations,maxTime,actualTerms,numCuts,cutLimit,mipSolver,providePrimalBound,infeasibleTerms,feasibleToInfeasibleTerms,infeasibleToFeasibleTerms
0,New,4,-18902.810023,-18809.259984,-18837.374521,-18132.845419,-17905.000000,-17905.000000,3963.844067,3973.856100,3977.346143,3977.346578,76,20016,3600.000000,4,163,850,GUROBI,1,0,0,0
1,Old,4,-19064.217727,-19051.485948,-19052.295141,-18152.046058,-17905.000000,-17905.000000,4214.811222,4226.043288,4354.923194,4354.923637,1158,285804,3600.000000,4,208,0,GUROBI,1,0,0,0
3,Old,4,-19189.582833,-19177.286406,-19179.054005,-18170.371059,-17851.000000,-17850.000000,3644.770881,3655.612447,3698.164163,3698.164600,711,131729,3600.000000,4,171,0,GUROBI,1,0,0,0
