instanceIndex,vpcGenerator,terms,lpBound,disjunctiveDualBound,lpBoundPostVpc,rootDualBound,dualBound,primalBound,vpcGenerationTime,rootDualBoundTime,bestSolutionTime,terminationTime,nodes,iterations,maxTime,actualTerms,numCuts,cutLimit,mipSolver,providePrimalBound,infeasibleTerms,feasibleToInfeasibleTerms,infeasibleToFeasibleTerms
0,None,64,618.670516,618.670516,618.670516,1921.407811,2999.909750,3000.047222,0.000002,2.703959,52.606641,78.586530,2850,481961,3600.000000,0,0,0,GUROBI,1,0,0,0
1,None,64,2125.168128,2125.168128,2125.168128,2474.567118,3000.045774,3000.050893,0.000003,1.081158,0.000003,1.615782,2,6644,3600.000000,0,0,0,GUROBI,1,0,0,0
2,None,64,3000.045705,3000.045705,3000.045705,3000.051308,3800.048893,3800.050376,0.000002,0.346798,0.669416,0.718235,90,4193,3600.000000,0,0,0,GUROBI,1,0,0,0
