instanceIndex,vpcGenerator,terms,lpBound,disjunctiveDualBound,lpBoundPostVpc,rootDualBound,dualBound,primalBound,vpcGenerationTime,rootDualBoundTime,bestSolutionTime,terminationTime,nodes,iterations,maxTime,actualTerms,numCuts,cutLimit,mipSolver,providePrimalBound,infeasibleTerms,feasibleToInfeasibleTerms,infeasibleToFeasibleTerms
0,None,64,34.289167,34.289167,34.289167,35.982040,37.000000,37.000000,0.000015,0.201342,0.000015,0.205326,3,552,3600.000000,0,0,0,GUROBI,1,0,0,0
1,None,64,34.277538,34.277538,34.277538,35.335277,37.000000,37.000000,0.000003,0.140836,0.244513,0.440601,345,3268,3600.000000,0,0,0,GUROBI,1,0,0,0
2,None,64,34.181850,34.181850,34.181850,35.885625,37.000000,37.000000,0.000002,0.249244,0.291912,0.300452,76,1031,3600.000000,0,0,0,GUROBI,1,0,0,0
3,None,64,34.433633,34.433633,34.433633,35.344852,37.000000,37.000000,0.000002,0.187980,0.209509,0.487124,295,3008,3600.000000,0,0,0,GUROBI,1,0,0,0
