instanceIndex,seedIndex,vpcGenerator,terms,lpBound,disjunctiveDualBound,lpBoundPostVpc,rootDualBound,dualBound,primalBound,vpcGenerationTime,rootDualBoundTime,bestSolutionTime,terminationTime,nodes,iterations,maxTime,actualTerms,numCuts,cutLimit,mipSolver,providePrimalBound,infeasibleTerms,feasibleToInfeasibleTerms,infeasibleToFeasibleTerms,termRemainsFeasibleBasisInfeasible,cutsChangedCoefficients,feasibleTermsPrunedByBound,tighten_disjunction,tighten_matrix_perturbation,tighten_infeasible_to_feasible_term,tighten_feasible_to_infeasible_basis
0,0,New,4,10593526.000000,10593526.000000,10593526.000000,11466225.835707,11806517.627830,11807698.000000,1.492688,2.178171,126.150688,217.994820,90695,1340218,3600.000000,4,3,142,GUROBI,1,0,0,0,0,0,0,0,0,0,0
1,0,Matrix,4,10593754.312500,10593754.312500,10593754.312500,11505183.349740,11806519.098392,11807698.000000,0.012177,0.769978,99.177970,134.456088,41712,743246,3600.000000,4,3,0,GUROBI,1,0,0,0,0,0,0,0,1,0,0
2,0,Matrix,4,10583029.750000,10583029.750000,10583029.750000,11487518.809463,11806517.481721,11807698.000000,0.012693,0.779926,49.471873,75.886987,23513,385940,3600.000000,4,3,0,GUROBI,1,0,0,0,0,0,0,0,1,0,0
3,0,Matrix,4,10594154.687500,10594154.687500,10594154.687500,11487239.400513,11808077.538855,11809255.437500,0.009771,0.727890,268.241315,268.241658,98061,1800407,3600.000000,4,3,0,GUROBI,1,0,0,0,0,0,0,0,1,0,0
