instanceIndex,vpcGenerator,terms,lpBound,disjunctiveDualBound,lpBoundPostVpc,rootDualBound,dualBound,primalBound,vpcGenerationTime,rootDualBoundTime,bestSolutionTime,terminationTime,nodes,iterations,maxTime,actualTerms,numCuts,cutLimit,mipSolver,providePrimalBound,infeasibleTerms,feasibleToInfeasibleTerms,infeasibleToFeasibleTerms
0,New,4,23.260000,23.260000,23.260000,23.260000,54.760000,54.760000,2.484647,2.905402,35.455456,162.650486,146209,1629018,3600.000000,4,22,43,GUROBI,1,0,0,0
1,New,4,0.000000,0.000000,0.000000,0.000000,20.283333,20.283333,4.305179,4.596725,20.535840,20.535982,15303,174048,3600.000000,4,4,53,GUROBI,1,0,0,0
2,New,4,0.000000,0.000000,0.000000,0.000000,24.520000,24.520000,0.923631,1.237077,25.834185,25.834331,16432,197374,3600.000000,4,3,67,GUROBI,1,0,0,0
3,New,4,0.000000,0.000000,0.000000,25.454362,28.440000,28.440000,4.148926,4.970713,9.364366,9.366232,632,24738,3600.000000,4,28,58,GUROBI,1,0,0,0
