instanceIndex,vpcGenerator,terms,lpBound,disjunctiveDualBound,lpBoundPostVpc,rootDualBound,dualBound,primalBound,vpcGenerationTime,rootDualBoundTime,bestSolutionTime,terminationTime,nodes,iterations,maxTime,actualTerms,numCuts,cutLimit,mipSolver,providePrimalBound,infeasibleTerms,feasibleToInfeasibleTerms,infeasibleToFeasibleTerms
0,New,4,103.403157,104.425461,103.637052,113.134636,119.000000,119.000000,1.640548,1.776531,3.329322,3.461707,1139,15900,3600.000000,4,13,28,GUROBI,1,0,0,0
1,New,4,103.583787,104.110215,103.680796,113.986201,119.000000,119.000000,0.407311,0.644213,1.240340,1.398888,784,11267,3600.000000,4,17,27,GUROBI,1,0,0,0
2,New,4,103.712750,104.734408,103.915054,115.160971,119.000000,119.000000,0.197751,0.361375,0.425399,0.720167,362,5865,3600.000000,4,4,28,GUROBI,1,0,0,0
3,New,4,103.494543,104.425461,103.700010,114.857093,119.000000,119.000000,0.222038,0.412128,1.450258,1.470935,571,8310,3600.000000,4,5,27,GUROBI,1,0,0,0
