instanceIndex,vpcGenerator,terms,lpBound,disjunctiveDualBound,lpBoundPostVpc,rootDualBound,dualBound,primalBound,vpcGenerationTime,rootDualBoundTime,bestSolutionTime,terminationTime,nodes,iterations,maxTime,actualTerms,numCuts,cutLimit,mipSolver,providePrimalBound,infeasibleTerms,feasibleToInfeasibleTerms,infeasibleToFeasibleTerms
0,New,64,-632.858549,-620.053765,-628.654265,12.645742,59.884347,59.885000,12.173135,12.692270,96.242588,96.242777,11050,199028,3600.000000,64,9,83,GUROBI,1,27,0,0
1,New,64,-3694.142741,-3680.794244,-3692.013793,-3012.498122,-2976.242570,-2975.950000,7.664197,8.318031,22.811037,22.811228,2215,42665,3600.000000,64,4,84,GUROBI,1,25,0,0
2,New,64,-6091.360885,-6082.852469,-6088.329167,-5513.680879,-5467.994629,-5467.465000,10.310448,10.924063,36.560560,37.034163,1637,42148,3600.000000,64,3,71,GUROBI,1,21,0,0
3,New,64,-3146.856731,-3128.496514,-3144.869705,-2531.806514,-2467.825000,-2467.825000,7.707430,8.367029,60.204316,60.241832,10309,167259,3600.000000,64,2,74,GUROBI,1,14,0,0
