instanceIndex,seedIndex,vpcGenerator,terms,lpBound,disjunctiveDualBound,lpBoundPostVpc,rootDualBound,dualBound,primalBound,vpcGenerationTime,rootDualBoundTime,bestSolutionTime,terminationTime,nodes,iterations,maxTime,actualTerms,numCuts,cutLimit,mipSolver,providePrimalBound,infeasibleTerms,feasibleToInfeasibleTerms,infeasibleToFeasibleTerms,termRemainsFeasibleBasisInfeasible,cutsChangedCoefficients,feasibleTermsPrunedByBound,tighten_disjunction,tighten_matrix_perturbation,tighten_infeasible_to_feasible_term,tighten_feasible_to_infeasible_basis
0,0,None,64,26069.000000,26069.000000,26069.000000,27456.142857,27585.000000,27674.000000,0.000003,5.895124,3049.228198,3600.005863,68497,16268413,3600.000000,0,0,0,GUROBI,1,0,0,0,0,0,0,0,0,0,0
1,0,None,64,26069.000000,26069.000000,26069.000000,27443.775862,27635.000000,27715.000000,0.000003,4.830088,3318.735491,3600.004690,81903,17924889,3600.000000,0,0,0,GUROBI,1,0,0,0,0,0,0,0,0,0,0
2,0,None,64,26069.000000,26069.000000,26069.000000,27506.280303,27600.000000,27674.000000,0.000003,5.339690,1896.975056,3600.004854,91370,20703325,3600.000000,0,0,0,GUROBI,1,0,0,0,0,0,0,0,0,0,0
3,0,None,64,26069.000000,26069.000000,26069.000000,27456.142857,27585.000000,27674.000000,0.000003,5.812489,3036.416976,3600.005107,68694,16316747,3600.000000,0,0,0,GUROBI,1,0,0,0,0,0,0,0,0,0,0
