instanceIndex,vpcGenerator,terms,lpBound,disjunctiveDualBound,lpBoundPostVpc,rootDualBound,dualBound,primalBound,vpcGenerationTime,rootDualBoundTime,bestSolutionTime,terminationTime,nodes,iterations,maxTime,actualTerms,numCuts,cutLimit,mipSolver,providePrimalBound,infeasibleTerms,feasibleToInfeasibleTerms,infeasibleToFeasibleTerms
0,New,16,253.833333,253.833333,253.833333,253.833333,255.000000,255.000000,3.462528,3.625651,3.462528,3.688435,30,2174,3600.000000,24,5,24,GUROBI,1,18,0,0
1,Farkas,16,253.833333,253.833333,253.833333,254.250000,255.000000,255.000000,0.161835,0.436380,9.356852,23.972373,20409,159561,3600.000000,24,5,0,GUROBI,1,18,0,0
2,Farkas,16,253.825521,253.825521,253.825521,254.242188,254.992188,254.992188,0.170229,0.358853,7.530042,15.260357,10210,82346,3600.000000,24,5,0,GUROBI,1,18,0,0
3,Farkas,16,253.825521,253.825521,253.825521,254.242187,254.992188,254.992188,0.179079,0.389530,0.932980,15.531246,10214,79743,3600.000000,24,5,0,GUROBI,1,18,0,0
