instanceIndex,seedIndex,vpcGenerator,terms,lpBound,disjunctiveDualBound,lpBoundPostVpc,rootDualBound,dualBound,primalBound,vpcGenerationTime,rootDualBoundTime,bestSolutionTime,terminationTime,nodes,iterations,maxTime,actualTerms,numCuts,cutLimit,mipSolver,providePrimalBound,infeasibleTerms,feasibleToInfeasibleTerms,infeasibleToFeasibleTerms,termRemainsFeasibleBasisInfeasible,cutsChangedCoefficients,feasibleTermsPrunedByBound,tighten_disjunction,tighten_matrix_perturbation,tighten_infeasible_to_feasible_term,tighten_feasible_to_infeasible_basis
0,0,New,64,1209900.000000,1213800.000000,1209900.000000,1231200.000000,1232700.000000,1232700.000000,113.398728,115.432932,113.398728,115.434104,1,10931,3600.000000,64,15,126,GUROBI,1,42,0,0,0,0,0,0,0,0,0
1,0,New,64,1209763.700000,1213624.800000,1209764.700000,1224045.482333,1232536.953012,1232540.000000,96.787869,98.109425,101.239859,103.856749,515,16901,3600.000000,66,52,118,GUROBI,1,49,0,0,0,0,0,0,0,0,0
2,0,New,64,1209490.000000,1213325.275000,1209498.289177,1230489.200000,1232214.750000,1232216.000000,57.166592,58.034100,58.728183,58.779008,49,5412,3600.000000,69,16,142,GUROBI,1,45,0,0,0,0,0,0,0,0,0
3,0,New,64,1209747.900000,1213623.150000,1209748.633333,1231037.000000,1232516.000000,1232528.000000,139.239431,140.389091,139.239431,140.391083,1,5648,3600.000000,83,10,60,GUROBI,1,60,0,0,0,0,0,0,0,0,0
