instanceIndex,seedIndex,vpcGenerator,terms,lpBound,disjunctiveDualBound,lpBoundPostVpc,rootDualBound,dualBound,primalBound,vpcGenerationTime,rootDualBoundTime,bestSolutionTime,terminationTime,nodes,iterations,maxTime,actualTerms,numCuts,cutLimit,mipSolver,providePrimalBound,infeasibleTerms,feasibleToInfeasibleTerms,infeasibleToFeasibleTerms,termRemainsFeasibleBasisInfeasible,cutsChangedCoefficients,feasibleTermsPrunedByBound,tighten_disjunction,tighten_matrix_perturbation,tighten_infeasible_to_feasible_term,tighten_feasible_to_infeasible_basis
0,0,None,4,499999999913.192444,499999999913.192444,499999999913.192444,533147014829.430420,564976046328.713135,565031773604.128784,0.000002,0.800676,53.484458,53.484860,2051,91151,3600.000000,0,0,0,GUROBI,1,0,0,0,0,0,0,0,0,0,0
1,0,None,4,20956476050.418503,20956476050.418503,20956476050.418503,34551450965.276520,35210802476.060860,35213448808.820305,0.000002,0.412829,8.945707,8.946084,2066,15409,3600.000000,0,0,0,GUROBI,1,0,0,0,0,0,0,0,0,0,0
2,0,None,4,11700242099.568224,11700242099.568224,11700242099.568224,21211322617.422749,21730029977.095245,21732096491.649677,0.000002,0.598940,5.732166,7.866092,2050,29605,3600.000000,0,0,0,GUROBI,1,0,0,0,0,0,0,0,0,0,0
3,0,None,4,39967680861.419388,39967680861.419388,39967680861.419388,53941990691.535324,53954734033.438805,53954734033.438080,0.000002,0.334858,0.000002,0.338785,1,307,3600.000000,0,0,0,GUROBI,1,0,0,0,0,0,0,0,0,0,0
