instanceIndex,seedIndex,vpcGenerator,terms,lpBound,disjunctiveDualBound,lpBoundPostVpc,rootDualBound,dualBound,primalBound,vpcGenerationTime,rootDualBoundTime,bestSolutionTime,terminationTime,nodes,iterations,maxTime,actualTerms,numCuts,cutLimit,mipSolver,providePrimalBound,infeasibleTerms,feasibleToInfeasibleTerms,infeasibleToFeasibleTerms,termRemainsFeasibleBasisInfeasible,cutsChangedCoefficients,feasibleTermsPrunedByBound,tighten_disjunction,tighten_matrix_perturbation,tighten_infeasible_to_feasible_term,tighten_feasible_to_infeasible_basis
0,0,None,64,6290575.552807,6290575.552807,6290575.552807,6304548.163650,6307597.014814,6307996.000000,0.000002,0.492600,6.486383,6.488302,821,13052,3600.000000,0,0,0,GUROBI,1,0,0,0,0,0,0,0,0,0,0
1,0,None,64,6290496.093047,6290496.093047,6290496.093047,6304044.307529,6307887.831964,6307905.998555,0.000002,0.463717,8.419642,9.031551,1065,13161,3600.000000,0,0,0,GUROBI,1,0,0,0,0,0,0,0,0,0,0
2,0,None,64,6290490.575086,6290490.575086,6290490.575086,6305349.384418,6307386.546940,6307907.999176,0.000001,0.500839,5.496466,5.496792,588,8358,3600.000000,0,0,0,GUROBI,1,0,0,0,0,0,0,0,0,0,0
3,0,None,64,6290401.191052,6290401.191052,6290401.191052,6305184.032926,6307179.890206,6307805.000000,0.000002,0.521419,8.687597,8.687912,953,15875,3600.000000,0,0,0,GUROBI,1,0,0,0,0,0,0,0,0,0,0
