instanceIndex,vpcGenerator,terms,lpBound,disjunctiveDualBound,lpBoundPostVpc,rootDualBound,dualBound,primalBound,vpcGenerationTime,rootDualBoundTime,bestSolutionTime,terminationTime,nodes,iterations,maxTime,actualTerms,numCuts,cutLimit,mipSolver,providePrimalBound,infeasibleTerms,feasibleToInfeasibleTerms,infeasibleToFeasibleTerms
0,New,16,326.924434,327.954737,327.782170,337.249996,375.498095,375.498095,25.713774,29.430767,55.855949,58.756872,869,42366,3600.000000,34,33,33,GUROBI,1,27,0,0
1,Old,16,326.924434,327.954737,327.439586,336.784825,375.476619,375.498090,8.860287,12.065190,26.579807,30.002007,985,30287,3600.000000,34,33,0,GUROBI,1,27,0,0
2,Old,16,326.924434,327.954737,327.439586,336.784825,375.498095,375.498095,8.960186,12.070418,35.949737,37.536074,659,32240,3600.000000,34,33,0,GUROBI,1,27,0,0
3,Old,16,324.102621,325.132924,324.782752,334.862208,375.498095,375.498095,9.330027,12.221366,13.421170,93.944155,15418,93080,3600.000000,34,34,0,GUROBI,1,27,0,0
