instanceIndex,vpcGenerator,terms,lpBound,disjunctiveDualBound,lpBoundPostVpc,rootDualBound,dualBound,primalBound,vpcGenerationTime,rootDualBoundTime,bestSolutionTime,terminationTime,nodes,iterations,maxTime,actualTerms,numCuts,cutLimit,mipSolver,providePrimalBound,infeasibleTerms,feasibleToInfeasibleTerms,infeasibleToFeasibleTerms
0,New,16,479.138796,480.186691,479.320536,480.268003,492.466079,492.514432,9.350350,11.703951,51.124365,62.250594,11329,250117,3600.000000,17,22,22,GUROBI,1,5,0,0
1,New,16,544.431888,545.823378,545.399422,546.322902,556.121554,556.144213,7.172202,8.826976,14.267548,16.155307,1653,26740,3600.000000,18,17,17,GUROBI,1,6,0,0
2,New,16,495.086089,496.444210,495.313502,500.292083,512.229857,512.273855,8.018007,10.379310,28.639747,30.118875,3880,86835,3600.000000,19,17,17,GUROBI,1,7,0,0
3,New,16,608.548983,617.954851,614.676158,618.028999,620.464406,620.503613,5.591791,6.868454,7.055226,7.082874,85,1691,3600.000000,17,17,21,GUROBI,1,3,0,0
