instanceIndex,seedIndex,vpcGenerator,terms,lpBound,disjunctiveDualBound,lpBoundPostVpc,rootDualBound,dualBound,primalBound,vpcGenerationTime,rootDualBoundTime,bestSolutionTime,terminationTime,nodes,iterations,maxTime,actualTerms,numCuts,cutLimit,mipSolver,providePrimalBound,infeasibleTerms,feasibleToInfeasibleTerms,infeasibleToFeasibleTerms,termRemainsFeasibleBasisInfeasible,cutsChangedCoefficients,feasibleTermsPrunedByBound,tighten_disjunction,tighten_matrix_perturbation,tighten_infeasible_to_feasible_term,tighten_feasible_to_infeasible_basis
0,0,None,4,-18811.492536,-18811.492536,-18811.492536,-18159.287664,-17783.000000,-17783.000000,0.000004,9.135667,136.545312,158.397957,1857,397215,3600.000000,0,0,0,GUROBI,1,0,0,0,0,0,0,0,0,0,0
1,0,None,4,-21599.896600,-21599.896600,-21599.896600,-18248.121061,-17835.000000,-17225.000000,0.000002,18.601228,3006.660546,3600.014171,10235,5041564,3600.000000,0,0,0,GUROBI,1,0,0,0,0,0,0,0,0,0,0
2,0,None,4,-21510.605675,-21510.605675,-21510.605675,-18454.884000,-17755.000000,-17701.000000,0.000002,18.210516,3442.254421,3600.002418,12371,5124467,3600.000000,0,0,0,GUROBI,1,0,0,0,0,0,0,0,0,0,0
3,0,None,4,-21241.564550,-21241.564550,-21241.564550,-18149.321412,-17463.000000,-17047.000000,0.000004,17.790435,2357.397376,3600.002601,10874,5144382,3600.000000,0,0,0,GUROBI,1,0,0,0,0,0,0,0,0,0,0
