instanceIndex,seedIndex,vpcGenerator,terms,lpBound,disjunctiveDualBound,lpBoundPostVpc,rootDualBound,dualBound,primalBound,vpcGenerationTime,rootDualBoundTime,bestSolutionTime,terminationTime,nodes,iterations,maxTime,actualTerms,numCuts,cutLimit,mipSolver,providePrimalBound,infeasibleTerms,feasibleToInfeasibleTerms,infeasibleToFeasibleTerms,termRemainsFeasibleBasisInfeasible,cutsChangedCoefficients,feasibleTermsPrunedByBound,tighten_disjunction,tighten_matrix_perturbation,tighten_infeasible_to_feasible_term,tighten_feasible_to_infeasible_basis
0,0,New,64,128.750000,129.000000,128.750000,131.837745,134.500000,134.500000,367.323775,371.607348,484.441218,485.919118,2018,289011,3600.000000,106,20,124,GUROBI,1,98,0,0,0,0,0,0,0,0,0
1,0,All,64,126.687500,126.924432,126.687500,129.443585,132.375000,132.375000,20.475345,24.295574,70.254037,77.170980,805,119881,3600.000000,106,20,0,GUROBI,1,98,0,0,0,0,0,1,1,1,1
2,0,All,64,128.312500,128.562500,128.312500,131.415510,134.000000,134.000000,6.348145,11.179707,122.177544,122.178684,2466,314056,3600.000000,106,20,0,GUROBI,1,98,0,0,0,0,0,1,1,1,1
3,0,All,64,128.750000,129.000000,128.750000,132.719414,134.500000,134.500000,6.997767,10.921053,82.061491,95.389160,1627,221616,3600.000000,106,20,0,GUROBI,1,98,0,0,0,0,0,1,1,1,1
