instanceIndex,seedIndex,vpcGenerator,terms,lpBound,disjunctiveDualBound,lpBoundPostVpc,rootDualBound,dualBound,primalBound,vpcGenerationTime,rootDualBoundTime,bestSolutionTime,terminationTime,nodes,iterations,maxTime,actualTerms,numCuts,cutLimit,mipSolver,providePrimalBound,infeasibleTerms,feasibleToInfeasibleTerms,infeasibleToFeasibleTerms,termRemainsFeasibleBasisInfeasible,cutsChangedCoefficients,feasibleTermsPrunedByBound,tighten_disjunction,tighten_matrix_perturbation,tighten_infeasible_to_feasible_term,tighten_feasible_to_infeasible_basis
0,0,New,4,-18811.492536,-18735.751343,-18746.461793,-18153.841657,-17783.000000,-17783.000000,4227.924090,4237.841945,4374.675543,4374.676265,1732,364140,3600.000000,4,196,867,GUROBI,1,0,0,0,0,0,0,0,0,0,0
1,0,All,4,-18810.872785,-18735.736462,-18746.183409,-18175.859216,-17782.000000,-17782.000000,0.419608,9.101856,28.839237,87.879369,1045,186689,3600.000000,4,196,0,GUROBI,1,0,0,0,0,0,0,1,1,1,1
2,0,All,4,-18814.260541,-18739.016564,-18750.100738,-18154.720780,-17787.000000,-17787.000000,0.408220,10.198121,61.575622,70.891027,775,156197,3600.000000,4,196,0,GUROBI,1,0,0,0,0,0,0,1,1,1,1
3,0,All,4,-18811.807652,-18735.826740,-18746.630446,-18158.290944,-17783.000000,-17783.000000,0.417787,10.392898,85.173740,87.761730,918,178050,3600.000000,4,196,0,GUROBI,1,0,0,0,0,0,0,1,1,1,1
