instanceIndex,vpcGenerator,terms,lpBound,disjunctiveDualBound,lpBoundPostVpc,rootDualBound,dualBound,primalBound,vpcGenerationTime,rootDualBoundTime,bestSolutionTime,terminationTime,nodes,iterations,maxTime,actualTerms,numCuts,cutLimit,mipSolver,providePrimalBound,infeasibleTerms,feasibleToInfeasibleTerms,infeasibleToFeasibleTerms
0,None,4,96.310297,96.310297,96.310297,103.628391,107.000000,107.000000,0.000014,0.814754,2.200443,2.200550,551,6025,3600.000000,0,0,0,GUROBI,1,0,0,0
1,None,4,97.986768,97.986768,97.986768,104.413417,108.000000,108.000000,0.000002,0.335832,1.103369,1.188302,448,4288,3600.000000,0,0,0,GUROBI,1,0,0,0
2,None,4,96.651685,96.651685,96.651685,102.976492,108.000000,108.000000,0.000002,0.380789,3.547419,3.556746,702,8172,3600.000000,0,0,0,GUROBI,1,0,0,0
3,None,4,95.285562,95.285562,95.285562,102.425465,105.000000,105.000000,0.000003,0.580387,1.435788,1.435889,345,4488,3600.000000,0,0,0,GUROBI,1,0,0,0
