instanceIndex,vpcGenerator,terms,lpBound,disjunctiveDualBound,lpBoundPostVpc,rootDualBound,dualBound,primalBound,vpcGenerationTime,rootDualBoundTime,bestSolutionTime,terminationTime,nodes,iterations,maxTime,actualTerms,numCuts,cutLimit,mipSolver,providePrimalBound,infeasibleTerms,feasibleToInfeasibleTerms,infeasibleToFeasibleTerms
0,New,16,13.000000,13.437500,13.437500,13.437500,15.000000,15.000000,1.868564,1.976646,2.171255,595.057829,564154,8455222,3600.000000,16,1,35,GUROBI,1,0,0,0
1,Farkas,16,13.031250,13.437500,13.437500,13.437500,14.998525,15.000000,0.086357,0.215472,5.964562,406.301895,281680,4556373,3600.000000,16,1,0,GUROBI,1,0,0,0
2,Farkas,16,13.052083,13.468750,13.468750,13.468750,14.998503,15.000000,0.085717,0.186248,0.347282,640.835876,516074,6989664,3600.000000,16,1,0,GUROBI,1,0,0,0
3,Farkas,16,13.000000,13.421875,13.421875,13.421875,14.998874,15.000000,0.098008,0.294858,0.536858,494.605590,438436,7381439,3600.000000,16,1,0,GUROBI,1,0,0,0
