instanceIndex,seedIndex,vpcGenerator,terms,lpBound,disjunctiveDualBound,lpBoundPostVpc,rootDualBound,dualBound,primalBound,vpcGenerationTime,rootDualBoundTime,bestSolutionTime,terminationTime,nodes,iterations,maxTime,actualTerms,numCuts,cutLimit,mipSolver,providePrimalBound,infeasibleTerms,feasibleToInfeasibleTerms,infeasibleToFeasibleTerms,termRemainsFeasibleBasisInfeasible,cutsChangedCoefficients,feasibleTermsPrunedByBound,tighten_disjunction,tighten_matrix_perturbation,tighten_infeasible_to_feasible_term,tighten_feasible_to_infeasible_basis
0,0,New,4,6519541.944917,6519892.961004,6519541.944917,11486166.666304,11490666.666286,11490666.666634,1.459888,2.211541,5.845380,5.845615,546,32617,3600.000000,4,5,202,GUROBI,1,0,0,0,0,0,0,0,0,0,0
1,0,Basis,4,5858508.636495,5858510.878307,5858509.699830,10751577.837283,10753846.412161,10754141.999612,0.092747,0.918454,114.169121,114.173440,15614,652189,3600.000000,4,5,0,GUROBI,1,0,0,0,0,0,0,0,0,0,1
2,0,Basis,4,5957058.970246,5957062.366915,5957058.985830,10771531.057672,10774981.424900,10775857.043964,0.101447,0.992879,214.656299,214.656502,28017,1105344,3600.000000,4,5,0,GUROBI,1,0,0,0,0,0,0,0,0,0,1
3,0,Basis,4,4813298.688449,4814642.209383,4814272.316016,9757294.038452,9787386.492118,9788318.222276,0.143594,0.834880,13.050706,13.050939,1811,54525,3600.000000,4,5,0,GUROBI,1,0,0,0,4,0,0,0,0,0,1
