instanceIndex,vpcGenerator,terms,lpBound,disjunctiveDualBound,lpBoundPostVpc,rootDualBound,dualBound,primalBound,vpcGenerationTime,rootDualBoundTime,bestSolutionTime,terminationTime,nodes,iterations,maxTime,actualTerms,numCuts,cutLimit,mipSolver,providePrimalBound,infeasibleTerms,feasibleToInfeasibleTerms,infeasibleToFeasibleTerms
0,New,64,1209900.000000,1213800.000000,1209900.000000,1231200.000000,1232700.000000,1232700.000000,114.261338,116.118670,114.261338,116.119762,1,10506,3600.000000,64,15,126,GUROBI,1,42,0,0
1,New,64,1149213.851351,1152213.851351,1151713.851351,1177050.000000,1190500.000000,1190600.000000,27.680854,29.184932,39.397587,1093.372601,150851,2793216,3600.000000,67,7,258,GUROBI,1,41,0,0
2,New,64,1146522.916667,1147300.371120,1147216.455036,1179320.306986,1187500.000000,1193100.000000,18.020278,19.489006,20.467059,3618.027241,635682,15346035,3600.000000,67,4,207,GUROBI,1,51,0,0
3,New,64,1152363.942308,1154311.001131,1153661.001131,1180575.000000,1187700.000000,1187700.000000,28.460586,29.944322,31.039530,38.844732,531,27967,3600.000000,74,10,252,GUROBI,1,54,0,0
