instanceIndex,vpcGenerator,terms,lpBound,disjunctiveDualBound,lpBoundPostVpc,rootDualBound,dualBound,primalBound,vpcGenerationTime,rootDualBoundTime,bestSolutionTime,terminationTime,nodes,iterations,maxTime,actualTerms,numCuts,cutLimit,mipSolver,providePrimalBound,infeasibleTerms,feasibleToInfeasibleTerms,infeasibleToFeasibleTerms
0,None,4,11.724138,11.724138,11.724138,17.306264,63.750000,65.666667,0.000003,2.127089,1870.401525,3600.001259,288172,26533961,3600.000000,0,0,0,GUROBI,1,0,0,0
1,None,4,11.724138,11.724138,11.724138,17.658902,63.748563,65.666667,0.000002,1.518063,1665.537337,3600.001214,237690,18202001,3600.000000,0,0,0,GUROBI,1,0,0,0
2,None,4,11.724138,11.724138,11.724138,17.441567,65.661208,65.666667,0.000003,1.599980,324.356712,1014.542995,114083,6715370,3600.000000,0,0,0,GUROBI,1,0,0,0
3,None,4,11.724138,11.724138,11.724138,17.312210,62.322209,65.583333,0.000003,1.527576,2553.712142,3600.001305,314136,27525456,3600.000000,0,0,0,GUROBI,1,0,0,0
