instanceIndex,vpcGenerator,terms,lpBound,disjunctiveDualBound,lpBoundPostVpc,rootDualBound,dualBound,primalBound,vpcGenerationTime,rootDualBoundTime,bestSolutionTime,terminationTime,nodes,iterations,maxTime,actualTerms,numCuts,cutLimit,mipSolver,providePrimalBound,infeasibleTerms,feasibleToInfeasibleTerms,infeasibleToFeasibleTerms
0,None,16,49.214876,49.214876,49.214876,69.755867,71.000000,71.000000,0.000027,0.522852,1.354258,1.359174,231,8004,3600.000000,0,0,0,GUROBI,1,0,0,0
1,None,16,18.669421,18.669421,18.669421,38.802004,39.997980,40.000000,0.000003,0.588148,0.698040,1.962018,397,12244,3600.000000,0,0,0,GUROBI,1,0,0,0
2,None,16,49.214876,49.214876,49.214876,70.034186,70.999997,70.999997,0.000004,0.746425,2.501750,2.501990,589,15042,3600.000000,0,0,0,GUROBI,1,0,0,0
3,None,16,22.123967,22.123967,22.123967,43.176040,45.996950,45.999998,0.000004,0.713614,7.225791,14.618778,1698,72281,3600.000000,0,0,0,GUROBI,1,0,0,0
