instanceIndex,vpcGenerator,terms,lpBound,disjunctiveDualBound,lpBoundPostVpc,rootDualBound,dualBound,primalBound,vpcGenerationTime,rootDualBoundTime,bestSolutionTime,terminationTime,nodes,iterations,maxTime,actualTerms,numCuts,cutLimit,mipSolver,providePrimalBound,infeasibleTerms,feasibleToInfeasibleTerms,infeasibleToFeasibleTerms
0,New,64,12.030303,13.454545,13.454545,29.000000,29.000000,29.000000,7.965583,7.993938,7.965583,8.001310,1,519,3600.000000,64,33,33,GUROBI,1,4,0,0
1,New,64,10.737467,12.785278,11.578260,29.000000,29.000000,29.000000,5.463659,5.485453,5.463659,5.497467,1,528,3600.000000,65,33,33,GUROBI,1,7,0,0
2,New,64,15.962103,17.753885,17.078108,32.000000,32.000000,32.000000,5.140267,5.161452,5.140267,5.168633,1,325,3600.000000,64,29,29,GUROBI,1,8,0,0
3,New,64,14.144998,16.403465,15.108010,32.000000,32.000000,32.000000,1.819605,1.839722,1.819605,1.846629,1,423,3600.000000,64,2,32,GUROBI,1,5,0,0
