instanceIndex,vpcGenerator,terms,lpBound,disjunctiveDualBound,lpBoundPostVpc,rootDualBound,dualBound,primalBound,vpcGenerationTime,rootDualBoundTime,bestSolutionTime,terminationTime,nodes,iterations,maxTime,actualTerms,numCuts,cutLimit,mipSolver,providePrimalBound,infeasibleTerms,feasibleToInfeasibleTerms,infeasibleToFeasibleTerms
0,None,64,49.214876,49.214876,49.214876,69.755867,71.000000,71.000000,0.000024,0.529734,1.338326,1.343125,231,8004,3600.000000,0,0,0,GUROBI,1,0,0,0
1,None,64,49.214876,49.214876,49.214876,69.997680,71.000000,71.000000,0.000003,0.628345,0.000003,0.651333,1,2161,3600.000000,0,0,0,GUROBI,1,0,0,0
2,None,64,49.214876,49.214876,49.214876,69.755867,71.000000,71.000000,0.000003,0.527336,1.353125,1.358032,231,8004,3600.000000,0,0,0,GUROBI,1,0,0,0
3,None,64,50.214876,50.214876,50.214876,70.755867,72.000000,72.000000,0.000002,0.515440,1.333967,1.338688,231,8004,3600.000000,0,0,0,GUROBI,1,0,0,0
