instanceIndex,vpcGenerator,terms,lpBound,disjunctiveDualBound,lpBoundPostVpc,rootDualBound,dualBound,primalBound,vpcGenerationTime,rootDualBoundTime,bestSolutionTime,terminationTime,nodes,iterations,maxTime,actualTerms,numCuts,cutLimit,mipSolver,providePrimalBound,infeasibleTerms,feasibleToInfeasibleTerms,infeasibleToFeasibleTerms
0,New,64,7297.333333,8878.500000,8570.864715,12021.400000,20622.000000,20622.000000,591.364819,596.362440,758.148246,768.655696,6948,851830,3600.000000,66,4,228,GUROBI,1,54,0,0
1,Farkas,64,7251.666667,8837.364583,8529.032191,11891.838415,20629.000000,20629.000000,23.804433,26.913754,158.233848,159.075165,6446,560065,3600.000000,66,4,0,GUROBI,1,54,0,0
2,Farkas,64,7241.823856,8833.895964,8518.280988,12186.316176,20653.750000,20654.000000,23.816445,27.397096,152.264451,155.435299,6018,521860,3600.000000,66,4,0,GUROBI,1,54,0,0
