instanceIndex,vpcGenerator,terms,lpBound,disjunctiveDualBound,lpBoundPostVpc,rootDualBound,dualBound,primalBound,vpcGenerationTime,rootDualBoundTime,bestSolutionTime,terminationTime,nodes,iterations,maxTime,actualTerms,numCuts,cutLimit,mipSolver,providePrimalBound,infeasibleTerms,feasibleToInfeasibleTerms,infeasibleToFeasibleTerms
0,None,64,29291.750000,29291.750000,29291.750000,29291.750000,29314.000000,29314.000000,0.000006,0.154002,0.154694,0.155138,1,188,3600.000000,0,0,0,GUROBI,1,0,0,0
1,None,64,29324.833333,29324.833333,29324.833333,29346.283300,29347.466633,29347.466633,0.000002,0.067683,0.069699,0.071455,1,276,3600.000000,0,0,0,GUROBI,1,0,0,0
2,None,64,29256.755000,29256.755000,29256.755000,29279.955641,29281.035797,29281.263333,0.000001,0.097068,0.000001,0.098319,1,345,3600.000000,0,0,0,GUROBI,1,0,0,0
3,None,64,29342.450000,29342.450000,29342.450000,29364.500000,29365.300000,29365.500000,0.000002,0.115868,0.000002,0.117085,1,333,3600.000000,0,0,0,GUROBI,1,0,0,0
