instanceIndex,seedIndex,vpcGenerator,terms,lpBound,disjunctiveDualBound,lpBoundPostVpc,rootDualBound,dualBound,primalBound,vpcGenerationTime,rootDualBoundTime,bestSolutionTime,terminationTime,nodes,iterations,maxTime,actualTerms,numCuts,cutLimit,mipSolver,providePrimalBound,infeasibleTerms,feasibleToInfeasibleTerms,infeasibleToFeasibleTerms,termRemainsFeasibleBasisInfeasible,cutsChangedCoefficients,feasibleTermsPrunedByBound,tighten_disjunction,tighten_matrix_perturbation,tighten_infeasible_to_feasible_term,tighten_feasible_to_infeasible_basis
0,0,New,4,53555.000000,53575.000000,53575.000000,53721.789474,53905.000000,53905.000000,0.932279,1.443590,1.761404,1.863300,113,2095,3600.000000,4,3,11,GUROBI,1,0,0,0,0,0,0,0,0,0,0
1,0,Basis,4,54055.000000,54075.000000,54075.000000,54221.789474,54405.000000,54405.000000,0.016938,0.432482,0.704587,0.809080,113,2095,3600.000000,4,3,0,GUROBI,1,0,0,0,0,0,0,0,0,0,1
2,0,Basis,4,53555.000000,53575.000000,53575.000000,53720.902299,53905.000000,53905.000000,0.019264,0.589589,0.949362,0.968170,160,2227,3600.000000,4,3,0,GUROBI,1,0,0,0,0,0,0,0,0,0,1
3,0,Basis,4,53555.000000,53575.000000,53575.000000,53721.789474,53905.000000,53905.000000,0.016436,0.309073,0.642905,0.780048,113,2095,3600.000000,4,3,0,GUROBI,1,0,0,0,0,0,0,0,0,0,1
