instanceIndex,seedIndex,vpcGenerator,terms,lpBound,disjunctiveDualBound,lpBoundPostVpc,rootDualBound,dualBound,primalBound,vpcGenerationTime,rootDualBoundTime,bestSolutionTime,terminationTime,nodes,iterations,maxTime,actualTerms,numCuts,cutLimit,mipSolver,providePrimalBound,infeasibleTerms,feasibleToInfeasibleTerms,infeasibleToFeasibleTerms,termRemainsFeasibleBasisInfeasible,cutsChangedCoefficients,feasibleTermsPrunedByBound,tighten_disjunction,tighten_matrix_perturbation,tighten_infeasible_to_feasible_term,tighten_feasible_to_infeasible_basis
0,0,New,4,5678.607089,5683.441013,5683.441013,15066.046056,15078.000000,15078.000000,2.587624,3.398938,2.587624,3.403595,1,3436,3600.000000,4,5,5,GUROBI,1,0,0,0,0,0,0,0,0,0,0
1,0,Basis,4,-1294947.975696,-1294947.975696,-1294947.975696,-1294615.301705,-1294595.925897,-1294550.000000,0.082524,0.413699,0.831578,0.834478,35,1150,3600.000000,4,5,0,GUROBI,1,0,0,0,0,0,0,0,0,0,1
2,0,Basis,4,-1153102.047342,-1153102.047342,-1153102.047342,-1152596.631120,-1152518.000000,-1152518.000000,0.072415,0.577318,0.926581,0.926897,51,1244,3600.000000,4,5,0,GUROBI,1,0,0,0,0,0,0,0,0,0,1
3,0,Basis,4,-1852500.577975,-1852500.577975,-1852500.577975,-1852324.054501,-1852307.000000,-1852307.000000,0.122404,0.281076,0.438880,0.441556,26,681,3600.000000,4,5,0,GUROBI,1,0,0,0,0,0,0,0,0,0,1
