instanceIndex,vpcGenerator,terms,lpBound,disjunctiveDualBound,lpBoundPostVpc,rootDualBound,dualBound,primalBound,vpcGenerationTime,rootDualBoundTime,bestSolutionTime,terminationTime,nodes,iterations,maxTime,actualTerms,numCuts,cutLimit,mipSolver,providePrimalBound,infeasibleTerms,feasibleToInfeasibleTerms,infeasibleToFeasibleTerms
0,New,64,-16646.586017,-16491.988398,-16628.624437,-14367.388629,-14340.782132,-14339.353447,38.783049,39.856942,108.144186,113.336556,8474,324929,3600.000000,64,3,88,GUROBI,1,0,0,0
1,Old,64,-16668.219604,-16523.749997,-16657.252743,-14411.244555,-14409.409466,-14408.022817,41.230799,42.185121,44.135062,44.135284,181,7516,3600.000000,64,2,0,GUROBI,1,0,0,0
2,Old,64,-16666.425577,-16514.072554,-16652.299954,-14398.869332,-14387.953788,-14386.522211,35.821982,36.916976,82.339843,87.461904,4226,187560,3600.000000,64,3,0,GUROBI,1,0,0,0
3,Old,64,-16641.850717,-16488.748423,-16625.765212,-14414.420859,-14400.138623,-14398.715859,37.568843,38.573788,229.511666,246.638480,19971,790923,3600.000000,64,2,0,GUROBI,1,0,0,0
