instanceIndex,vpcGenerator,terms,lpBound,disjunctiveDualBound,lpBoundPostVpc,rootDualBound,dualBound,primalBound,vpcGenerationTime,rootDualBoundTime,bestSolutionTime,terminationTime,nodes,iterations,maxTime,actualTerms,numCuts,cutLimit,mipSolver,providePrimalBound,infeasibleTerms,feasibleToInfeasibleTerms,infeasibleToFeasibleTerms
0,None,16,-16000.000000,-16000.000000,-16000.000000,-16000.000000,-15000.000000,-15000.000000,0.000036,0.265144,3.931587,3.993233,1086,26899,3600.000000,0,0,0,GUROBI,1,0,0,0
1,None,16,-16011.000000,-16011.000000,-16011.000000,-16011.000000,-15016.000000,-15016.000000,0.000003,0.177958,0.914783,1.160544,511,6897,3600.000000,0,0,0,GUROBI,1,0,0,0
2,None,16,-16013.000000,-16013.000000,-16013.000000,-16013.000000,-15013.000000,-15013.000000,0.000003,0.260692,0.470906,0.949831,511,4911,3600.000000,0,0,0,GUROBI,1,0,0,0
3,None,16,-16017.000000,-16017.000000,-16017.000000,-16017.000000,-15017.000000,-15017.000000,0.000003,0.247565,0.727448,1.076318,511,4536,3600.000000,0,0,0,GUROBI,1,0,0,0
