instanceIndex,vpcGenerator,terms,lpBound,disjunctiveDualBound,lpBoundPostVpc,rootDualBound,dualBound,primalBound,vpcGenerationTime,rootDualBoundTime,bestSolutionTime,terminationTime,nodes,iterations,maxTime,actualTerms,numCuts,cutLimit,mipSolver,providePrimalBound,infeasibleTerms,feasibleToInfeasibleTerms,infeasibleToFeasibleTerms
0,None,16,-8000.000000,-8000.000000,-8000.000000,-8000.000000,-7000.000000,-7000.000000,0.000027,0.119278,0.135302,0.152426,11,404,3600.000000,0,0,0,GUROBI,1,0,0,0
1,None,16,-8000.000000,-8000.000000,-8000.000000,-8000.000000,-7000.000000,-7000.000000,0.000003,0.055404,0.103338,2.504054,5109,32421,3600.000000,0,0,0,GUROBI,1,0,0,0
2,None,16,-8065.833333,-8065.833333,-8065.833333,-8065.000000,-7070.000000,-7070.000000,0.000002,0.069235,0.614626,8.185320,13188,84682,3600.000000,0,0,0,GUROBI,1,0,0,0
3,None,16,-7999.000000,-7999.000000,-7999.000000,-7999.000000,-7005.000000,-7005.000000,0.000003,0.086545,0.805734,2.705541,8348,40331,3600.000000,0,0,0,GUROBI,1,0,0,0
