instanceIndex,vpcGenerator,terms,lpBound,disjunctiveDualBound,lpBoundPostVpc,rootDualBound,dualBound,primalBound,vpcGenerationTime,rootDualBoundTime,bestSolutionTime,terminationTime,nodes,iterations,maxTime,actualTerms,numCuts,cutLimit,mipSolver,providePrimalBound,infeasibleTerms,feasibleToInfeasibleTerms,infeasibleToFeasibleTerms
0,New,4,-73.550151,-72.634725,-72.634864,-68.184001,-56.000000,-56.000000,0.767122,3.160894,11.279920,74.620652,43594,566604,3600.000000,9,40,40,GUROBI,1,5,0,0
1,New,4,-73.650373,-72.731096,-72.731096,-68.747592,-56.000000,-56.000000,0.757093,3.017324,6.905925,83.041516,47088,576163,3600.000000,9,39,42,GUROBI,1,5,0,0
2,New,4,-73.881505,-72.946651,-73.015745,-69.073199,-56.500000,-56.500000,0.859104,2.585073,70.104314,180.788006,74789,856720,3600.000000,11,40,40,GUROBI,1,7,0,0
3,New,4,-74.104110,-73.113664,-73.117844,-68.978041,-56.500000,-56.500000,0.756246,3.117906,11.337291,82.964419,43187,548363,3600.000000,9,40,40,GUROBI,1,5,0,0
