instanceIndex,vpcGenerator,terms,lpBound,disjunctiveDualBound,lpBoundPostVpc,rootDualBound,dualBound,primalBound,vpcGenerationTime,rootDualBoundTime,bestSolutionTime,terminationTime,nodes,iterations,maxTime,actualTerms,numCuts,cutLimit,mipSolver,providePrimalBound,infeasibleTerms,feasibleToInfeasibleTerms,infeasibleToFeasibleTerms
0,None,64,-78.073128,-78.073128,-78.073128,-72.984117,-62.000000,-62.000000,0.000024,8.992811,1193.242104,1193.246303,299389,4634054,3600.000000,0,0,0,GUROBI,1,0,0,0
1,None,64,-78.542379,-78.542379,-78.542379,-74.255389,-63.000000,-63.000000,0.000002,8.836491,837.343611,837.353424,234435,4119581,3600.000000,0,0,0,GUROBI,1,0,0,0
2,None,64,-77.964313,-77.964313,-77.964313,-73.334960,-62.000000,-62.000000,0.000003,6.203446,841.048679,841.057535,192673,3205314,3600.000000,0,0,0,GUROBI,1,0,0,0
3,None,64,-78.073128,-78.073128,-78.073128,-72.984117,-62.000000,-62.000000,0.000003,8.928508,688.928643,688.937376,164990,3211140,3600.000000,0,0,0,GUROBI,1,0,0,0
