instanceIndex,vpcGenerator,terms,lpBound,disjunctiveDualBound,lpBoundPostVpc,rootDualBound,dualBound,primalBound,vpcGenerationTime,rootDualBoundTime,bestSolutionTime,terminationTime,nodes,iterations,maxTime,actualTerms,numCuts,cutLimit,mipSolver,providePrimalBound,infeasibleTerms,feasibleToInfeasibleTerms,infeasibleToFeasibleTerms
0,None,16,4.000000,4.000000,4.000000,4.000000,10.000000,10.000000,0.000003,3.201941,4.022572,764.038086,83793,5943890,3600.000000,0,0,0,GUROBI,1,0,0,0
1,None,16,3.992188,3.992188,3.992188,3.992188,9.992188,9.992188,0.000003,2.999897,6.288940,607.806469,38129,4329903,3600.000000,0,0,0,GUROBI,1,0,0,0
2,None,16,4.000000,4.000000,4.000000,4.000000,10.000000,10.000000,0.000003,3.431843,6.576113,582.876413,42735,4270791,3600.000000,0,0,0,GUROBI,1,0,0,0
3,None,16,4.000000,4.000000,4.000000,4.000000,10.000000,10.000000,0.000003,2.943669,5.007366,552.377048,47220,4308829,3600.000000,0,0,0,GUROBI,1,0,0,0
