instanceIndex,vpcGenerator,terms,lpBound,disjunctiveDualBound,lpBoundPostVpc,rootDualBound,dualBound,primalBound,vpcGenerationTime,rootDualBoundTime,bestSolutionTime,terminationTime,nodes,iterations,maxTime,actualTerms,numCuts,cutLimit,mipSolver,providePrimalBound,infeasibleTerms,feasibleToInfeasibleTerms,infeasibleToFeasibleTerms
0,New,4,12907.779167,13557.342500,13453.620591,15409.731309,16029.692681,16029.692681,1.934570,2.348640,2.530574,2.613138,79,4395,3600.000000,4,10,10,GUROBI,1,0,0,0
1,Old,4,12907.779167,13557.342500,13256.486518,15640.984238,16029.692452,16029.692452,1.036256,1.348546,1.482870,1.483048,61,2423,3600.000000,4,10,0,GUROBI,1,0,0,0
2,Old,4,12907.779167,13557.342500,13338.050071,15524.345333,16029.692681,16029.692681,1.043488,1.486978,1.642003,1.652952,50,3374,3600.000000,4,10,0,GUROBI,1,0,0,0
3,Old,4,12907.779167,13557.342500,13449.169259,15522.775703,16029.692681,16029.692681,0.967720,1.406723,1.551354,1.576751,48,3506,3600.000000,4,10,0,GUROBI,1,0,0,0
