instanceIndex,vpcGenerator,terms,lpBound,disjunctiveDualBound,lpBoundPostVpc,rootDualBound,dualBound,primalBound,vpcGenerationTime,rootDualBoundTime,bestSolutionTime,terminationTime,nodes,iterations,maxTime,actualTerms,numCuts,cutLimit,mipSolver,providePrimalBound,infeasibleTerms,feasibleToInfeasibleTerms,infeasibleToFeasibleTerms
0,New,4,14274.102667,14279.427542,14277.756365,15771.847217,16029.692681,16029.692681,4.044555,5.510059,5.792429,5.802426,38,4129,3600.000000,4,47,47,GUROBI,1,0,0,0
1,New,4,14274.102667,14279.427542,14274.103435,15569.594857,16029.692681,16029.692681,4.226844,5.310872,5.506843,5.532146,28,3957,3600.000000,4,47,47,GUROBI,1,0,0,0
2,New,4,14274.102667,14279.427542,14275.896458,15635.976766,16029.692681,16029.692681,4.462865,5.640283,5.913330,5.913518,54,4136,3600.000000,4,47,47,GUROBI,1,0,0,0
3,New,4,14274.102667,14279.427542,14275.263915,15380.646226,16029.630181,16029.630181,3.716151,4.362925,4.725117,4.725316,71,4219,3600.000000,4,47,47,GUROBI,1,0,0,0
