instanceIndex,vpcGenerator,terms,lpBound,disjunctiveDualBound,lpBoundPostVpc,rootDualBound,dualBound,primalBound,vpcGenerationTime,rootDualBoundTime,bestSolutionTime,terminationTime,nodes,iterations,maxTime,actualTerms,numCuts,cutLimit,mipSolver,providePrimalBound,infeasibleTerms,feasibleToInfeasibleTerms,infeasibleToFeasibleTerms
0,New,16,12907.779167,13901.405000,13634.845159,15634.714596,16029.692681,16029.692681,3.697203,4.334114,4.404137,4.418924,34,2986,3600.000000,21,10,10,GUROBI,1,14,0,0
1,Farkas,16,12907.779167,13901.405000,13634.845159,15562.225251,16029.692681,16029.692681,0.191318,0.760091,0.872538,0.892794,49,3534,3600.000000,21,10,0,GUROBI,1,14,0,0
2,Farkas,16,12907.779167,13901.405000,13634.845159,15526.415518,16029.692681,16029.692681,0.190101,0.691925,0.830570,0.861468,53,3559,3600.000000,21,10,0,GUROBI,1,14,0,0
3,Farkas,16,12907.779167,13901.405000,13634.845159,15417.373919,16029.630181,16029.630181,0.188876,0.580483,0.686179,0.713852,37,3035,3600.000000,21,10,0,GUROBI,1,14,0,0
