instanceIndex,seedIndex,vpcGenerator,terms,lpBound,disjunctiveDualBound,lpBoundPostVpc,rootDualBound,dualBound,primalBound,vpcGenerationTime,rootDualBoundTime,bestSolutionTime,terminationTime,nodes,iterations,maxTime,actualTerms,numCuts,cutLimit,mipSolver,providePrimalBound,infeasibleTerms,feasibleToInfeasibleTerms,infeasibleToFeasibleTerms,termRemainsFeasibleBasisInfeasible,cutsChangedCoefficients,feasibleTermsPrunedByBound,tighten_disjunction,tighten_matrix_perturbation,tighten_infeasible_to_feasible_term,tighten_feasible_to_infeasible_basis
0,0,New,4,17561.353680,17561.353680,17561.353680,17563.937533,17566.000000,17567.000000,7.381905,13.756546,1144.326317,3607.390646,74468,9333482,3600.000000,4,17,774,GUROBI,1,0,0,0,0,0,0,0,0,0,0
1,0,Term,4,17561.353680,17561.353680,17561.353680,17564.150000,17566.000000,17567.000000,0.115205,10.776335,1406.015936,1406.057935,33596,3128665,3600.000000,4,17,0,GUROBI,1,0,0,0,0,0,0,0,0,1,0
2,0,Term,4,17561.353680,17561.353680,17561.353680,17564.305556,17566.000000,17567.000000,0.112002,7.692100,2439.128292,3600.121029,71312,8744955,3600.000000,4,17,0,GUROBI,1,0,0,0,0,0,0,0,0,1,0
3,0,Term,4,17561.353680,17561.353680,17561.353680,17563.937533,17566.000000,17567.000000,0.115279,7.011881,1231.720141,3600.127596,68710,8802410,3600.000000,4,17,0,GUROBI,1,0,0,0,0,0,0,0,0,1,0
