instanceIndex,vpcGenerator,terms,lpBound,disjunctiveDualBound,lpBoundPostVpc,rootDualBound,dualBound,primalBound,vpcGenerationTime,rootDualBoundTime,bestSolutionTime,terminationTime,nodes,iterations,maxTime,actualTerms,numCuts,cutLimit,mipSolver,providePrimalBound,infeasibleTerms,feasibleToInfeasibleTerms,infeasibleToFeasibleTerms
0,None,64,2691.439469,2691.439469,2691.439469,3027.393427,3251.696108,3252.000000,0.000033,0.210106,7.869910,12.307350,5227,136535,3600.000000,0,0,0,GUROBI,1,0,0,0
1,None,64,2691.439469,2691.439469,2691.439469,3057.238659,3251.764256,3252.000000,0.000003,0.349465,19.933143,21.805926,9615,247871,3600.000000,0,0,0,GUROBI,1,0,0,0
2,None,64,2691.439469,2691.439469,2691.439469,3027.393427,3251.696108,3252.000000,0.000004,0.224015,7.889162,12.325332,5227,136535,3600.000000,0,0,0,GUROBI,1,0,0,0
3,None,64,2691.439469,2691.439469,2691.439469,3050.178123,3270.682821,3271.000000,0.000004,0.289075,16.949679,24.724294,10983,283462,3600.000000,0,0,0,GUROBI,1,0,0,0
