instanceIndex,seedIndex,vpcGenerator,terms,lpBound,disjunctiveDualBound,lpBoundPostVpc,rootDualBound,dualBound,primalBound,vpcGenerationTime,rootDualBoundTime,bestSolutionTime,terminationTime,nodes,iterations,maxTime,actualTerms,numCuts,cutLimit,mipSolver,providePrimalBound,infeasibleTerms,feasibleToInfeasibleTerms,infeasibleToFeasibleTerms,termRemainsFeasibleBasisInfeasible,cutsChangedCoefficients,feasibleTermsPrunedByBound,tighten_disjunction,tighten_matrix_perturbation,tighten_infeasible_to_feasible_term,tighten_feasible_to_infeasible_basis
0,0,New,4,2691.439469,2738.395926,2738.395926,3058.772041,3251.682665,3252.000000,0.926728,1.274326,13.492889,16.983462,7024,168969,3600.000000,4,18,18,GUROBI,1,0,0,0,0,0,0,0,0,0,0
1,0,Basis,4,2710.837027,2724.338542,2722.299165,3028.683542,3275.674147,3276.000000,0.009330,0.373680,13.793720,22.545373,9384,243252,3600.000000,4,18,0,GUROBI,1,0,0,0,0,0,0,0,0,0,1
2,0,Basis,4,2687.988736,2708.538126,2699.357272,3013.555295,3272.801504,3273.000000,0.009218,0.259705,37.403806,39.470196,15095,419779,3600.000000,4,18,0,GUROBI,1,0,0,0,0,0,0,0,0,0,1
3,0,Basis,4,2666.469031,2679.063853,2670.040876,3041.388233,3197.714745,3198.000000,0.009654,0.432674,6.772364,6.772480,1740,48751,3600.000000,4,18,0,GUROBI,1,0,0,0,0,0,0,0,0,0,1
