instanceIndex,vpcGenerator,terms,lpBound,disjunctiveDualBound,lpBoundPostVpc,rootDualBound,dualBound,primalBound,vpcGenerationTime,rootDualBoundTime,bestSolutionTime,terminationTime,nodes,iterations,maxTime,actualTerms,numCuts,cutLimit,mipSolver,providePrimalBound,infeasibleTerms,feasibleToInfeasibleTerms,infeasibleToFeasibleTerms
0,New,16,3444.421066,3457.979887,3456.693061,3461.167548,3675.721280,3712.000000,2764.983560,2766.904424,5885.070441,6364.985742,523556,23222853,3600.000000,16,86,86,GUROBI,1,0,0,0
1,New,16,4047.926587,4085.208908,4073.524630,4244.072880,4427.573354,4427.999997,33.317684,34.519070,131.637663,131.637899,15397,611090,3600.000000,16,39,39,GUROBI,1,0,0,0
2,New,16,4883.235694,4948.719097,4943.721478,5236.779321,5329.000000,5329.000000,11.739813,12.641850,18.044364,18.048215,817,22576,3600.000000,16,28,28,GUROBI,1,0,0,0
3,New,16,4249.504684,4297.907677,4296.143327,4499.345256,4652.124731,4652.588233,26.131594,28.348296,395.624631,396.676190,51114,2171527,3600.000000,16,42,42,GUROBI,1,0,0,0
