instanceIndex,seedIndex,vpcGenerator,terms,lpBound,disjunctiveDualBound,lpBoundPostVpc,rootDualBound,dualBound,primalBound,vpcGenerationTime,rootDualBoundTime,bestSolutionTime,terminationTime,nodes,iterations,maxTime,actualTerms,numCuts,cutLimit,mipSolver,providePrimalBound,infeasibleTerms,feasibleToInfeasibleTerms,infeasibleToFeasibleTerms,termRemainsFeasibleBasisInfeasible,cutsChangedCoefficients,feasibleTermsPrunedByBound,tighten_disjunction,tighten_matrix_perturbation,tighten_infeasible_to_feasible_term,tighten_feasible_to_infeasible_basis
0,0,New,4,3157.377442,3180.305873,3180.305873,3472.201110,3663.670074,3664.000000,0.775481,1.213885,33.042547,33.042697,8872,281130,3600.000000,4,13,17,GUROBI,1,0,0,0,0,0,0,0,0,0,0
1,0,Matrix,4,3066.351376,3072.428299,3072.428299,3455.912541,3733.632874,3734.000000,0.014167,0.344772,82.176336,126.864323,28395,895414,3600.000000,4,13,0,GUROBI,1,0,0,0,4,13,0,0,1,0,0
2,0,Matrix,4,3121.380981,3151.719496,3128.812086,3516.435053,3715.704624,3716.000000,0.014836,0.410141,108.755364,109.293271,21370,790038,3600.000000,4,13,0,GUROBI,1,0,0,0,4,13,0,0,1,0,0
3,0,Matrix,4,3436.614521,3445.754521,3445.754521,3749.405587,3980.612667,3981.000000,0.017903,0.409711,239.578679,239.578860,52579,2036022,3600.000000,4,13,0,GUROBI,1,0,0,0,4,13,0,0,1,0,0
