instanceIndex,vpcGenerator,terms,lpBound,disjunctiveDualBound,lpBoundPostVpc,rootDualBound,dualBound,primalBound,vpcGenerationTime,rootDualBoundTime,bestSolutionTime,terminationTime,nodes,iterations,maxTime,actualTerms,numCuts,cutLimit,mipSolver,providePrimalBound,infeasibleTerms,feasibleToInfeasibleTerms,infeasibleToFeasibleTerms
0,None,16,13.244444,13.244444,13.244444,14.000000,15.000000,15.000000,0.000015,0.104456,0.194715,0.208425,135,2513,3600.000000,0,0,0,GUROBI,1,0,0,0
1,None,16,13.244444,13.244444,13.244444,14.000000,15.000000,15.000000,0.000004,0.106917,0.197746,0.211411,135,2513,3600.000000,0,0,0,GUROBI,1,0,0,0
2,None,16,13.244444,13.244444,13.244444,14.000000,15.000000,15.000000,0.000003,0.102261,0.185357,0.198013,135,2513,3600.000000,0,0,0,GUROBI,1,0,0,0
3,None,16,13.244444,13.244444,13.244444,14.000000,15.000000,15.000000,0.000003,0.108028,0.199415,0.213216,135,2513,3600.000000,0,0,0,GUROBI,1,0,0,0
