instanceIndex,seedIndex,vpcGenerator,terms,lpBound,disjunctiveDualBound,lpBoundPostVpc,rootDualBound,dualBound,primalBound,vpcGenerationTime,rootDualBoundTime,bestSolutionTime,terminationTime,nodes,iterations,maxTime,actualTerms,numCuts,cutLimit,mipSolver,providePrimalBound,infeasibleTerms,feasibleToInfeasibleTerms,infeasibleToFeasibleTerms,termRemainsFeasibleBasisInfeasible,cutsChangedCoefficients,feasibleTermsPrunedByBound,tighten_disjunction,tighten_matrix_perturbation,tighten_infeasible_to_feasible_term,tighten_feasible_to_infeasible_basis
0,0,New,4,11115.630502,11118.340593,11118.340593,12669.755460,12889.000000,12890.000000,1.822883,4.526385,31.306823,32.608952,2455,105232,3600.000000,4,8,195,GUROBI,1,0,0,0,0,0,0,0,0,0,0
1,0,All,4,11115.630502,11118.340593,11118.340593,12660.513162,12888.851494,12889.999937,0.069165,2.402451,37.511653,44.267865,3506,148186,3600.000000,4,8,0,GUROBI,1,0,0,0,0,0,0,1,1,1,1
2,0,All,4,11115.646765,11118.357703,11118.357703,12669.282959,12888.840312,12890.023412,0.054180,2.520071,39.300789,39.301164,3164,131463,3600.000000,4,8,0,GUROBI,1,0,0,0,0,0,0,1,1,1,1
3,0,All,4,11115.630502,11118.340593,11118.340593,12641.308867,12890.000000,12890.000000,0.057485,2.131856,26.658035,28.679499,1510,65337,3600.000000,4,8,0,GUROBI,1,0,0,0,0,0,0,1,1,1,1
