instanceIndex,vpcGenerator,terms,lpBound,disjunctiveDualBound,lpBoundPostVpc,rootDualBound,dualBound,primalBound,vpcGenerationTime,rootDualBoundTime,bestSolutionTime,terminationTime,nodes,iterations,maxTime,actualTerms,numCuts,cutLimit,mipSolver,providePrimalBound,infeasibleTerms,feasibleToInfeasibleTerms,infeasibleToFeasibleTerms
0,None,4,404.658413,404.658413,404.658413,407.548051,410.725285,410.763701,0.000003,5.345936,124.779625,127.613340,1441,179805,3600.000000,0,0,0,GUROBI,1,0,0,0
1,None,4,404.941064,404.941064,404.941064,407.760944,411.024677,411.054227,0.000003,8.593365,141.259409,241.761767,2677,309961,3600.000000,0,0,0,GUROBI,1,0,0,0
2,None,4,405.972737,405.972737,405.972737,408.930331,411.946050,411.970737,0.000003,6.366465,69.474527,106.561596,1604,266190,3600.000000,0,0,0,GUROBI,1,0,0,0
3,None,4,406.268894,406.268894,406.268894,408.916521,411.687215,411.722830,0.000003,5.460956,59.510417,60.710640,855,111765,3600.000000,0,0,0,GUROBI,1,0,0,0
