instanceIndex,vpcGenerator,terms,lpBound,disjunctiveDualBound,lpBoundPostVpc,rootDualBound,dualBound,primalBound,vpcGenerationTime,rootDualBoundTime,bestSolutionTime,terminationTime,nodes,iterations,maxTime,actualTerms,numCuts,cutLimit,mipSolver,providePrimalBound,infeasibleTerms,feasibleToInfeasibleTerms,infeasibleToFeasibleTerms
0,New,16,404.658413,406.342975,406.092467,407.567182,410.724995,410.763701,2210.353856,2216.836598,2228.152715,2326.915276,1560,190085,3600.000000,16,26,74,GUROBI,1,4,0,0
1,Old,16,404.908413,406.592975,406.364092,407.860865,410.972616,411.013701,2356.533118,2362.564772,2391.204348,2451.028914,1589,178359,3600.000000,16,33,0,GUROBI,1,4,0,0
2,Old,16,404.908413,406.592975,406.391479,407.816516,410.985883,411.013701,2282.527760,2288.804278,2304.381490,2364.026007,1359,151826,3600.000000,16,32,0,GUROBI,1,4,0,0
3,Old,16,404.658413,406.342975,406.134508,407.527162,410.722785,410.763701,2095.605228,2101.178105,2178.267119,2219.832197,2329,243151,3600.000000,16,32,0,GUROBI,1,4,0,0
