instanceIndex,vpcGenerator,terms,lpBound,disjunctiveDualBound,lpBoundPostVpc,rootDualBound,dualBound,primalBound,vpcGenerationTime,rootDualBoundTime,bestSolutionTime,terminationTime,nodes,iterations,maxTime,actualTerms,numCuts,cutLimit,mipSolver,providePrimalBound,infeasibleTerms,feasibleToInfeasibleTerms,infeasibleToFeasibleTerms
0,None,64,-301650.000000,-301650.000000,-301650.000000,-301650.000000,-301650.000000,-301650.000000,0.000004,1.355360,2.408977,2.413057,95,8625,3600.000000,0,0,0,GUROBI,1,0,0,0
1,None,64,-301650.718750,-301650.718750,-301650.718750,-301650.718750,-301650.698223,-301650.343750,0.000003,1.472070,3.723374,3.726757,290,16667,3600.000000,0,0,0,GUROBI,1,0,0,0
2,None,64,-301650.031250,-301650.031250,-301650.031250,-301650.031250,-301650.031250,-301650.031250,0.000004,0.439278,0.442901,0.444424,1,2203,3600.000000,0,0,0,GUROBI,1,0,0,0
3,None,64,-301650.000000,-301650.000000,-301650.000000,-301650.000000,-301650.000000,-301650.000000,0.000004,1.337973,2.371155,2.374715,95,8625,3600.000000,0,0,0,GUROBI,1,0,0,0
