instanceIndex,vpcGenerator,terms,lpBound,disjunctiveDualBound,lpBoundPostVpc,rootDualBound,dualBound,primalBound,vpcGenerationTime,rootDualBoundTime,bestSolutionTime,terminationTime,nodes,iterations,maxTime,actualTerms,numCuts,cutLimit,mipSolver,providePrimalBound,infeasibleTerms,feasibleToInfeasibleTerms,infeasibleToFeasibleTerms
0,New,4,-301650.000000,-301650.000000,-301650.000000,-301650.000000,-301650.000000,-301650.000000,3.418065,4.869844,5.884954,5.888296,100,5705,3600.000000,4,21,248,GUROBI,1,0,0,0
1,New,4,-301650.718750,-301650.718750,-301650.718750,-301650.718750,-301650.718750,-301650.343750,3.487070,5.177070,6.902943,6.905879,107,9569,3600.000000,4,36,232,GUROBI,1,0,0,0
2,New,4,-301650.031250,-301650.031250,-301650.031250,-301650.031250,-301650.031250,-301650.031250,2.476068,2.948958,2.952838,2.954568,1,2203,3600.000000,4,8,253,GUROBI,1,0,0,0
3,New,4,-301650.000000,-301650.000000,-301650.000000,-301650.000000,-301650.000000,-301650.000000,3.426406,4.730578,5.568983,5.572682,100,5705,3600.000000,4,21,248,GUROBI,1,0,0,0
