instanceIndex,vpcGenerator,terms,lpBound,disjunctiveDualBound,lpBoundPostVpc,rootDualBound,dualBound,primalBound,vpcGenerationTime,rootDualBoundTime,bestSolutionTime,terminationTime,nodes,iterations,maxTime,actualTerms,numCuts,cutLimit,mipSolver,providePrimalBound,infeasibleTerms,feasibleToInfeasibleTerms,infeasibleToFeasibleTerms
0,None,16,34.598395,34.598395,34.598395,67.988528,69.000000,69.000000,0.000031,0.071687,0.000031,0.073086,1,466,3600.000000,0,0,0,GUROBI,1,0,0,0
1,None,16,-105.047587,-105.047587,-105.047587,-71.625000,-71.625000,-71.625000,0.000002,0.064795,0.065658,0.066072,1,365,3600.000000,0,0,0,GUROBI,1,0,0,0
2,None,16,34.598395,34.598395,34.598395,68.502922,69.000000,69.000000,0.000003,0.058488,0.000003,0.059544,1,469,3600.000000,0,0,0,GUROBI,1,0,0,0
3,None,16,34.598395,34.598395,34.598395,68.502922,69.000000,69.000000,0.000003,0.056106,0.000003,0.057155,1,472,3600.000000,0,0,0,GUROBI,1,0,0,0
