instanceIndex,seedIndex,vpcGenerator,terms,lpBound,disjunctiveDualBound,lpBoundPostVpc,rootDualBound,dualBound,primalBound,vpcGenerationTime,rootDualBoundTime,bestSolutionTime,terminationTime,nodes,iterations,maxTime,actualTerms,numCuts,cutLimit,mipSolver,providePrimalBound,infeasibleTerms,feasibleToInfeasibleTerms,infeasibleToFeasibleTerms,termRemainsFeasibleBasisInfeasible,cutsChangedCoefficients,feasibleTermsPrunedByBound,tighten_disjunction,tighten_matrix_perturbation,tighten_infeasible_to_feasible_term,tighten_feasible_to_infeasible_basis
0,0,None,4,216670237.636667,216670237.636667,216670237.636667,218102351.706260,219656371.377376,219676790.400000,0.000003,5.464659,44.858995,44.859669,2219,112953,3600.000000,0,0,0,GUROBI,1,0,0,0,0,0,0,0,0,0,0
1,0,None,4,208613681.680170,208613681.680170,208613681.680170,212390535.868493,219387651.036267,219409099.200000,0.000003,11.472945,1411.110502,1411.111239,27834,2833837,3600.000000,0,0,0,GUROBI,1,0,0,0,0,0,0,0,0,0,0
2,0,None,4,206806760.831026,206806760.831026,206806760.831026,211107152.925047,219103219.207836,221765419.200000,0.000002,8.118578,1118.175410,3600.007742,107224,8994831,3600.000000,0,0,0,GUROBI,1,0,0,0,0,0,0,0,0,0,0
3,0,None,4,214188847.551751,214188847.551751,214188847.551751,216127734.998218,220913522.086363,220935386.400000,0.000002,8.274347,512.152814,704.787900,21168,2049460,3600.000000,0,0,0,GUROBI,1,0,0,0,0,0,0,0,0,0,0
