instanceIndex,seedIndex,vpcGenerator,terms,lpBound,disjunctiveDualBound,lpBoundPostVpc,rootDualBound,dualBound,primalBound,vpcGenerationTime,rootDualBoundTime,bestSolutionTime,terminationTime,nodes,iterations,maxTime,actualTerms,numCuts,cutLimit,mipSolver,providePrimalBound,infeasibleTerms,feasibleToInfeasibleTerms,infeasibleToFeasibleTerms,termRemainsFeasibleBasisInfeasible,cutsChangedCoefficients,feasibleTermsPrunedByBound,tighten_disjunction,tighten_matrix_perturbation,tighten_infeasible_to_feasible_term,tighten_feasible_to_infeasible_basis
0,0,New,4,1288.102161,1288.102161,1288.102161,1383.190267,1744.950727,1745.124182,1.288038,1.713426,634.656409,641.215190,142756,2383503,3600.000000,4,4,207,GUROBI,1,0,0,0,0,0,0,0,0,0,0
1,0,Basis,4,1293.966123,1293.966123,1293.966123,1391.153808,1714.351713,1714.520628,0.024290,0.546094,378.774002,381.902617,74062,1451614,3600.000000,4,4,0,GUROBI,1,0,0,0,1,0,0,0,0,0,1
2,0,Basis,4,1291.088824,1291.088824,1291.088824,1387.119746,1716.217907,1716.366306,0.024624,0.446111,508.046480,508.046738,91090,1913398,3600.000000,4,4,0,GUROBI,1,0,0,0,1,0,0,0,0,0,1
3,0,Basis,4,1298.256620,1298.256620,1298.256620,1393.308034,1738.575551,1738.741352,0.033354,0.499207,450.609741,531.501420,106877,2010760,3600.000000,4,4,0,GUROBI,1,0,0,0,2,0,0,0,0,0,1
