instanceIndex,vpcGenerator,terms,lpBound,disjunctiveDualBound,lpBoundPostVpc,rootDualBound,dualBound,primalBound,vpcGenerationTime,rootDualBoundTime,bestSolutionTime,terminationTime,nodes,iterations,maxTime,actualTerms,numCuts,cutLimit,mipSolver,providePrimalBound,infeasibleTerms,feasibleToInfeasibleTerms,infeasibleToFeasibleTerms
0,New,16,0.036932,0.037363,0.037024,0.040681,0.040681,0.038928,9.853536,10.339523,9.853536,10.437546,1,4108,3600.000000,16,6,115,GUROBI,1,9,0,0
1,Old,16,-143.515840,3348.906536,3348.816991,3348.834475,3348.834475,-143.459826,15.179165,15.651164,15.179165,15.675945,1,2427,3600.000000,16,2,0,GUROBI,1,6,6,9
2,Old,16,-177.487726,1982.464927,1982.464528,1982.500419,1982.500419,-177.365994,15.667245,16.079599,15.667245,16.110537,1,2350,3600.000000,16,5,0,GUROBI,1,6,6,9
3,Old,16,-103.435203,3765.344557,-102.409502,-102.412675,-102.412675,-103.271708,15.051743,15.599567,15.051743,15.620999,1,2580,3600.000000,16,9,0,GUROBI,1,6,6,9
