instanceIndex,vpcGenerator,terms,lpBound,disjunctiveDualBound,lpBoundPostVpc,rootDualBound,dualBound,primalBound,vpcGenerationTime,rootDualBoundTime,bestSolutionTime,terminationTime,nodes,iterations,maxTime,actualTerms,numCuts,cutLimit,mipSolver,providePrimalBound,infeasibleTerms,feasibleToInfeasibleTerms,infeasibleToFeasibleTerms
0,None,4,0.000000,0.000000,0.000000,1221.333333,1224.000000,1224.000000,0.000026,0.310653,0.000026,0.313318,1,1467,3600.000000,0,0,0,GUROBI,1,0,0,0
1,None,4,7.000000,7.000000,7.000000,1197.000000,1235.000000,1235.000000,0.000002,0.461792,0.526077,0.544090,14,2953,3600.000000,0,0,0,GUROBI,1,0,0,0
2,None,4,5.000000,5.000000,5.000000,1219.900000,1226.000000,1226.000000,0.000003,0.250025,0.000003,0.254138,1,1123,3600.000000,0,0,0,GUROBI,1,0,0,0
3,None,4,5.000000,5.000000,5.000000,1220.500000,1225.000000,1225.000000,0.000003,0.608888,0.000003,0.613703,1,2638,3600.000000,0,0,0,GUROBI,1,0,0,0
