instanceIndex,vpcGenerator,terms,lpBound,disjunctiveDualBound,lpBoundPostVpc,rootDualBound,dualBound,primalBound,vpcGenerationTime,rootDualBoundTime,bestSolutionTime,terminationTime,nodes,iterations,maxTime,actualTerms,numCuts,cutLimit,mipSolver,providePrimalBound,infeasibleTerms,feasibleToInfeasibleTerms,infeasibleToFeasibleTerms
0,None,64,618783.684884,618783.684884,618783.684884,632895.730479,764702.121436,764772.000000,0.000012,1.339867,353.827073,353.827236,35998,1510407,3600.000000,0,0,0,GUROBI,1,0,0,0
1,None,64,617037.359439,617037.359439,617037.359439,633090.918607,764812.054508,764883.000000,0.000001,1.034609,309.515257,312.870956,32398,1314411,3600.000000,0,0,0,GUROBI,1,0,0,0
2,None,64,617010.905215,617010.905215,617010.905215,632608.508330,764693.215175,764760.000000,0.000002,1.077297,451.468913,460.532128,43849,1893246,3600.000000,0,0,0,GUROBI,1,0,0,0
3,None,64,617830.198116,617830.198116,617830.198116,633158.298510,764041.501006,764114.000000,0.000002,1.081774,443.386560,443.560731,40836,1838346,3600.000000,0,0,0,GUROBI,1,0,0,0
