instanceIndex,vpcGenerator,terms,lpBound,disjunctiveDualBound,lpBoundPostVpc,rootDualBound,dualBound,primalBound,vpcGenerationTime,rootDualBoundTime,bestSolutionTime,terminationTime,nodes,iterations,maxTime,actualTerms,numCuts,cutLimit,mipSolver,providePrimalBound,infeasibleTerms,feasibleToInfeasibleTerms,infeasibleToFeasibleTerms
0,New,64,28694.000000,107128.666667,51563.000000,463509.078470,764697.711706,764772.000000,1.716818,2.135370,264.030796,264.031017,52617,2104860,3600.000000,64,2,128,GUROBI,1,14,0,0
1,Old,64,35928.000000,81272.000000,45782.000000,470814.530981,784567.133411,784637.000000,0.554993,0.960682,236.117387,241.612514,50662,2078431,3600.000000,64,2,0,GUROBI,1,24,18,8
2,Old,64,51463.000000,74984.000000,66500.667789,458410.503608,787276.875081,787349.000000,0.807142,1.187185,197.418171,206.872976,48252,1717772,3600.000000,64,28,0,GUROBI,1,16,12,10
3,Old,64,31934.000000,68560.000000,41948.888889,453664.033734,760412.175032,760482.000000,0.601109,0.925133,146.667515,146.667702,35148,1147601,3600.000000,64,4,0,GUROBI,1,22,18,10
