instanceIndex,vpcGenerator,terms,lpBound,disjunctiveDualBound,lpBoundPostVpc,rootDualBound,dualBound,primalBound,vpcGenerationTime,rootDualBoundTime,bestSolutionTime,terminationTime,nodes,iterations,maxTime,actualTerms,numCuts,cutLimit,mipSolver,providePrimalBound,infeasibleTerms,feasibleToInfeasibleTerms,infeasibleToFeasibleTerms
0,New,4,28694.000000,54345.666667,48194.000000,463509.078470,764697.711706,764772.000000,0.783036,1.196509,262.228245,262.228464,52617,2104860,3600.000000,4,2,128,GUROBI,1,0,0,0
1,New,4,216285.662856,236899.662856,226285.662856,406177.016624,606998.788784,607037.607045,0.076232,0.504031,11.680387,11.860823,6495,117748,3600.000000,4,1,89,GUROBI,1,0,0,0
2,New,4,210005.396691,248443.463855,230494.558502,500299.809299,691486.674677,691553.748998,0.117507,0.471406,146.261108,146.261250,62049,1203271,3600.000000,6,3,102,GUROBI,1,2,0,0
3,New,4,94507.456588,122507.456588,117378.880147,374113.893078,632783.233326,632822.385183,0.082932,0.433323,142.045094,150.058788,44012,1060916,3600.000000,4,2,105,GUROBI,1,0,0,0
