instanceIndex,vpcGenerator,terms,lpBound,disjunctiveDualBound,lpBoundPostVpc,rootDualBound,dualBound,primalBound,vpcGenerationTime,rootDualBoundTime,bestSolutionTime,terminationTime,nodes,iterations,maxTime,actualTerms,numCuts,cutLimit,mipSolver,providePrimalBound,infeasibleTerms,feasibleToInfeasibleTerms,infeasibleToFeasibleTerms
0,New,64,25302.209524,27137.949884,25805.491566,129090.840776,130582.943344,130596.000000,6.129684,6.889939,243.604374,383.941116,102962,1487143,3600.000000,64,2,321,GUROBI,1,0,0,0
1,Farkas,64,20963.918917,22589.513017,21454.640428,112713.097322,113294.673957,113306.000000,0.523707,1.203800,71.380595,71.380873,21304,274408,3600.000000,64,2,0,GUROBI,1,0,0,0
2,Farkas,64,23696.989798,25144.966981,23915.262596,117182.190935,117464.305721,117476.000000,0.508356,1.230611,16.638351,17.326818,4131,43874,3600.000000,64,2,0,GUROBI,1,0,0,0
3,Farkas,64,24748.990212,26294.864509,25321.986576,123400.332811,124151.603271,124164.000000,0.484607,1.133628,73.908282,73.908609,18240,271638,3600.000000,64,2,0,GUROBI,1,0,0,0
