instanceIndex,vpcGenerator,terms,lpBound,disjunctiveDualBound,lpBoundPostVpc,rootDualBound,dualBound,primalBound,vpcGenerationTime,rootDualBoundTime,bestSolutionTime,terminationTime,nodes,iterations,maxTime,actualTerms,numCuts,cutLimit,mipSolver,providePrimalBound,infeasibleTerms,feasibleToInfeasibleTerms,infeasibleToFeasibleTerms
0,New,16,0.000000,0.000000,0.000000,0.000000,28290.000000,28290.000000,4.682936,4.994944,18.213042,33.361206,11814,80854,3600.000000,95,8,24,GUROBI,1,88,0,0
1,Old,16,0.000000,0.000000,0.000000,0.000000,28290.000000,28290.000000,1.547204,1.854014,15.541480,30.797680,11814,80854,3600.000000,95,3,0,GUROBI,1,88,0,0
2,Old,16,0.000000,0.000000,0.000000,0.000000,28290.000000,28290.000000,1.557712,1.868544,15.268872,30.529780,11814,80854,3600.000000,95,3,0,GUROBI,1,88,0,0
3,Old,16,0.000000,0.000000,0.000000,0.000000,28290.000000,28290.000000,1.550139,1.859035,15.445685,30.768463,11814,80854,3600.000000,95,3,0,GUROBI,1,88,0,0
