instanceIndex,seedIndex,vpcGenerator,terms,lpBound,disjunctiveDualBound,lpBoundPostVpc,rootDualBound,dualBound,primalBound,vpcGenerationTime,rootDualBoundTime,bestSolutionTime,terminationTime,nodes,iterations,maxTime,actualTerms,numCuts,cutLimit,mipSolver,providePrimalBound,infeasibleTerms,feasibleToInfeasibleTerms,infeasibleToFeasibleTerms,termRemainsFeasibleBasisInfeasible,cutsChangedCoefficients,feasibleTermsPrunedByBound,tighten_disjunction,tighten_matrix_perturbation,tighten_infeasible_to_feasible_term,tighten_feasible_to_infeasible_basis
0,0,New,4,242.000000,242.666667,242.666667,276.856350,305.000000,314.000000,147.152909,151.378975,2617.803257,3747.157209,87858,16760118,3600.000000,4,4,748,GUROBI,1,0,0,0,0,0,0,0,0,0,0
1,0,Farkas,4,238.654762,239.319444,239.277778,273.646324,304.000000,313.000000,0.222646,4.116745,2658.176719,3600.227047,78155,15091671,3600.000000,4,4,0,GUROBI,1,0,0,0,0,0,0,0,0,0,0
2,0,Farkas,4,238.102536,238.740425,238.739296,271.661143,305.000000,314.000000,0.272759,3.820255,2182.234960,3600.277027,97671,17022213,3600.000000,4,4,0,GUROBI,1,0,0,0,0,0,0,0,0,0,0
3,0,Farkas,4,238.000000,238.666667,238.666667,274.939281,303.000000,310.000000,0.104802,4.857750,1338.573809,3600.109816,76836,12131716,3600.000000,4,4,0,GUROBI,1,0,0,0,0,0,0,0,0,0,0
