instanceIndex,seedIndex,vpcGenerator,terms,lpBound,disjunctiveDualBound,lpBoundPostVpc,rootDualBound,dualBound,primalBound,vpcGenerationTime,rootDualBoundTime,bestSolutionTime,terminationTime,nodes,iterations,maxTime,actualTerms,numCuts,cutLimit,mipSolver,providePrimalBound,infeasibleTerms,feasibleToInfeasibleTerms,infeasibleToFeasibleTerms,termRemainsFeasibleBasisInfeasible,cutsChangedCoefficients,feasibleTermsPrunedByBound,tighten_disjunction,tighten_matrix_perturbation,tighten_infeasible_to_feasible_term,tighten_feasible_to_infeasible_basis
0,0,None,4,29129565.161344,29129565.161344,29129565.161344,29171872.644870,30089422.796270,30090794.000000,0.000001,4.365433,657.043598,657.112077,219517,2686498,3600.000000,0,0,0,GUROBI,1,0,0,0,0,0,0,0,0,0,0
1,0,None,4,29263439.756966,29263439.756966,29263439.756966,29597329.358445,30416539.674853,30418843.000000,0.000003,1.762365,3012.595246,3600.003242,2619694,17850689,3600.000000,0,0,0,GUROBI,1,0,0,0,0,0,0,0,0,0,0
2,0,None,4,29967399.655037,29967399.655037,29967399.655037,30095008.249015,30160895.717657,30162364.000000,0.000003,1.601134,605.732136,605.899865,348642,2649198,3600.000000,0,0,0,GUROBI,1,0,0,0,0,0,0,0,0,0,0
3,0,None,4,29100923.962688,29100923.962688,29100923.962688,29302593.213302,30384100.020044,30386625.000000,0.000003,2.387836,2815.278038,3600.004264,1806852,12439323,3600.000000,0,0,0,GUROBI,1,0,0,0,0,0,0,0,0,0,0
