instanceIndex,vpcGenerator,terms,lpBound,disjunctiveDualBound,lpBoundPostVpc,rootDualBound,dualBound,primalBound,vpcGenerationTime,rootDualBoundTime,bestSolutionTime,terminationTime,nodes,iterations,maxTime,actualTerms,numCuts,mipSolver,providePrimalBound
0,New,16,20.570922,25.881188,25.708479,26.826723,34.000000,34.000000,0.582550,0.701813,0.759627,0.766567,293,1683,300.000000,16,6,GUROBI,1
1,Old,16,20.570922,25.881188,25.552816,26.764686,34.000000,34.000000,0.171704,0.250125,0.256405,0.282339,145,854,300.000000,16,6,GUROBI,1
2,Old,16,20.570922,25.881188,25.708479,26.908517,34.000000,34.000000,0.181950,0.289021,0.381399,0.386838,471,2223,300.000000,16,6,GUROBI,1
3,Old,16,20.570922,25.881188,25.708701,26.875880,34.000000,34.000000,0.169605,0.285800,0.354517,0.361486,351,1914,300.000000,16,6,GUROBI,1
4,Old,16,20.570922,25.881188,25.562461,26.591228,34.000000,34.000000,0.185563,0.277665,0.377744,0.384006,529,2482,300.000000,16,6,GUROBI,1
5,Old,16,20.570922,25.881188,25.708479,27.222727,34.000000,34.000000,0.178334,0.319558,0.394761,0.403422,452,2269,300.000000,16,6,GUROBI,1
