instanceIndex,vpcGenerator,terms,lpBound,disjunctiveDualBound,lpBoundPostVpc,rootDualBound,dualBound,primalBound,vpcGenerationTime,rootDualBoundTime,bestSolutionTime,terminationTime,nodes,iterations,maxTime,actualTerms,numCuts,cutLimit,mipSolver,providePrimalBound
0,None,64,20.570922,20.570922,20.570922,25.254785,34.000000,34.000000,0.000002,0.071209,0.206828,0.207270,224,2034,3600.000000,0,0,0,CBC,1
1,None,64,20.570922,20.570922,20.570922,25.004451,34.000000,34.000000,0.000001,0.062043,0.176370,0.176741,202,1748,3600.000000,0,0,0,CBC,1
2,None,64,20.570922,20.570922,20.570922,25.254785,34.000000,34.000000,0.000001,0.071463,0.207060,0.207500,250,2122,3600.000000,0,0,0,CBC,1
3,None,64,20.570922,20.570922,20.570922,25.305222,34.000000,34.000000,0.000001,0.072576,0.209682,0.210105,254,2093,3600.000000,0,0,0,CBC,1
4,None,64,20.570922,20.570922,20.570922,25.312144,34.000000,34.000000,0.000002,0.072989,0.224446,0.224949,338,2544,3600.000000,0,0,0,CBC,1
