instanceIndex,vpcGenerator,terms,lpBound,disjunctiveDualBound,lpBoundPostVpc,rootDualBound,dualBound,primalBound,vpcGenerationTime,rootDualBoundTime,bestSolutionTime,terminationTime,nodes,iterations,maxTime,actualTerms,numCuts,mipSolver,providePrimalBound
0,New,64,20.570922,30.168224,29.976654,30.111798,34.000000,34.000000,2.517593,2.580524,2.607174,2.630843,188,1351,300.000000,69,6,GUROBI,1
2,New,64,19.936227,29.194236,28.992362,29.046457,33.000000,33.000000,2.511569,2.565038,2.597959,2.610485,229,1135,300.000000,72,6,GUROBI,1
5,New,64,20.366546,28.981203,28.853029,29.299621,34.000000,34.000000,2.390684,2.475249,2.509512,2.538979,328,1699,300.000000,68,6,GUROBI,1
