instanceIndex,vpcGenerator,terms,lpBound,disjunctiveDualBound,lpBoundPostVpc,rootDualBound,dualBound,primalBound,vpcGenerationTime,rootDualBoundTime,bestSolutionTime,terminationTime,nodes,iterations,maxTime,actualTerms,numCuts,mipSolver,providePrimalBound
0,New,4,20.570922,22.537880,22.537880,26.183340,34.000000,34.000000,0.152710,0.250687,0.329287,0.338673,450,2274,300.000000,4,6,GUROBI,1
1,Farkas,4,20.570922,22.537880,22.537880,25.565508,34.000000,34.000000,0.017478,0.092074,0.125076,0.133262,228,1148,300.000000,4,6,GUROBI,1
2,Farkas,4,20.570922,22.537880,22.537880,26.288823,34.000000,34.000000,0.017594,0.120759,0.160284,0.165172,247,1235,300.000000,4,6,GUROBI,1
3,Farkas,4,20.570922,22.537880,22.537880,26.737536,34.000000,34.000000,0.017893,0.178608,0.238512,0.250777,378,2112,300.000000,4,6,GUROBI,1
4,Farkas,4,20.570922,22.712478,22.636702,26.040111,34.000000,34.000000,0.018974,0.142395,0.187553,0.187728,229,1264,300.000000,4,6,GUROBI,1
5,Farkas,4,20.570922,22.537880,22.537880,26.603601,34.000000,34.000000,0.024330,0.182325,0.238464,0.244779,340,1840,300.000000,4,6,GUROBI,1
