instanceIndex,vpcGenerator,terms,lpBound,disjunctiveDualBound,lpBoundPostVpc,rootDualBound,dualBound,primalBound,vpcGenerationTime,rootDualBoundTime,bestSolutionTime,terminationTime,nodes,iterations,maxTime,actualTerms,numCuts,cutLimit,mipSolver,providePrimalBound
0,New,16,20.570922,25.881188,25.708479,26.660266,34.000000,34.000000,0.123609,0.191679,0.305671,0.306052,182,1751,3600.000000,16,6,6,CBC,1
1,Farkas,16,20.570922,26.142150,25.891999,26.611973,34.000000,34.000000,0.010357,0.084344,0.184402,0.184796,180,1781,3600.000000,16,6,0,CBC,1
2,Farkas,16,20.570922,26.065771,25.912981,26.720749,34.000000,34.000000,0.010198,0.085947,0.208773,0.209220,218,1986,3600.000000,16,6,0,CBC,1
3,Farkas,16,20.570922,25.881188,25.708479,26.660266,34.000000,34.000000,0.010211,0.077396,0.191762,0.192144,196,1855,3600.000000,16,6,0,CBC,1
4,Farkas,16,20.570922,25.881188,25.708479,26.660266,34.000000,34.000000,0.010368,0.079220,0.194924,0.195302,180,1748,3600.000000,16,6,0,CBC,1
