instanceIndex,vpcGenerator,terms,lpBound,disjunctiveDualBound,lpBoundPostVpc,rootDualBound,dualBound,primalBound,vpcGenerationTime,rootDualBoundTime,bestSolutionTime,terminationTime,nodes,iterations,maxTime,actualTerms,numCuts,cutLimit,mipSolver,providePrimalBound
0,New,16,20.570922,25.881188,25.708479,26.826723,34.000000,34.000000,0.589562,0.701031,0.758858,0.765776,293,1683,3.060000,16,6,6,GUROBI,1
1,New,16,20.065194,24.780778,24.694260,25.630567,30.000000,30.000000,0.651954,0.763139,0.824241,0.828228,330,1697,3.060000,16,7,7,GUROBI,1
2,New,16,20.551073,25.884488,25.781319,26.507443,30.000000,30.000000,0.706336,0.789421,0.810788,0.810862,93,572,3.060000,16,7,7,GUROBI,1
3,New,16,20.673010,25.881188,25.759059,26.726604,34.000000,34.000000,0.687803,0.780177,0.820587,0.830565,232,1398,3.060000,16,7,7,GUROBI,1
4,New,16,20.077726,25.189398,24.528629,25.681812,31.000000,31.000000,0.600374,0.677777,0.693414,0.700770,120,655,3.060000,16,6,6,GUROBI,1
5,New,16,20.570922,25.881188,25.851991,26.770398,34.000000,34.000000,0.592597,0.662368,0.708137,0.709376,218,1236,3.060000,16,6,6,GUROBI,1
