instanceIndex,vpcGenerator,terms,lpBound,disjunctiveDualBound,lpBoundPostVpc,rootDualBound,dualBound,primalBound,vpcGenerationTime,rootDualBoundTime,bestSolutionTime,terminationTime,nodes,iterations,maxTime,actualTerms,numCuts,cutLimit,mipSolver,providePrimalBound
0,None,4,51.590000,51.590000,51.590000,51.590000,52.000000,53.000000,0.000002,1.509758,587.804417,3600.004723,348819,25791518,3600.000000,0,0,0,GUROBI,1
1,None,4,51.590000,51.590000,51.590000,52.000000,52.000000,53.000000,0.000002,1.606647,3422.124940,3600.013481,155969,14045773,3600.000000,0,0,0,GUROBI,1
2,None,4,51.590000,51.590000,51.590000,52.000000,52.000000,53.000000,0.000002,1.023286,299.523186,3600.005429,62153,12967720,3600.000000,0,0,0,GUROBI,1
3,None,4,51.590000,51.590000,51.590000,52.000000,52.000000,53.000000,0.000002,2.736252,1584.137212,3600.004900,134071,14975492,3600.000000,0,0,0,GUROBI,1
4,None,4,51.590000,51.590000,51.590000,52.000000,52.000000,53.000000,0.000002,1.933161,379.424995,3600.004675,184891,15392860,3600.000000,0,0,0,GUROBI,1
5,None,4,51.582187,51.582187,51.582187,51.992188,51.992188,52.992188,0.000001,1.739215,158.540214,3600.004318,119025,15577587,3600.000000,0,0,0,GUROBI,1
