instanceIndex,vpcGenerator,terms,lpBound,disjunctiveDualBound,lpBoundPostVpc,rootDualBound,dualBound,primalBound,vpcGenerationTime,rootDualBoundTime,bestSolutionTime,terminationTime,nodes,iterations,maxTime,actualTerms,numCuts,cutLimit,mipSolver,providePrimalBound
0,None,64,0.000000,0.000000,0.000000,7.000000,34.000000,34.000000,0.000002,1.691669,9.213423,174.758870,23093,828733,3600.000000,0,0,0,GUROBI,1
1,None,64,-0.731719,-0.731719,-0.731719,8.682143,34.031250,34.031250,0.000002,1.588521,3.375383,502.502928,30055,1742167,3600.000000,0,0,0,GUROBI,1
2,None,64,0.046875,0.046875,0.046875,9.807758,34.046875,34.046875,0.000002,2.137940,15.495042,221.302996,25742,1076074,3600.000000,0,0,0,GUROBI,1
3,None,64,-0.015625,-0.015625,-0.015625,6.984466,33.984375,33.984375,0.000002,1.532936,2.465862,803.409461,30791,1541706,3600.000000,0,0,0,GUROBI,1
4,None,64,0.015625,0.015625,0.015625,10.059764,34.015625,34.015625,0.000002,3.909568,12.395204,312.493756,31666,1346646,3600.000000,0,0,0,GUROBI,1
5,None,64,-0.015012,-0.015012,-0.015012,9.937500,33.750000,33.750000,0.000002,2.653449,20.407760,364.665114,31732,1234106,3600.000000,0,0,0,GUROBI,1
6,None,64,-0.234375,-0.234375,-0.234375,8.937500,33.765625,33.765625,0.000002,3.802608,18.398162,330.580556,23207,1022104,3600.000000,0,0,0,GUROBI,1
