instanceIndex,vpcGenerator,terms,lpBound,disjunctiveDualBound,lpBoundPostVpc,rootDualBound,dualBound,primalBound,vpcGenerationTime,rootDualBoundTime,bestSolutionTime,terminationTime,nodes,iterations,maxTime,actualTerms,numCuts,cutLimit,mipSolver,providePrimalBound
0,New,16,-120.000000,-120.000000,-120.000000,-120.000000,-120.000000,-120.000000,30.538927,31.523555,31.705579,31.708076,1,11639,3600.000000,158,3,223,GUROBI,1
1,Farkas,16,-120.000000,-120.000000,-120.000000,-120.000000,-120.000000,-120.000000,7.360388,9.114624,10.165223,10.167110,57,15653,3600.000000,158,3,0,GUROBI,1
2,Farkas,16,-120.500000,-120.500000,-120.500000,-120.500000,-120.500000,-120.500000,7.457695,9.007891,9.015345,9.017068,1,12997,3600.000000,158,3,0,GUROBI,1
3,Farkas,16,-120.500000,-120.500000,-120.500000,-120.500000,-120.500000,-120.500000,8.972240,10.075844,10.083425,10.085126,1,9865,3600.000000,158,3,0,GUROBI,1
