instanceIndex,vpcGenerator,terms,lpBound,disjunctiveDualBound,lpBoundPostVpc,rootDualBound,dualBound,primalBound,vpcGenerationTime,rootDualBoundTime,bestSolutionTime,terminationTime,nodes,iterations,maxTime,actualTerms,numCuts,cutLimit,mipSolver,providePrimalBound
0,New,4,0.012000,0.030968,0.030968,0.136632,0.336508,0.336528,1.341244,1.543105,37.074061,37.074185,11859,259414,3600.000000,4,31,31,GUROBI,1
1,Farkas,4,0.011992,0.030960,0.030960,0.086485,0.336449,0.336449,0.026808,0.202239,0.277468,31.303711,10828,249092,3600.000000,4,31,0,GUROBI,1
2,Farkas,4,0.011906,0.031161,0.031159,0.129477,0.330997,0.330997,0.031190,0.286543,30.761685,30.761802,10743,221912,3600.000000,4,31,0,GUROBI,1
3,Farkas,4,0.011898,0.030968,0.030968,0.100911,0.344587,0.344587,0.028516,0.228718,32.542141,33.152660,10331,230275,3600.000000,4,31,0,GUROBI,1
4,Farkas,4,0.011903,0.031161,0.031155,0.089831,0.276806,0.276806,0.030804,0.199990,5.792490,6.602846,2066,56455,3600.000000,4,31,0,GUROBI,1
5,Farkas,4,0.011905,0.031157,0.031157,0.138154,0.333738,0.333767,0.030468,0.278517,37.498935,37.499045,11537,289455,3600.000000,4,31,0,GUROBI,1
