instanceIndex,vpcGenerator,terms,lpBound,disjunctiveDualBound,lpBoundPostVpc,rootDualBound,dualBound,primalBound,vpcGenerationTime,rootDualBoundTime,bestSolutionTime,terminationTime,nodes,iterations,maxTime,actualTerms,numCuts,cutLimit,mipSolver,providePrimalBound
0,None,16,6302.000000,6302.000000,6302.000000,6356.108219,6374.364494,6375.000000,0.000002,1.486272,434.816588,527.969584,71119,2144452,3600.000000,0,0,0,GUROBI,1
1,None,16,6302.625000,6302.625000,6302.625000,6357.293109,6374.987707,6375.625000,0.000003,1.561394,419.166555,526.934434,81239,2212742,3600.000000,0,0,0,GUROBI,1
2,None,16,6294.885417,6294.885417,6294.885417,6349.594223,6368.738966,6369.375000,0.000002,1.535553,205.014196,250.682843,40372,1013837,3600.000000,0,0,0,GUROBI,1
3,None,16,6300.289583,6300.289583,6300.289583,6356.374499,6373.112948,6373.750000,0.000002,1.526418,262.051213,396.957244,61610,1600842,3600.000000,0,0,0,GUROBI,1
4,None,16,6314.875000,6314.875000,6314.875000,6366.233410,6387.125000,6387.500000,0.000002,1.073076,68.062311,82.460881,12340,296175,3600.000000,0,0,0,GUROBI,1
