instanceIndex,vpcGenerator,terms,lpBound,disjunctiveDualBound,lpBoundPostVpc,rootDualBound,dualBound,primalBound,vpcGenerationTime,rootDualBoundTime,bestSolutionTime,terminationTime,nodes,iterations,maxTime,actualTerms,numCuts,cutLimit,mipSolver,providePrimalBound
0,New,4,52000.000000,52000.000000,52000.000000,52000.000000,52200.000000,52200.000000,8.192243,8.501054,10.259383,10.306198,671,3532,3600.000000,4,24,24,GUROBI,1
1,Farkas,4,51934.539566,51934.539566,51934.539566,51936.458658,52137.000000,52140.000000,0.132071,0.452681,1.137957,1.141326,154,928,3600.000000,4,24,0,GUROBI,1
2,Farkas,4,51969.629870,51969.629870,51969.629870,51971.969539,52173.000000,52173.000000,0.162402,0.644697,0.162402,0.709544,5,978,3600.000000,4,24,0,GUROBI,1
3,Farkas,4,51951.319277,51951.319277,51951.319277,51953.991163,52156.000000,52156.000000,0.122306,0.477350,1.629987,3.868645,552,4065,3600.000000,4,24,0,GUROBI,1
4,Farkas,4,51948.469024,51948.469024,51948.469024,51951.019341,52151.018122,52154.000000,0.126501,0.470852,1.316403,1.319616,201,1062,3600.000000,4,24,0,GUROBI,1
5,Farkas,4,51936.103175,51936.103175,51936.103175,51938.205128,52140.000000,52141.000000,0.131946,0.448763,3.905743,3.907683,685,4533,3600.000000,4,24,0,GUROBI,1
