instanceIndex,vpcGenerator,terms,lpBound,disjunctiveDualBound,lpBoundPostVpc,rootDualBound,dualBound,primalBound,vpcGenerationTime,rootDualBoundTime,bestSolutionTime,terminationTime,nodes,iterations,maxTime,actualTerms,numCuts,cutLimit,mipSolver,providePrimalBound
0,New,4,-18525.765543,-18442.043263,-18461.849652,-17887.589278,-17380.000000,-17380.000000,4134.387076,4144.103485,4153.619775,4171.272954,726,100789,3600.000000,4,139,857,GUROBI,1
1,Old,4,-18488.289908,-18409.476413,-18433.797536,-17827.222863,-17004.000000,-17003.000000,3615.662842,3628.278318,3848.686142,4582.877060,16626,2879104,3600.000000,4,129,0,GUROBI,1
2,Old,4,-18528.695431,-18448.798172,-18487.374363,-17838.147049,-16887.000000,-16886.000000,3619.973140,3630.431044,3975.505670,4537.607025,15846,2505197,3600.000000,4,117,0,GUROBI,1
3,Old,4,-18527.502920,-18452.456712,-18482.931664,-17842.993269,-17380.000000,-17380.000000,3622.766782,3632.094367,3710.206237,3725.602893,1198,267875,3600.000000,4,133,0,GUROBI,1
4,Old,4,-18531.286500,-18446.709349,-18479.686730,-17822.362576,-17178.000000,-17178.000000,3635.811119,3646.771985,3731.756093,3958.066630,6928,924370,3600.000000,4,121,0,GUROBI,1
