instanceIndex,vpcGenerator,terms,lpBound,disjunctiveDualBound,lpBoundPostVpc,rootDualBound,dualBound,primalBound,vpcGenerationTime,rootDualBoundTime,bestSolutionTime,terminationTime,nodes,iterations,maxTime,actualTerms,numCuts,cutLimit,mipSolver,providePrimalBound
0,None,4,1.000000,1.000000,1.000000,1.000000,1.000000,1.000000,0.000003,0.000003,0.000003,7.111130,1,15433,3600.000000,0,0,0,GUROBI,1
1,None,4,1.000000,1.000000,1.000000,1.000000,1.000000,1.000000,0.000003,0.000003,0.000003,9.562017,1,22678,3600.000000,0,0,0,GUROBI,1
2,None,4,1.000000,1.000000,1.000000,1.000000,1.000000,1.000000,0.000003,0.000003,0.000003,7.548850,1,15637,3600.000000,0,0,0,GUROBI,1
3,None,4,2.000000,2.000000,2.000000,2.000000,2.000000,2.000000,0.000004,0.000004,0.000004,8.565007,1,18619,3600.000000,0,0,0,GUROBI,1
