instanceIndex,vpcGenerator,terms,lpBound,disjunctiveDualBound,lpBoundPostVpc,rootDualBound,dualBound,primalBound,vpcGenerationTime,rootDualBoundTime,bestSolutionTime,terminationTime,nodes,iterations,maxTime,actualTerms,numCuts,cutLimit,mipSolver,providePrimalBound
0,New,4,575.020000,641.080000,624.769000,1604.478606,1652.850806,1653.000000,0.651536,1.305772,55.504215,56.697787,4951,300918,3600.000000,4,6,43,GUROBI,1
1,New,4,534.277892,568.277892,568.277892,1571.361012,1653.834918,1654.000000,0.793428,1.368601,473.663020,541.007425,40702,3441419,3600.000000,7,18,48,GUROBI,1
2,New,4,556.679706,581.679706,581.665104,1593.888168,1683.831797,1684.000000,1.111888,1.796370,2169.386368,2181.000896,152052,13639123,3600.000000,6,45,45,GUROBI,1
3,New,4,512.615982,535.615982,535.615982,1497.590703,1606.217040,1617.500000,0.626207,1.194154,3600.627610,3600.627785,272931,22287465,3600.000000,7,10,46,GUROBI,1
4,New,4,541.525182,585.569717,571.958545,1591.859203,1695.089618,1712.000000,0.426315,1.035460,3600.427518,3600.427662,341830,24344539,3600.000000,4,9,46,GUROBI,1
5,New,4,544.343676,565.343676,565.343676,1558.229715,1648.502596,1648.666667,0.550010,1.101287,635.012010,635.012193,47334,3156257,3600.000000,7,10,46,GUROBI,1
