instanceIndex,vpcGenerator,terms,lpBound,disjunctiveDualBound,lpBoundPostVpc,rootDualBound,dualBound,primalBound,vpcGenerationTime,rootDualBoundTime,bestSolutionTime,terminationTime,nodes,iterations,maxTime,actualTerms,numCuts,cutLimit,mipSolver,providePrimalBound
0,New,4,-37831489.264934,-37663194.966394,-37732795.244086,-37464441.727825,-36804283.066274,-36800603.236618,3626.037251,3639.953769,6778.096671,7063.689871,462898,12565166,3600.000000,4,98,814,GUROBI,1
1,New,4,-1858552.248440,-1856963.021845,-1856963.021845,-1604697.305187,-1603824.729578,-1603824.729578,90.112456,90.174656,90.176449,90.177237,8,96,3600.000000,968,1,14,GUROBI,1
2,New,4,-407943.057036,-396621.895179,-403629.122010,-355011.613485,-353250.023841,-353250.024072,97.937236,97.952700,97.953165,97.953862,1,11,3600.000000,1039,1,8,GUROBI,1
