instanceIndex,vpcGenerator,terms,lpBound,disjunctiveDualBound,lpBoundPostVpc,rootDualBound,dualBound,primalBound,vpcGenerationTime,rootDualBoundTime,bestSolutionTime,terminationTime,nodes,iterations,maxTime,actualTerms,numCuts,cutLimit,mipSolver,providePrimalBound
0,New,64,25302.209524,27137.949884,25805.491566,129090.840776,130582.943344,130596.000000,6.496453,7.241525,242.243791,381.296577,102962,1487143,3600.000000,64,2,321,GUROBI,1
1,New,64,24578.678529,25877.345133,24890.092484,122483.320391,123058.694147,123071.000000,6.021150,7.003504,190.250208,230.114032,54796,826358,3600.000000,64,2,305,GUROBI,1
2,New,64,25054.821042,26883.170669,25491.933794,121510.780370,121874.028281,121883.000000,5.986559,6.785313,19.291103,19.291319,1018,15537,3600.000000,64,2,298,GUROBI,1
3,New,64,23608.936780,25396.226622,24128.018162,125709.631111,126257.375956,126270.000000,6.912809,8.154380,587.602555,697.514570,190176,3041807,3600.000000,64,7,317,GUROBI,1
4,New,64,24759.507999,26323.373956,25177.784497,121512.003741,121910.868118,121923.000000,6.018730,7.005546,90.027070,90.027349,16570,285735,3600.000000,64,2,306,GUROBI,1
