instanceIndex,vpcGenerator,terms,lpBound,disjunctiveDualBound,lpBoundPostVpc,rootDualBound,dualBound,primalBound,vpcGenerationTime,rootDualBoundTime,bestSolutionTime,terminationTime,nodes,iterations,maxTime,actualTerms,numCuts,cutLimit,mipSolver,providePrimalBound
0,New,64,917.000000,917.000000,917.000000,924.000000,924.000000,924.000000,2069.446183,2070.473460,2069.446183,2070.581269,1,5187,3600.000000,143,1,160,GUROBI,1
1,New,64,922.000000,922.000000,922.000000,924.000000,924.000000,924.000000,3520.700646,3522.690849,3550.653072,3550.655285,1918,137240,3600.000000,185,155,155,GUROBI,1
2,New,64,917.000000,917.000000,917.000000,924.000000,924.000000,924.000000,2356.105177,2358.374731,2359.230289,2359.230952,28,14908,3600.000000,143,1,160,GUROBI,1
3,New,64,917.000000,917.000000,917.000000,924.000000,924.000000,924.000000,1192.801657,1194.822382,1224.819502,1224.821985,1366,126575,3600.000000,185,50,155,GUROBI,1
4,New,64,922.000000,922.000000,922.000000,924.000000,924.000000,924.000000,1054.717209,1055.217917,1054.717209,1055.321086,1,2960,3600.000000,136,48,169,GUROBI,1
5,New,64,917.000000,917.000000,917.000000,924.000000,924.000000,924.000000,645.663598,648.081078,660.978630,660.978866,519,73266,3600.000000,185,21,144,GUROBI,1
6,New,64,924.000000,924.000000,924.000000,925.000000,926.000000,926.000000,53.501434,54.308444,53.501434,54.337036,1,5189,3600.000000,136,3,157,GUROBI,1
7,New,64,917.000000,917.000000,917.000000,921.000000,924.000000,924.000000,3688.847312,3689.790982,3688.847312,3689.824500,1,4068,3600.000000,141,15,161,GUROBI,1
8,New,64,923.000000,923.000000,923.000000,928.000000,928.000000,928.000000,1014.623447,1016.935828,1053.293571,1053.293802,2652,203796,3600.000000,136,3,149,GUROBI,1
