instanceIndex,vpcGenerator,terms,lpBound,disjunctiveDualBound,lpBoundPostVpc,rootDualBound,dualBound,primalBound,vpcGenerationTime,rootDualBoundTime,bestSolutionTime,terminationTime,nodes,iterations,maxTime,actualTerms,numCuts,mipSolver,providePrimalBound
0,None,4,338864.250000,338864.250000,338864.250000,340160.000000,340160.000000,340160.000000,0.019314,17.895314,17.979314,17.991314,0,3,300.000000,0,0,CBC,1
1,None,4,0.000000,0.000000,0.000000,0.000000,0.000000,0.000000,0.000101,0.000101,0.000101,0.000101,0,0,300.000000,0,0,CBC,1
2,None,4,0.000000,0.000000,0.000000,0.000000,0.000000,0.000000,0.000096,0.000096,0.000096,0.000096,0,0,300.000000,0,0,CBC,1
3,None,4,0.000000,0.000000,0.000000,0.000000,0.000000,0.000000,0.000050,0.000050,0.000050,0.000050,0,0,300.000000,0,0,CBC,1
4,None,4,0.000000,0.000000,0.000000,0.000000,0.000000,0.000000,0.000050,0.000050,0.000050,0.000050,0,0,300.000000,0,0,CBC,1
5,None,4,0.000000,0.000000,0.000000,0.000000,0.000000,0.000000,0.000050,0.000050,0.000050,0.000050,0,0,300.000000,0,0,CBC,1
6,None,4,0.000000,0.000000,0.000000,0.000000,0.000000,0.000000,0.000063,0.000063,0.000063,0.000063,0,0,300.000000,0,0,CBC,1
7,None,4,0.000000,0.000000,0.000000,0.000000,0.000000,0.000000,0.000063,0.000063,0.000063,0.000063,0,0,300.000000,0,0,CBC,1
