instanceIndex,vpcGenerator,terms,lpBound,disjunctiveDualBound,lpBoundPostVpc,rootDualBound,dualBound,primalBound,vpcGenerationTime,rootDualBoundTime,bestSolutionTime,terminationTime,nodes,iterations,maxTime,actualTerms,numCuts,mipSolver,providePrimalBound
0,None,64,25877.609268,25877.609268,25877.609268,25974.517669,25974.517669,100000000000000007629769841091887003294964970946560.000000,0.045595,10.461595,0.045595,300.133595,746,66241,300.000000,0,0,CBC,1
1,None,64,26820.278452,26820.278452,26820.278452,26894.474455,26894.474455,27340.000000,0.029231,9.569231,300.481231,300.497231,364,38353,300.000000,0,0,CBC,1
2,None,64,27145.308105,27145.308105,27145.308105,27255.397647,27255.397647,27890.000000,0.050956,9.910956,300.074956,300.090956,352,45809,300.000000,0,0,CBC,1
3,None,64,27380.412115,27380.412115,27380.412115,27485.635015,27485.635015,28047.000000,0.062090,7.786090,300.182090,300.198090,522,50235,300.000000,0,0,CBC,1
