instanceIndex,vpcGenerator,terms,lpBound,disjunctiveDualBound,lpBoundPostVpc,rootDualBound,dualBound,primalBound,vpcGenerationTime,rootDualBoundTime,bestSolutionTime,terminationTime,nodes,iterations,maxTime,actualTerms,numCuts,mipSolver,providePrimalBound
0,None,4,338864.250000,338864.250000,338864.250000,340160.000000,340160.000000,340160.000000,0.017876,17.861876,17.945876,17.957876,0,3,300.000000,0,0,CBC,1
1,None,4,327832.000000,327832.000000,327832.000000,340160.000000,340160.000000,340160.000000,0.017848,18.345848,18.421848,18.437848,0,15,300.000000,0,0,CBC,1
2,None,4,331889.619048,331889.619048,331889.619048,340160.000000,340160.000000,340160.000000,0.017787,18.237787,18.313787,18.325787,0,9,300.000000,0,0,CBC,1
3,None,4,332217.916667,332217.916667,332217.916667,340160.000000,340160.000000,340160.000000,0.017816,18.333816,18.413816,18.429816,0,20,300.000000,0,0,CBC,1
4,None,4,328549.523810,328549.523810,328549.523810,340160.000000,340160.000000,340160.000000,0.017829,18.333829,18.409829,18.425829,0,14,300.000000,0,0,CBC,1
5,None,4,329132.300000,329132.300000,329132.300000,340159.999996,340160.000000,340160.000000,0.017873,19.917873,20.005873,20.037873,0,53,300.000000,0,0,CBC,1
6,None,4,329401.022727,329401.022727,329401.022727,340160.000000,340160.000000,340160.000000,0.017842,18.153842,18.229842,18.245842,0,15,300.000000,0,0,CBC,1
7,None,4,331656.428571,331656.428571,331656.428571,340160.000000,340160.000000,340160.000000,0.017868,18.397868,18.473868,18.489868,0,14,300.000000,0,0,CBC,1
8,None,4,328274.500000,328274.500000,328274.500000,340160.000000,340160.000000,340160.000000,0.017751,18.253751,18.329751,18.345751,0,7,300.000000,0,0,CBC,1
9,None,4,331799.250000,331799.250000,331799.250000,340160.000000,340160.000000,340160.000000,0.017836,17.981836,18.057836,18.073836,0,14,300.000000,0,0,CBC,1
10,None,4,336543.138889,336543.138889,336543.138889,340160.000000,340160.000000,340160.000000,0.017730,17.953730,18.029730,18.045730,0,11,300.000000,0,0,CBC,1
