instanceIndex,vpcGenerator,terms,lpBound,disjunctiveDualBound,lpBoundPostVpc,rootDualBound,dualBound,primalBound,vpcGenerationTime,rootDualBoundTime,bestSolutionTime,terminationTime,nodes,iterations,maxTime,actualTerms,numCuts,cutLimit,mipSolver,providePrimalBound
0,New,64,7579621.830870,7579760.915995,7579664.032772,7580208.333864,7580471.377320,7581199.878010,41.076856,41.814074,93.522027,93.523309,10579,157057,3600.000000,64,4,64,GUROBI,1
1,Farkas,64,7579355.183296,7579509.305989,7579398.109806,7579908.816051,7580055.311236,7580759.489205,3.217678,3.870580,10.797000,10.888987,1484,18018,3600.000000,64,4,0,GUROBI,1
2,Farkas,64,7579438.438078,7579570.763379,7579480.484725,7579905.821776,7580393.965795,7581128.371374,3.193699,3.761524,26.213442,26.215530,7162,77140,3600.000000,64,4,0,GUROBI,1
3,Farkas,64,7579529.415739,7579654.007286,7579572.305889,7579955.173737,7580166.290699,7580811.495368,3.384972,3.975398,10.253120,10.255147,1249,15247,3600.000000,64,4,0,GUROBI,1
4,Farkas,64,7579617.731568,7579758.806795,7579659.913790,7580090.992155,7580416.683591,7581157.146808,3.614610,4.237304,15.307810,29.481210,5144,81232,3600.000000,64,4,0,GUROBI,1
5,Farkas,64,7579561.204728,7579716.419971,7579603.460296,7580025.472560,7580243.259441,7580976.725881,3.139953,3.780959,4.239554,9.747186,731,7089,3600.000000,64,4,0,GUROBI,1
6,Farkas,64,7579614.775815,7579753.860951,7579656.977716,7580224.178326,7580438.783054,7581161.400138,3.510175,4.308218,12.077526,12.077770,1381,19595,3600.000000,64,4,0,GUROBI,1
7,Farkas,64,7579542.525667,7579672.281428,7579584.959230,7579995.261955,7580554.414732,7581312.391609,3.357791,3.991664,35.037143,35.303451,8986,110230,3600.000000,64,4,0,GUROBI,1
8,Farkas,64,7579601.136491,7579740.982395,7579643.301850,7580186.489438,7580446.704067,7581204.718136,3.285955,4.035393,34.154119,35.716862,5949,72473,3600.000000,64,4,0,GUROBI,1
