instanceIndex,vpcGenerator,terms,lpBound,disjunctiveDualBound,lpBoundPostVpc,rootDualBound,dualBound,primalBound,vpcGenerationTime,rootDualBoundTime,bestSolutionTime,terminationTime,nodes,iterations,maxTime,actualTerms,numCuts,cutLimit,mipSolver,providePrimalBound
0,New,16,7579621.830870,7579750.006113,7579703.807471,7580096.290984,7580473.470724,7581230.924205,4.225610,4.854538,22.265048,23.649803,5194,73494,3600.000000,16,6,64,GUROBI,1
1,Farkas,16,6481166.145320,6481166.145320,6481166.145320,6523482.130106,6541386.349486,6542039.512507,3.937693,5.216849,123.171497,188.735730,29098,577996,3600.000000,16,6,0,GUROBI,1
2,Farkas,16,6999201.057871,6999279.556773,6999201.057871,7015241.838244,7018293.039685,7018994.295141,2.735834,3.765098,46.123860,46.124115,8638,148770,3600.000000,16,6,0,GUROBI,1
3,Farkas,16,5995399.282555,5995399.282555,5995399.282555,6089887.211177,6114694.422838,6115305.884499,5.045614,6.253468,292.777423,302.576167,50010,1083784,3600.000000,16,6,0,GUROBI,1
