instanceIndex,vpcGenerator,terms,lpBound,disjunctiveDualBound,lpBoundPostVpc,rootDualBound,dualBound,primalBound,vpcGenerationTime,rootDualBoundTime,bestSolutionTime,terminationTime,nodes,iterations,maxTime,actualTerms,numCuts,cutLimit,mipSolver,providePrimalBound,infeasibleTerms,feasibleToInfeasibleTerms,infeasibleToFeasibleTerms
0,None,4,8951799.928130,8951799.928130,8951799.928130,8955122.117868,8965515.100789,8966406.491520,0.000020,0.014085,0.077772,0.177270,1098,2916,3600.000000,0,0,0,GUROBI,1,0,0,0
1,None,4,10077775.663324,10077775.663324,10077775.663324,10115084.303101,10115929.595291,10116924.559910,0.000002,0.019205,0.040746,0.047360,322,525,3600.000000,0,0,0,GUROBI,1,0,0,0
2,None,4,8951721.698312,8951721.698312,8951721.698312,8956765.373945,8961089.415800,8961966.166910,0.000003,0.020994,0.146268,0.154650,983,1887,3600.000000,0,0,0,GUROBI,1,0,0,0
3,None,4,10077754.682711,10077754.682711,10077754.682711,10110675.183643,10113233.430158,10114232.960120,0.000003,0.027617,0.038596,0.142108,1131,1874,3600.000000,0,0,0,GUROBI,1,0,0,0
4,None,4,8953559.250306,8953559.250306,8953559.250306,8960745.933684,8961340.555006,8962139.682800,0.000003,0.025150,0.044398,0.044609,210,382,3600.000000,0,0,0,GUROBI,1,0,0,0
5,None,4,8958113.413624,8958113.413624,8958113.413624,8986051.527479,8988699.214474,8989524.316210,0.000003,0.017677,0.026031,0.049570,327,508,3600.000000,0,0,0,GUROBI,1,0,0,0
6,None,4,8954669.806876,8954669.806876,8954669.806876,8959004.287598,8967649.479618,8967898.398760,0.000004,0.023407,0.057110,0.057434,412,455,3600.000000,0,0,0,GUROBI,1,0,0,0
7,None,4,8894264.788988,8894264.788988,8894264.788988,8896721.999985,8898163.916360,8898163.916360,0.000003,0.012446,0.055494,0.055728,459,837,3600.000000,0,0,0,GUROBI,1,0,0,0
8,None,4,8893114.308428,8893114.308428,8893114.308428,8896748.358529,8899021.000369,8899883.216740,0.000002,0.013218,0.032570,0.091602,498,1072,3600.000000,0,0,0,GUROBI,1,0,0,0
