instanceIndex,vpcGenerator,terms,lpBound,disjunctiveDualBound,lpBoundPostVpc,rootDualBound,dualBound,primalBound,vpcGenerationTime,rootDualBoundTime,bestSolutionTime,terminationTime,nodes,iterations,maxTime,actualTerms,numCuts,mipSolver,providePrimalBound
0,New,64,8951799.928130,8964178.859559,8963113.293576,8964011.633200,8966406.491520,8966406.491520,4.278047,4.298047,7.246047,7.246047,2662,3711,300.000000,79,10,CBC,1
1,Farkas,64,9510157.052653,9510166.489090,9510157.052653,9542883.236968,9553464.636150,9553464.636150,0.378983,0.426983,1.358983,1.358983,830,2327,300.000000,79,10,CBC,1
2,Farkas,64,7965697.587627,7965697.587627,7965697.587627,7966163.308463,7966163.308906,7966163.308906,0.338958,0.342958,0.342958,0.346958,0,1,300.000000,79,10,CBC,1
3,Farkas,64,7872673.056850,7872673.056850,7872673.056850,7872673.056850,7872673.056850,7872673.056850,0.338942,0.342942,0.342942,0.342942,0,0,300.000000,79,10,CBC,1
4,Farkas,64,8785097.844027,8785098.744500,8785097.844027,8796577.761255,8796577.765460,8796577.765460,0.346934,0.350934,0.354934,0.354934,0,4,300.000000,79,10,CBC,1
5,Farkas,64,11744972.150654,11744972.150654,11744972.150654,11768092.896150,11768393.078250,11768393.078250,0.425730,0.433730,0.445730,0.445730,4,22,300.000000,79,10,CBC,1
