instanceIndex,vpcGenerator,terms,lpBound,disjunctiveDualBound,lpBoundPostVpc,rootDualBound,dualBound,primalBound,vpcGenerationTime,rootDualBoundTime,bestSolutionTime,terminationTime,nodes,iterations,maxTime,actualTerms,numCuts,mipSolver,providePrimalBound
0,New,64,8951799.928130,8964178.859559,8963113.293576,8964011.633200,8966406.491520,8966406.491520,3.855246,3.867246,6.831246,6.831246,2662,3711,300.000000,79,10,CBC,1
1,Old,64,9430987.094807,9431239.875557,9431239.875557,9462368.582704,9466266.109680,9466266.109680,0.425610,0.465610,18.329610,18.329610,11891,18998,300.000000,79,2,CBC,1
2,Old,64,8893889.567341,8894108.643991,8894108.643991,8897130.394432,8899368.500640,8899368.500640,0.386508,0.414508,1.286508,1.286508,822,1116,300.000000,79,8,CBC,1
3,Old,64,8951843.826939,8952204.008939,8951921.486163,8956138.769929,8959509.465390,8959509.465390,0.532246,0.580246,26.444246,26.444246,19048,30922,300.000000,79,11,CBC,1
4,Old,64,8953050.672177,8965376.654339,8964686.949973,8965302.866891,8966518.063260,8966518.063260,0.529612,0.553612,18.545612,18.545612,12038,25789,300.000000,79,10,CBC,1
5,Old,64,9095165.545495,9121615.320749,9095865.396336,9128628.040095,9132581.588960,9132581.588960,0.435061,0.479061,1.511061,1.515061,582,798,300.000000,79,2,CBC,1
6,Old,64,9587270.750719,9587594.914519,9587575.503973,9593971.478522,9597173.878931,9599521.550690,0.545000,0.625000,300.601000,300.601000,178775,359645,300.000000,79,13,CBC,1
