instanceIndex,vpcGenerator,terms,lpBound,disjunctiveDualBound,lpBoundPostVpc,rootDualBound,dualBound,primalBound,vpcGenerationTime,rootDualBoundTime,bestSolutionTime,terminationTime,nodes,iterations,maxTime,actualTerms,numCuts,mipSolver,providePrimalBound
0,New,4,8951799.928130,8952217.758724,8951981.830024,8958422.785902,8966406.491520,8966406.491520,0.085612,0.165612,32.081612,32.081612,26426,45322,300.000000,5,2,CBC,1
3,Old,4,8644979.174960,8645115.155351,8645115.155351,8664146.466498,8669737.942821,8669737.942821,0.047418,0.099418,1.499418,1.499418,1126,2442,300.000000,5,2,CBC,1
4,Old,4,8452665.005511,8452811.259716,8452811.259716,8453395.013744,8454351.657100,8454351.657100,0.043943,0.047943,1.459943,1.459943,1720,2092,300.000000,5,3,CBC,1
9,Old,4,7988656.217468,7988715.990246,7988715.990246,8010848.494592,8010848.529337,8010848.529337,0.030715,0.034715,0.038715,0.038715,0,7,300.000000,5,2,CBC,1
10,Old,4,8435967.391758,8437516.245634,8437516.245634,8439155.980887,8440134.943570,8440134.943570,0.037578,0.077578,0.125578,0.125578,44,120,300.000000,5,6,CBC,1
