instanceIndex,vpcGenerator,terms,lpBound,disjunctiveDualBound,lpBoundPostVpc,rootDualBound,dualBound,primalBound,vpcGenerationTime,rootDualBoundTime,bestSolutionTime,terminationTime,nodes,iterations,maxTime,actualTerms,numCuts,cutLimit,mipSolver,providePrimalBound,infeasibleTerms,feasibleToInfeasibleTerms,infeasibleToFeasibleTerms
0,None,64,7.043999,7.043999,7.043999,7.151794,7.598985,7.598985,0.000017,0.255432,1.339339,1.606060,1310,8641,3600.000000,0,0,0,GUROBI,1,0,0,0
1,None,64,6.852010,6.852010,6.852010,7.397868,7.682492,7.682492,0.000001,0.336049,1.499482,1.500000,1524,9448,3600.000000,0,0,0,GUROBI,1,0,0,0
2,None,64,7.043999,7.043999,7.043999,7.149061,7.598985,7.598985,0.000003,0.182098,1.112038,1.397093,1970,10773,3600.000000,0,0,0,GUROBI,1,0,0,0
3,None,64,6.736010,6.736010,6.736010,6.942002,7.501522,7.501522,0.000003,0.162337,1.021683,1.069471,1518,7382,3600.000000,0,0,0,GUROBI,1,0,0,0
4,None,64,5.301413,5.301413,5.301413,6.726852,7.125209,7.125209,0.000003,0.237797,1.038460,1.063295,1343,6398,3600.000000,0,0,0,GUROBI,1,0,0,0
5,None,64,6.388952,6.388952,6.388952,7.013895,7.378026,7.378026,0.000003,0.152345,0.397338,0.405824,478,2612,3600.000000,0,0,0,GUROBI,1,0,0,0
