instanceIndex,vpcGenerator,terms,lpBound,disjunctiveDualBound,lpBoundPostVpc,rootDualBound,dualBound,primalBound,vpcGenerationTime,rootDualBoundTime,bestSolutionTime,terminationTime,nodes,iterations,maxTime,actualTerms,numCuts,cutLimit,mipSolver,providePrimalBound
0,New,64,-2451537.325024,-2451428.829672,-2451468.708650,-2451464.794343,-2451427.933832,-2451297.000000,75.432141,76.745233,93.994715,93.996953,4313,12244,3600.000000,64,2,2,GUROBI,1
1,Farkas,64,-2438784.722142,-2438765.956827,-2438784.722142,-2438777.054929,-2438755.311143,-2438528.000000,1.574721,2.621260,208.873099,208.889345,17903,414640,3600.000000,64,2,0,GUROBI,1
2,Farkas,64,-2451537.325024,-2451428.829672,-2451468.708650,-2451464.794343,-2451428.000000,-2451201.000000,1.538691,2.896764,20.092255,20.094402,4383,12903,3600.000000,64,2,0,GUROBI,1
3,Farkas,64,-2402607.682606,-2402607.682606,-2402607.682606,-2402592.466486,-2402540.081405,-2402426.000000,1.735791,2.822692,59.927011,59.931556,8414,43962,3600.000000,64,2,0,GUROBI,1
4,Farkas,64,-2444980.940318,-2444980.696952,-2444980.940318,-2444974.179172,-2444965.930923,-2444810.000000,1.558242,2.745649,49.661745,49.668119,7985,45934,3600.000000,64,2,0,GUROBI,1
