instanceIndex,vpcGenerator,terms,lpBound,disjunctiveDualBound,lpBoundPostVpc,rootDualBound,dualBound,primalBound,vpcGenerationTime,rootDualBoundTime,bestSolutionTime,terminationTime,nodes,iterations,maxTime,actualTerms,numCuts,cutLimit,mipSolver,providePrimalBound
0,New,64,-2451537.325024,-2451428.829672,-2451468.708650,-2451464.794343,-2451427.933832,-2451297.000000,77.866343,79.039743,95.347555,95.349611,4313,12244,3600.000000,64,2,2,GUROBI,1
1,Old,64,-2449314.466624,-2449283.231104,-2449283.231104,-2449281.663770,-2449271.574909,-2449068.000000,78.839098,79.978804,172.995397,173.009107,9370,185737,3600.000000,64,2,0,GUROBI,1
2,Old,64,-2451537.325024,-2451428.829672,-2451465.858830,-2451463.246846,-2451430.000000,-2451346.000000,75.244075,76.439655,93.670861,93.675070,4377,11876,3600.000000,64,2,0,GUROBI,1
3,Old,64,-2451537.325024,-2451428.829672,-2451465.858830,-2451463.246846,-2451430.000000,-2451346.000000,76.255385,77.416179,94.990980,94.995020,4376,12225,3600.000000,64,2,0,GUROBI,1
4,Old,64,-2445144.387026,-2445054.884555,-2445061.116511,-2445058.114460,-2445043.140938,-2445015.000000,71.385945,73.081184,121.738850,121.743311,5068,32761,3600.000000,64,2,0,GUROBI,1
5,Old,64,-2448935.015471,-2448839.855803,-2448844.783044,-2448843.184629,-2448830.065820,-2448660.000000,80.669972,81.716862,86.146289,86.151730,490,2417,3600.000000,64,2,0,GUROBI,1
