instanceIndex,vpcGenerator,terms,lpBound,disjunctiveDualBound,lpBoundPostVpc,rootDualBound,dualBound,primalBound,vpcGenerationTime,rootDualBoundTime,bestSolutionTime,terminationTime,nodes,iterations,maxTime,actualTerms,numCuts,mipSolver,providePrimalBound
0,New,16,-2451537.325024,-2451432.253579,-2451453.045666,-2451453.045666,-2451448.512938,100000000000000007629769841091887003294964970946560.000000,93.788300,93.944300,93.788300,300.020300,8831,22542,300.000000,27,2,CBC,1
1,New,16,-2349859.798537,-2314199.403467,-2348131.418209,-2269485.758479,-2269485.758479,-2269180.000000,404.243366,404.423366,405.251366,405.271366,34,61,300.000000,866,1,CBC,1
