instanceIndex,vpcGenerator,terms,lpBound,disjunctiveDualBound,lpBoundPostVpc,rootDualBound,dualBound,primalBound,vpcGenerationTime,rootDualBoundTime,bestSolutionTime,terminationTime,nodes,iterations,maxTime,actualTerms,numCuts,cutLimit,mipSolver,providePrimalBound
0,New,64,-2451537.325024,-2451428.829672,-2451468.708650,-2451464.794343,-2451427.933832,-2451297.000000,74.786914,75.958036,92.619746,92.621923,4313,12244,3600.000000,64,2,2,GUROBI,1
1,Farkas,64,-2428257.880555,-2428251.590061,-2428257.880555,-2409952.639563,-2409940.862609,-2409827.000000,1.613381,2.635745,87.903291,87.917257,9697,173248,3600.000000,64,2,0,GUROBI,1
2,Farkas,64,-2369201.258270,-2369154.054342,-2369201.258270,-2293572.393571,-2293567.000000,-2293424.000000,3.041867,4.001820,7.032551,7.034276,853,2959,3600.000000,64,2,0,GUROBI,1
3,Farkas,64,-2401509.502332,-2401105.452770,-2401509.502332,-2353894.227211,-2353886.025492,-2353766.000000,3.189342,3.798531,13.108302,13.111053,2332,10077,3600.000000,64,2,0,GUROBI,1
4,Farkas,64,-2442574.131756,-2442558.756102,-2442574.131756,-2417060.351704,-2417037.201822,-2416840.000000,1.692334,2.732619,39.576472,39.582624,3778,20609,3600.000000,64,2,0,GUROBI,1
