instanceIndex,vpcGenerator,terms,lpBound,disjunctiveDualBound,lpBoundPostVpc,rootDualBound,dualBound,primalBound,vpcGenerationTime,rootDualBoundTime,bestSolutionTime,terminationTime,nodes,iterations,maxTime,actualTerms,numCuts,cutLimit,mipSolver,providePrimalBound
0,New,64,185321.356786,186029.682440,185550.503507,187580.070481,188166.906373,188182.000000,9.463174,9.698657,9.772328,9.802507,56,1705,3600.000000,64,22,46,GUROBI,1
1,Old,64,186369.020960,186941.774954,186631.602714,190852.014180,191250.851614,191255.500000,7.268171,7.479088,7.528990,7.529679,29,1193,3600.000000,64,46,0,GUROBI,1
2,Old,64,185752.612405,186459.419919,186143.175234,190771.634324,191944.237847,191957.500000,2.757548,2.938597,2.953418,2.958276,12,892,3600.000000,64,48,0,GUROBI,1
3,Old,64,196999.370668,197023.743318,197018.382901,199550.916949,199554.600000,199554.600000,1.763445,1.839515,1.840445,1.841220,2,464,3600.000000,64,26,0,GUROBI,1
