instanceIndex,vpcGenerator,terms,lpBound,disjunctiveDualBound,lpBoundPostVpc,rootDualBound,dualBound,primalBound,vpcGenerationTime,rootDualBoundTime,bestSolutionTime,terminationTime,nodes,iterations,maxTime,actualTerms,numCuts,mipSolver,providePrimalBound
0,New,64,149.588766,359.143869,154.643792,567.951205,568.100700,568.100700,5.342635,5.438635,5.478635,5.482635,10,203,300.000000,245,1,CBC,1
1,Old,64,154.908766,364.463869,159.963792,573.271205,573.420700,573.420700,2.335075,2.427075,2.567075,2.571075,28,266,300.000000,245,1,CBC,1
2,Old,64,149.597652,359.152755,159.994106,568.951205,569.100700,569.100700,2.325128,2.425128,2.561128,2.565128,28,270,300.000000,245,1,CBC,1
3,Old,64,149.535878,359.090981,154.590904,568.038345,568.100700,568.100700,2.326579,2.402579,2.438579,2.442579,6,184,300.000000,245,1,CBC,1
4,Old,64,143.435824,351.233869,145.999093,560.190590,560.190700,560.190700,2.518762,2.558762,2.606762,2.610762,12,142,300.000000,245,2,CBC,1
