instanceIndex,vpcGenerator,terms,lpBound,disjunctiveDualBound,lpBoundPostVpc,rootDualBound,dualBound,primalBound,vpcGenerationTime,rootDualBoundTime,bestSolutionTime,terminationTime,nodes,iterations,maxTime,actualTerms,numCuts,cutLimit,mipSolver,providePrimalBound
0,New,4,511.617840,531.141768,525.643612,567.481578,568.100700,568.100700,0.209178,0.216876,0.209178,0.217227,1,45,3600.000000,4,4,8,GUROBI,1
1,New,4,538.471326,559.197421,545.179022,585.184725,585.292140,585.292140,0.532531,0.539620,0.539870,0.540144,1,42,3600.000000,7,3,7,GUROBI,1
2,New,4,509.873969,524.742216,524.742216,577.935611,593.980745,593.980745,0.025888,0.058795,0.066954,0.067018,45,194,3600.000000,4,8,10,GUROBI,1
3,New,4,505.563871,535.163586,524.223586,619.725686,619.794900,619.794900,0.020503,0.030713,0.030889,0.031103,1,52,3600.000000,5,2,10,GUROBI,1
4,New,4,497.824738,521.198431,516.833600,574.768579,581.552425,581.552425,0.024060,0.093383,0.112281,0.114134,42,322,3600.000000,4,5,10,GUROBI,1
5,New,4,521.221909,563.119173,540.186335,615.288934,616.266340,616.266340,0.016647,0.028723,0.029199,0.029274,1,57,3600.000000,5,2,10,GUROBI,1
6,New,4,535.392640,625.143752,552.460887,667.507888,667.620150,667.620150,0.033542,0.048687,0.048973,0.049270,1,54,3600.000000,11,2,12,GUROBI,1
7,New,4,507.682131,522.030216,515.674436,601.359590,601.359590,601.359590,0.022948,0.029471,0.029946,0.030164,1,34,3600.000000,4,3,12,GUROBI,1
8,New,4,501.861318,519.092123,519.092123,582.032366,585.352560,585.352560,0.026995,0.063987,0.066406,0.066466,11,122,3600.000000,4,5,9,GUROBI,1
