instanceIndex,vpcGenerator,terms,lpBound,disjunctiveDualBound,lpBoundPostVpc,rootDualBound,dualBound,primalBound,vpcGenerationTime,rootDualBoundTime,bestSolutionTime,terminationTime,nodes,iterations,maxTime,actualTerms,numCuts,cutLimit,mipSolver,providePrimalBound,infeasibleTerms,feasibleToInfeasibleTerms,infeasibleToFeasibleTerms
0,New,16,511.617840,542.798690,526.339328,567.459589,568.100700,568.100700,1.129489,1.137941,1.129489,1.138402,1,44,3600.000000,16,3,8,GUROBI,1,4,0,0
1,New,16,512.080009,543.438787,526.696806,567.849492,568.100700,568.100700,0.061899,0.067989,0.068246,0.068573,1,43,3600.000000,16,3,8,GUROBI,1,7,0,0
2,New,16,520.979792,564.701190,535.958017,583.438551,583.880500,583.880500,0.058733,0.071054,0.071407,0.071822,1,36,3600.000000,16,2,9,GUROBI,1,6,0,0
3,New,16,511.262341,548.316521,527.572789,573.966045,574.080700,574.080700,0.060861,0.076564,0.076780,0.077036,1,42,3600.000000,17,2,9,GUROBI,1,4,0,0
4,New,16,510.827831,542.578891,517.976785,567.426589,568.067700,568.067700,0.085324,0.092847,0.093063,0.093315,1,45,3600.000000,17,4,9,GUROBI,1,4,0,0
5,New,16,512.356272,546.157676,529.228098,607.737131,609.754160,609.754160,0.060529,0.068671,0.069184,0.069258,1,47,3600.000000,17,2,10,GUROBI,1,6,0,0
6,New,16,511.888454,563.605947,535.540704,574.865300,575.570880,575.570880,0.050780,0.058732,0.059022,0.059333,1,40,3600.000000,16,1,9,GUROBI,1,5,0,0
7,New,16,511.617840,542.798690,517.864168,567.459589,568.100700,568.100700,0.068585,0.075481,0.075700,0.075940,1,42,3600.000000,16,2,8,GUROBI,1,4,0,0
