instanceIndex,vpcGenerator,terms,lpBound,disjunctiveDualBound,lpBoundPostVpc,rootDualBound,dualBound,primalBound,vpcGenerationTime,rootDualBoundTime,bestSolutionTime,terminationTime,nodes,iterations,maxTime,actualTerms,numCuts,cutLimit,mipSolver,providePrimalBound,infeasibleTerms,feasibleToInfeasibleTerms,infeasibleToFeasibleTerms
0,None,16,197818.254988,197818.254988,197818.254988,389833.684790,405935.180000,405935.180000,0.000031,0.185619,0.462047,0.486788,221,1631,3600.000000,0,0,0,GUROBI,1,0,0,0
1,None,16,157777.506120,157777.506120,157777.506120,599672.535978,635039.670000,635039.670000,0.000002,0.358072,1.615759,1.777557,387,6645,3600.000000,0,0,0,GUROBI,1,0,0,0
2,None,16,156798.479853,156798.479853,156798.479853,669990.830037,767439.180000,767439.180000,0.000002,0.410880,1.249110,1.963452,782,17503,3600.000000,0,0,0,GUROBI,1,0,0,0
3,None,16,171465.189591,171465.189591,171465.189591,1240577.175638,1254071.290000,1254071.290000,0.000002,0.319067,1.180400,1.186664,184,3935,3600.000000,0,0,0,GUROBI,1,0,0,0
4,None,16,173082.819911,173082.819911,173082.819911,899476.611782,899975.990000,899975.990000,0.000002,0.203988,0.205246,0.206087,1,354,3600.000000,0,0,0,GUROBI,1,0,0,0
5,None,16,159458.331517,159458.331517,159458.331517,515773.281055,524128.870000,524128.870000,0.000002,0.248369,0.296414,0.297537,16,880,3600.000000,0,0,0,GUROBI,1,0,0,0
6,None,16,157310.504190,157310.504190,157310.504190,631047.136801,652692.420356,652717.980000,0.000002,0.407227,0.850304,0.853208,177,4847,3600.000000,0,0,0,GUROBI,1,0,0,0
7,None,16,187371.717387,187371.717387,187371.717387,668941.416380,680322.700000,680322.700000,0.000004,0.312229,0.601060,0.605619,192,3616,3600.000000,0,0,0,GUROBI,1,0,0,0
8,None,16,190803.587197,190803.587197,190803.587197,500170.619685,542737.350000,542737.350000,0.000003,0.351485,1.152993,1.153145,308,5115,3600.000000,0,0,0,GUROBI,1,0,0,0
