instanceIndex,vpcGenerator,terms,lpBound,disjunctiveDualBound,lpBoundPostVpc,rootDualBound,dualBound,primalBound,vpcGenerationTime,rootDualBoundTime,bestSolutionTime,terminationTime,nodes,iterations,maxTime,actualTerms,numCuts,mipSolver,providePrimalBound
0,New,64,156082.517593,169810.958241,167643.401314,385155.885919,405935.180000,405935.180000,381.853285,382.653285,507.857285,507.865285,5532,41549,300.000000,119,39,CBC,1
1,New,64,145486.715174,156533.691892,147586.450109,900759.378558,901957.555379,2473270.790000,850.689992,874.381992,1150.785992,1150.905992,4839,44161,300.000000,536,27,CBC,1
2,New,64,91180.329396,93944.507174,93659.399551,612106.499758,612192.167903,2026851.170000,1325.288452,1336.508452,1625.328452,1625.388452,7861,82984,300.000000,361,67,CBC,1
