instanceIndex,vpcGenerator,terms,lpBound,disjunctiveDualBound,lpBoundPostVpc,rootDualBound,dualBound,primalBound,vpcGenerationTime,rootDualBoundTime,bestSolutionTime,terminationTime,nodes,iterations,maxTime,actualTerms,numCuts,mipSolver,providePrimalBound
0,New,4,197818.254988,200384.335637,199097.188785,385914.807953,405935.180000,405935.180000,6.581703,7.073703,140.401703,140.409703,10748,97005,300.000000,4,21,CBC,1
1,New,4,197814.515357,202441.570608,199360.055789,397842.007211,397842.529166,437203.150000,6.787911,12.055911,300.027911,300.087911,14023,206782,300.000000,4,21,CBC,1
2,New,4,197807.618625,203454.390563,202433.190815,392097.206503,392099.583209,437267.220000,5.530325,12.298325,300.038325,300.114325,13381,170866,300.000000,4,17,CBC,1
3,New,4,197812.311008,202438.432142,201426.132643,390869.178468,390897.893345,410979.060000,6.716843,13.648843,300.036843,300.124843,11126,188727,300.000000,4,21,CBC,1
4,New,4,197815.626052,199359.659057,199140.000144,392300.232857,392300.232857,416455.350000,2.902110,7.570110,300.082110,300.130110,10129,168468,300.000000,4,7,CBC,1
5,New,4,197819.253028,203468.381841,202936.310976,391311.505304,398187.456894,417461.660000,3.312950,8.792950,300.080950,300.156950,14303,204641,300.000000,4,9,CBC,1
6,New,4,197805.276991,202432.169002,202290.948034,389754.882430,393153.888956,441099.420000,3.763801,9.383801,300.043801,300.111801,11923,211398,300.000000,4,10,CBC,1
7,New,4,197813.648847,202441.438295,202124.291637,393646.587899,405932.180000,405932.180000,2.358244,8.922244,40.790244,40.854244,1666,22332,300.000000,4,5,CBC,1
8,New,4,197805.015747,199348.883986,199348.777926,395521.839534,395537.524211,411249.590000,5.246626,11.334626,300.030626,300.110626,9514,180575,300.000000,4,15,CBC,1
9,New,4,197815.582875,199356.995431,199356.391152,388651.123134,399627.673545,414466.990000,2.807616,8.547616,300.067616,300.135616,14280,237882,300.000000,4,7,CBC,1
10,New,4,197817.625844,203465.809547,202894.054542,390342.957941,390343.245604,449958.190000,6.530706,13.542706,300.042706,300.130706,14359,178394,300.000000,4,22,CBC,1
