instanceIndex,vpcGenerator,terms,lpBound,disjunctiveDualBound,lpBoundPostVpc,rootDualBound,dualBound,primalBound,vpcGenerationTime,rootDualBoundTime,bestSolutionTime,terminationTime,nodes,iterations,maxTime,actualTerms,numCuts,mipSolver,providePrimalBound
0,New,64,3192.042000,3729.570000,3353.332544,3654.857142,3769.437059,100000000000000007629769841091887003294964970946560.000000,74.455444,75.795444,74.455444,300.015444,11142,83456,300.000000,65,12,CBC,1
1,Farkas,64,4992.569603,5541.105508,5095.252471,9761.148814,9831.228986,10683.000000,2.175487,4.847487,300.091487,300.103487,11059,107218,300.000000,65,12,CBC,1
2,Farkas,64,4076.762508,4611.785175,4219.158655,7795.365359,7795.365359,8053.000000,2.088611,3.208611,300.044611,300.056611,10141,119417,300.000000,65,12,CBC,1
3,Farkas,64,4924.810982,5470.354315,5061.262655,11140.029326,11140.029326,11594.000000,2.112383,3.752383,300.068383,300.080383,9963,117465,300.000000,65,12,CBC,1
