instanceIndex,vpcGenerator,terms,lpBound,disjunctiveDualBound,lpBoundPostVpc,rootDualBound,dualBound,primalBound,vpcGenerationTime,rootDualBoundTime,bestSolutionTime,terminationTime,nodes,iterations,maxTime,actualTerms,numCuts,cutLimit,mipSolver,providePrimalBound
0,None,4,112310.613512,112310.613512,112310.613512,112313.362694,112313.362694,112313.362718,0.000022,0.013024,0.000022,0.013910,1,50,3600.000000,0,0,0,GUROBI,1
1,None,4,112445.125963,112445.125963,112445.125963,112585.713735,112585.713735,112585.713735,0.000026,0.026861,0.027490,0.027860,1,57,3600.000000,0,0,0,GUROBI,1
2,None,4,112302.173944,112302.173944,112302.173944,112304.797134,112304.797134,112304.797134,0.000021,0.012433,0.012980,0.013376,1,49,3600.000000,0,0,0,GUROBI,1
