instanceIndex,vpcGenerator,terms,lpBound,disjunctiveDualBound,lpBoundPostVpc,rootDualBound,dualBound,primalBound,vpcGenerationTime,rootDualBoundTime,bestSolutionTime,terminationTime,nodes,iterations,maxTime,actualTerms,numCuts,mipSolver,providePrimalBound
0,New,64,27844619.173496,27898894.513239,27850214.679982,27937672.399260,27991042.648383,27991042.648383,49.236960,50.500960,166.728960,166.748960,2812,52255,300.000000,118,2,CBC,1
1,New,64,29722616.478143,29729169.878143,29729169.878143,30401634.385824,30401634.385824,30588149.556162,50.178279,55.318279,300.038279,300.082279,6602,74759,300.000000,109,3,CBC,1
2,New,64,34587766.086555,35819227.995657,34660962.495271,36645175.730545,36645175.730545,36716280.899162,71.653886,73.137886,300.025886,300.053886,6880,56876,300.000000,110,5,CBC,1
3,New,64,27375071.245691,27437313.266211,27434955.988596,29105277.932194,29105277.932194,31899362.248051,60.777705,63.469705,300.065705,300.093705,4032,98832,300.000000,125,3,CBC,1
