instanceIndex,vpcGenerator,terms,lpBound,disjunctiveDualBound,lpBoundPostVpc,rootDualBound,dualBound,primalBound,vpcGenerationTime,rootDualBoundTime,bestSolutionTime,terminationTime,nodes,iterations,maxTime,actualTerms,numCuts,mipSolver,providePrimalBound
0,None,64,27844619.173496,27844619.173496,27844619.173496,27937219.982646,27991042.648383,27991042.648383,0.006549,0.602549,71.402549,71.418549,1488,28498,300.000000,0,0,CBC,1
1,None,64,28363615.308757,28363615.308757,28363615.308757,29678685.965237,29687627.451896,29687627.451896,0.006974,1.078974,62.510974,62.526974,1194,9369,300.000000,0,0,CBC,1
2,None,64,35052274.270761,35052274.270761,35052274.270761,36924360.310740,36946855.209509,36946855.209509,0.007442,0.727442,11.615442,11.635442,254,2951,300.000000,0,0,CBC,1
3,None,64,29613572.449311,29613572.449311,29613572.449311,32102051.840075,32102051.840075,32198349.018925,0.007276,2.223276,300.055276,300.083276,7335,93919,300.000000,0,0,CBC,1
4,None,64,28638810.191138,28638810.191138,28638810.191138,31702344.799849,31755011.058946,31766324.848869,0.007267,0.527267,300.031267,300.051267,11307,109213,300.000000,0,0,CBC,1
5,None,64,27860852.143934,27860852.143934,27860852.143934,28614239.993680,28614239.993680,28680233.754029,0.006528,0.646528,300.050528,300.066528,8909,94449,300.000000,0,0,CBC,1
