instanceIndex,vpcGenerator,terms,lpBound,disjunctiveDualBound,lpBoundPostVpc,rootDualBound,dualBound,primalBound,vpcGenerationTime,rootDualBoundTime,bestSolutionTime,terminationTime,nodes,iterations,maxTime,actualTerms,numCuts,mipSolver,providePrimalBound
0,New,4,25501658.708008,25522185.356741,25517497.175604,25768872.450704,25779856.371698,25779856.371698,3.073376,5.141376,282.713376,282.737376,11312,78259,300.000000,4,4,CBC,1
1,Farkas,4,29419969.932874,29439389.199138,29430234.757413,32516666.915559,32516666.915559,32683948.547612,0.333937,1.813937,300.061937,300.085937,9022,49754,300.000000,4,4,CBC,1
2,Farkas,4,28795987.362076,28816456.976802,28810965.823333,30308820.056566,30308820.056566,30330102.670044,0.301030,1.485030,300.033030,300.057030,10244,74704,300.000000,4,4,CBC,1
