instanceIndex,vpcGenerator,terms,lpBound,disjunctiveDualBound,lpBoundPostVpc,rootDualBound,dualBound,primalBound,vpcGenerationTime,rootDualBoundTime,bestSolutionTime,terminationTime,nodes,iterations,maxTime,actualTerms,numCuts,cutLimit,mipSolver,providePrimalBound
0,New,16,27844619.173496,27872284.494215,27855989.226188,27961293.988161,27991042.647221,27991042.647221,2.300172,2.779481,2.887961,2.913210,59,1347,3600.000000,17,5,100,GUROBI,1
1,Old,16,28363615.308757,28374288.419873,28370224.728820,29680169.873030,29687308.752120,29687627.450690,1.678928,2.255319,2.309787,2.310680,25,963,3600.000000,17,4,0,GUROBI,1
2,Old,16,35052274.270761,35059241.537480,35055320.521672,36917726.026813,36944320.810435,36946855.206415,1.535376,1.886175,2.017395,2.038978,74,1175,3600.000000,17,4,0,GUROBI,1
3,Old,16,29613572.449311,29629922.612832,29620432.977004,32109076.613981,32169092.614978,32172195.532336,1.203748,1.674668,2.858070,3.554987,1179,11404,3600.000000,17,2,0,GUROBI,1
4,Old,16,28638810.191138,28646961.115116,28642010.718274,31732448.110011,31764336.391847,31766324.846607,1.832193,2.312168,2.471748,2.530248,144,1708,3600.000000,17,3,0,GUROBI,1
5,Old,16,27860852.143934,27881705.372543,27871869.095619,28642411.390172,28666236.976641,28668329.418466,1.772116,2.277749,2.508465,2.509230,166,2466,3600.000000,17,5,0,GUROBI,1
