instanceIndex,vpcGenerator,terms,lpBound,disjunctiveDualBound,lpBoundPostVpc,rootDualBound,dualBound,primalBound,vpcGenerationTime,rootDualBoundTime,bestSolutionTime,terminationTime,nodes,iterations,maxTime,actualTerms,numCuts,cutLimit,mipSolver,providePrimalBound,infeasibleTerms,feasibleToInfeasibleTerms,infeasibleToFeasibleTerms
0,None,16,25490184.451460,25490184.451460,25490184.451460,25769952.584901,25777673.864621,25780031.424749,0.000023,0.391606,0.648012,0.652419,140,1729,3600.000000,0,0,0,GUROBI,1,0,0,0
1,None,16,30301168.714867,30301168.714867,30301168.714867,33067225.055080,33074730.127278,33078015.970343,0.000003,0.430675,1.011648,1.011869,429,3533,3600.000000,0,0,0,GUROBI,1,0,0,0
2,None,16,28430993.467019,28430993.467019,28430993.467019,31524420.924049,31524602.213571,31525208.034429,0.000003,0.369215,0.376730,0.376901,4,976,3600.000000,0,0,0,GUROBI,1,0,0,0
3,None,16,29974037.213530,29974037.213530,29974037.213530,31557126.542838,31563855.799647,31566983.244050,0.000002,0.471285,0.899217,0.899408,257,2483,3600.000000,0,0,0,GUROBI,1,0,0,0
