instanceIndex,vpcGenerator,terms,lpBound,disjunctiveDualBound,lpBoundPostVpc,rootDualBound,dualBound,primalBound,vpcGenerationTime,rootDualBoundTime,bestSolutionTime,terminationTime,nodes,iterations,maxTime,actualTerms,numCuts,mipSolver,providePrimalBound
0,New,4,-74325169.345138,-74319901.591432,-74319931.131124,-74081569.540180,-74068189.920297,100000000000000007629769841091887003294964970946560.000000,5.238671,6.358671,5.238671,300.046671,20889,177437,300.000000,4,6,CBC,1
3,Old,4,-106722624.878154,-106713815.191084,-106718433.435620,-105770491.962680,-105757177.510547,-97686226.000000,2.192589,5.232589,300.256589,300.268589,12567,154018,300.000000,4,13,CBC,1
4,Old,4,-139070090.609625,-139069911.698399,-139069911.698399,-137684788.157559,-137620032.993575,-114110545.000000,4.217710,9.001710,300.053710,300.065710,12186,146444,300.000000,4,11,CBC,1
7,Old,4,-77105412.041045,-77104360.537509,-77104482.631237,-76816350.600378,-76810980.198060,-73788839.000000,2.277204,6.453204,300.309204,300.325204,11513,83812,300.000000,4,26,CBC,1
8,Old,4,-86206713.390097,-86192119.091905,-86192138.633180,-85679394.441841,-85634171.900762,-77182937.000000,0.756446,2.772446,300.300446,300.308446,13331,173598,300.000000,4,7,CBC,1
