instanceIndex,vpcGenerator,terms,lpBound,disjunctiveDualBound,lpBoundPostVpc,rootDualBound,dualBound,primalBound,vpcGenerationTime,rootDualBoundTime,bestSolutionTime,terminationTime,nodes,iterations,maxTime,actualTerms,numCuts,cutLimit,mipSolver,providePrimalBound
0,New,64,95919464.000000,102291675.000000,99118571.662651,106920712.985292,106932242.082178,106940226.000000,11.083253,11.218152,11.226601,11.226718,8,369,3600.000000,64,4,19,GUROBI,1
1,New,64,95929340.000000,104674533.000000,97896140.000000,109282593.215638,109282691.000000,109282691.000000,11.940400,12.024101,12.026170,12.026284,3,185,3600.000000,65,20,20,GUROBI,1
