instanceIndex,vpcGenerator,terms,lpBound,disjunctiveDualBound,lpBoundPostVpc,rootDualBound,dualBound,primalBound,vpcGenerationTime,rootDualBoundTime,bestSolutionTime,terminationTime,nodes,iterations,maxTime,actualTerms,numCuts,cutLimit,mipSolver,providePrimalBound
0,New,64,4656.363636,4673.822917,4665.040940,4665.417768,4722.000000,4722.000000,460.081143,460.572087,462.363966,462.817200,536,6986,3600.000000,481,52,52,GUROBI,1
1,New,64,4652.751880,4663.888112,4663.068657,4663.394237,4719.000000,4719.000000,276.146623,276.686310,277.411569,277.822978,228,4613,3600.000000,235,52,52,GUROBI,1
2,New,64,4646.323232,4655.754717,4649.803552,4652.730204,4712.000000,4712.000000,201.510996,202.057822,203.045317,203.281238,275,4752,3600.000000,150,55,55,GUROBI,1
3,New,64,4653.434343,4658.731343,4657.431840,4658.116956,4720.000000,4720.000000,255.182229,255.631832,256.492905,257.136229,291,4744,3600.000000,271,49,49,GUROBI,1
4,New,64,4652.733333,4667.006250,4662.313686,4663.265732,4723.000000,4723.000000,165.787628,166.309710,168.327071,168.377105,491,6727,3600.000000,160,50,50,GUROBI,1
5,New,64,4644.913580,4663.900000,4659.926489,4659.939234,4719.000000,4719.000000,339.356413,339.910371,341.712988,342.225160,521,9628,3600.000000,276,54,54,GUROBI,1
