instanceIndex,vpcGenerator,terms,lpBound,disjunctiveDualBound,lpBoundPostVpc,rootDualBound,dualBound,primalBound,vpcGenerationTime,rootDualBoundTime,bestSolutionTime,terminationTime,nodes,iterations,maxTime,actualTerms,numCuts,cutLimit,mipSolver,providePrimalBound
0,None,16,4656.363636,4656.363636,4656.363636,4659.295082,4722.000000,4722.000000,0.000002,0.415295,1.978762,2.118197,425,6998,3600.000000,0,0,0,GUROBI,1
1,None,16,4654.222222,4654.222222,4654.222222,4657.912162,4718.000000,4718.000000,0.000004,0.307697,1.873086,1.894168,486,6719,3600.000000,0,0,0,GUROBI,1
2,None,16,4657.426471,4657.426471,4657.426471,4660.724138,4724.000000,4724.000000,0.000003,0.639673,2.325381,2.388602,426,6670,3600.000000,0,0,0,GUROBI,1
3,None,16,4658.434343,4658.434343,4658.434343,4660.750000,4723.000000,4723.000000,0.000003,0.348767,1.600854,2.070010,550,7843,3600.000000,0,0,0,GUROBI,1
4,None,16,4654.434343,4654.434343,4654.434343,4655.101010,4721.000000,4721.000000,0.000003,0.403884,1.573917,1.646691,307,4661,3600.000000,0,0,0,GUROBI,1
5,None,16,4655.040404,4655.040404,4655.040404,4659.348066,4720.000000,4720.000000,0.000003,0.347816,2.050252,2.073176,485,7117,3600.000000,0,0,0,GUROBI,1
6,None,16,4647.617582,4647.617582,4647.617582,4650.321429,4712.000000,4712.000000,0.000003,0.374727,1.916178,2.039101,428,6727,3600.000000,0,0,0,GUROBI,1
7,None,16,4655.616162,4655.616162,4655.616162,4657.303030,4722.000000,4722.000000,0.000003,0.334105,2.108544,2.153375,648,8537,3600.000000,0,0,0,GUROBI,1
8,None,16,4654.859649,4654.859649,4654.859649,4656.857143,4716.000000,4716.000000,0.000002,0.385759,1.567169,1.756925,411,5788,3600.000000,0,0,0,GUROBI,1
9,None,16,4655.145374,4655.145374,4655.145374,4656.651183,4718.000000,4718.000000,0.000003,0.371950,2.136065,2.154432,542,7720,3600.000000,0,0,0,GUROBI,1
10,None,16,4655.828283,4655.828283,4655.828283,4657.441315,4721.000000,4721.000000,0.000003,0.289354,1.112636,1.502321,372,5504,3600.000000,0,0,0,GUROBI,1
