instanceIndex,vpcGenerator,terms,lpBound,disjunctiveDualBound,lpBoundPostVpc,rootDualBound,dualBound,primalBound,vpcGenerationTime,rootDualBoundTime,bestSolutionTime,terminationTime,nodes,iterations,maxTime,actualTerms,numCuts,mipSolver,providePrimalBound
0,New,4,947.957237,954.735632,954.735632,1035.081309,1120.000000,1120.000000,1.103039,1.179039,6.919039,6.919039,2498,9321,300.000000,4,8,CBC,1
1,Old,4,988.909982,1000.782373,1000.782373,1057.164438,1120.000000,1120.000000,0.080623,0.696623,17.624623,17.628623,10433,35630,300.000000,4,3,CBC,1
4,Old,4,907.917763,909.738337,909.738337,1040.694409,1120.000000,1120.000000,0.076999,0.744999,124.728999,124.736999,67668,184008,300.000000,4,8,CBC,1
