instanceIndex,vpcGenerator,terms,lpBound,disjunctiveDualBound,lpBoundPostVpc,rootDualBound,dualBound,primalBound,vpcGenerationTime,rootDualBoundTime,bestSolutionTime,terminationTime,nodes,iterations,maxTime,actualTerms,numCuts,mipSolver,providePrimalBound
0,New,4,947.957237,954.735632,954.735632,1035.081309,1120.000000,1120.000000,1.099166,1.179166,6.911166,6.911166,2498,9321,300.000000,4,8,CBC,1
1,New,4,783.957237,783.957237,783.957237,897.347970,964.000000,964.000000,0.348723,0.900723,6.064723,6.072723,2696,8964,300.000000,11,8,CBC,1
2,New,4,736.619973,741.233095,741.233095,864.568280,880.000000,880.000000,0.256320,0.756320,2.348320,2.356320,921,3697,300.000000,12,6,CBC,1
3,New,4,976.987860,980.115789,977.333736,1077.605132,1130.000000,1130.000000,0.321500,0.853500,8.461500,8.469500,3986,13582,300.000000,13,7,CBC,1
4,New,4,707.871795,709.833333,709.833333,788.969550,801.000000,801.000000,0.268193,0.464193,2.592193,2.592193,1099,4342,300.000000,14,5,CBC,1
