instanceIndex,vpcGenerator,terms,lpBound,disjunctiveDualBound,lpBoundPostVpc,rootDualBound,dualBound,primalBound,vpcGenerationTime,rootDualBoundTime,bestSolutionTime,terminationTime,nodes,iterations,maxTime,actualTerms,numCuts,mipSolver,providePrimalBound
0,New,4,38893.903641,38924.292248,38910.357848,38910.357848,39378.334852,40005.054142,1.905065,1.917065,300.229065,300.229065,67146,392339,300.000000,4,7,CBC,1
3,Old,4,17947.610519,17947.610519,17947.610519,17947.610520,17947.610540,17947.610540,0.287838,0.447838,0.891838,0.891838,70,437,300.000000,4,10,CBC,1
5,Old,4,17947.610660,17947.610660,17947.610660,17947.610661,17947.610670,17947.610670,0.123968,0.235968,0.239968,0.243968,0,51,300.000000,4,3,CBC,1
