instanceIndex,vpcGenerator,terms,lpBound,disjunctiveDualBound,lpBoundPostVpc,rootDualBound,dualBound,primalBound,vpcGenerationTime,rootDualBoundTime,bestSolutionTime,terminationTime,nodes,iterations,maxTime,actualTerms,numCuts,mipSolver,providePrimalBound
0,New,16,10482.795280,10609.560145,10595.690820,10595.690820,10787.285670,100000000000000007629769841091887003294964970946560.000000,7.846317,7.866317,7.846317,307.882317,60032,374781,300.000000,17,12,CBC,1
1,Farkas,16,9214.510638,9248.736771,9214.510638,9270.876467,9671.149677,10887.758180,0.225934,0.785934,300.537934,300.545934,57908,376751,300.000000,17,12,CBC,1
2,Farkas,16,733.710951,785.501667,733.710951,822.334554,1210.066378,2095.300235,0.178917,1.454917,300.502917,300.510917,62458,420480,300.000000,17,12,CBC,1
3,Farkas,16,0.000221,0.000222,0.000221,0.000221,0.000240,0.000240,0.188144,0.436144,1.180144,1.180144,124,938,300.000000,17,12,CBC,1
4,Farkas,16,10611.255450,10665.460650,10617.326118,10685.529742,11047.077127,12099.892379,0.152268,0.776268,300.412268,300.416268,46718,295550,300.000000,17,12,CBC,1
5,Farkas,16,9257.111080,9259.043954,9257.111080,9327.744466,9684.063526,10661.178971,0.180453,0.596453,300.508453,300.516453,54641,364319,300.000000,17,12,CBC,1
6,Farkas,16,5968.004719,5968.004719,5968.004719,6035.811601,6534.605464,7950.621842,0.241172,0.981172,300.589172,300.597172,60301,394312,300.000000,17,12,CBC,1
7,Farkas,16,10524.745038,10620.947058,10602.137087,10620.046925,11041.758354,12465.081281,0.177464,0.785464,300.385464,300.393464,39233,248388,300.000000,17,12,CBC,1
8,Farkas,16,3761.157190,3784.061026,3761.157190,3813.004623,4258.559835,4703.892399,0.244901,1.048901,300.612901,300.620901,65331,417362,300.000000,17,12,CBC,1
9,Farkas,16,820.684399,887.122208,833.142370,910.089706,1252.503777,2253.376609,0.158275,1.314275,300.418275,300.430275,47047,297347,300.000000,17,12,CBC,1
10,Farkas,16,1724.850436,1817.258381,1728.554320,1830.222821,2204.010982,3787.102166,0.154350,1.002350,300.426350,300.434350,46922,296403,300.000000,17,12,CBC,1
