instanceIndex,vpcGenerator,terms,lpBound,disjunctiveDualBound,lpBoundPostVpc,rootDualBound,dualBound,primalBound,vpcGenerationTime,rootDualBoundTime,bestSolutionTime,terminationTime,nodes,iterations,maxTime,actualTerms,numCuts,cutLimit,mipSolver,providePrimalBound
0,New,4,1910.000000,1910.000000,1910.000000,2280.000000,3360.000000,3360.000000,0.935749,1.129009,1.418445,1.418541,205,2872,3600.000000,4,16,18,GUROBI,1
1,Farkas,4,1909.500000,1910.000000,1909.500000,2320.001174,3360.000000,3360.000000,0.017054,0.187057,0.681368,1.089253,1249,12776,3600.000000,4,16,0,GUROBI,1
2,Farkas,4,1909.000000,1909.500000,1909.500000,2251.542355,3357.999772,3357.999772,0.014415,0.201991,0.795256,0.795365,723,8680,3600.000000,4,16,0,GUROBI,1
3,Farkas,4,1908.583333,1909.000000,1909.000000,2301.371869,3360.000000,3360.000000,0.013178,0.206628,0.855133,0.855228,940,9127,3600.000000,4,16,0,GUROBI,1
4,Farkas,4,1909.250000,1909.250000,1909.250000,2268.080443,3358.000000,3358.000000,0.010878,0.223599,0.985018,0.985116,983,11075,3600.000000,4,16,0,GUROBI,1
5,Farkas,4,1909.500000,1909.500000,1909.500000,2298.121308,3359.000000,3359.000000,0.011868,0.199306,0.472059,0.712087,494,6480,3600.000000,4,16,0,GUROBI,1
6,Farkas,4,1908.750000,1908.750000,1908.750000,2351.685185,3358.000000,3358.000000,0.012191,0.152426,1.409254,1.871919,1375,16972,3600.000000,4,16,0,GUROBI,1
7,Farkas,4,1908.500000,1909.000000,1908.500000,2312.729488,3360.000000,3360.000000,0.015448,0.189503,0.541819,0.890661,960,10591,3600.000000,4,16,0,GUROBI,1
8,Farkas,4,1909.500000,1910.000000,1910.000000,2267.340909,3358.000000,3358.000000,0.013844,0.206128,0.572503,0.806305,733,8361,3600.000000,4,16,0,GUROBI,1
9,Farkas,4,1908.500000,1908.500000,1908.500000,2337.509140,3359.000000,3359.000000,0.012701,0.191564,0.678386,0.915677,926,9957,3600.000000,4,16,0,GUROBI,1
10,Farkas,4,1908.000000,1909.111111,1909.111111,2277.798173,3354.000000,3354.000000,0.015555,0.181517,0.401082,0.675072,532,7219,3600.000000,4,16,0,GUROBI,1
