instanceIndex,vpcGenerator,terms,lpBound,disjunctiveDualBound,lpBoundPostVpc,rootDualBound,dualBound,primalBound,vpcGenerationTime,rootDualBoundTime,bestSolutionTime,terminationTime,nodes,iterations,maxTime,actualTerms,numCuts,cutLimit,mipSolver,providePrimalBound
0,None,16,1415.000000,1415.000000,1415.000000,1518.000000,2810.000000,2810.000000,0.000002,0.475046,3.310711,7.205660,4234,50582,3600.000000,0,0,0,GUROBI,1
1,None,16,1413.000000,1413.000000,1413.000000,1525.152778,2810.000000,2810.000000,0.000004,0.477002,19.633035,58.514658,36781,506507,3600.000000,0,0,0,GUROBI,1
2,None,16,1411.500000,1411.500000,1411.500000,1518.250000,2809.000000,2809.000000,0.000003,0.508864,10.525235,69.504708,24327,354393,3600.000000,0,0,0,GUROBI,1
3,None,16,1411.500000,1411.500000,1411.500000,1517.200000,2797.000000,2797.000000,0.000004,0.490640,20.389574,47.116358,29658,394802,3600.000000,0,0,0,GUROBI,1
4,None,16,1409.500000,1409.500000,1409.500000,1517.450000,2800.000000,2800.000000,0.000002,0.565629,25.093423,45.667866,23424,308586,3600.000000,0,0,0,GUROBI,1
5,None,16,1411.500000,1411.500000,1411.500000,1519.266667,2805.000000,2805.000000,0.000003,0.453402,27.213308,39.866726,29598,357024,3600.000000,0,0,0,GUROBI,1
6,None,16,1413.000000,1413.000000,1413.000000,1562.896259,2805.000000,2805.000000,0.000002,0.776266,10.910231,43.293151,26738,338844,3600.000000,0,0,0,GUROBI,1
7,None,16,1412.500000,1412.500000,1412.500000,1518.800000,2805.000000,2805.000000,0.000003,0.485581,11.075404,40.019495,28905,353828,3600.000000,0,0,0,GUROBI,1
8,None,16,1407.000000,1407.000000,1407.000000,1515.633333,2804.000000,2804.000000,0.000002,0.423804,74.385151,74.385322,26999,400428,3600.000000,0,0,0,GUROBI,1
9,None,16,1412.500000,1412.500000,1412.500000,1517.800000,2810.000000,2810.000000,0.000002,0.465836,13.336161,56.415082,31692,404488,3600.000000,0,0,0,GUROBI,1
10,None,16,1412.000000,1412.000000,1412.000000,1521.985185,2806.000000,2806.000000,0.000003,0.593708,39.017364,45.508444,26298,353424,3600.000000,0,0,0,GUROBI,1
