instanceIndex,vpcGenerator,terms,lpBound,disjunctiveDualBound,lpBoundPostVpc,rootDualBound,dualBound,primalBound,vpcGenerationTime,rootDualBoundTime,bestSolutionTime,terminationTime,nodes,iterations,maxTime,actualTerms,numCuts,cutLimit,mipSolver,providePrimalBound
0,None,64,1415.000000,1415.000000,1415.000000,1518.000000,2810.000000,2810.000000,0.000028,0.480112,3.415097,7.422654,4234,50582,3600.000000,0,0,0,GUROBI,1
1,None,64,1402.000000,1402.000000,1402.000000,1534.259247,2789.000000,2789.000000,0.000005,0.710094,21.083550,42.938172,25837,346039,3600.000000,0,0,0,GUROBI,1
2,None,64,1402.000000,1402.000000,1402.000000,1529.337998,2780.000000,2780.000000,0.000003,0.499226,46.847911,46.848054,24921,344797,3600.000000,0,0,0,GUROBI,1
3,None,64,1406.000000,1406.000000,1406.000000,1518.246914,2785.000000,2785.000000,0.000003,0.515790,11.882596,41.578564,21567,288208,3600.000000,0,0,0,GUROBI,1
4,None,64,1406.500000,1406.500000,1406.500000,1527.370370,2780.000000,2780.000000,0.000003,0.491723,12.095021,36.781517,21633,279605,3600.000000,0,0,0,GUROBI,1
5,None,64,1409.000000,1409.000000,1409.000000,1537.496835,2802.000000,2802.000000,0.000003,0.533166,30.729312,38.874375,29668,355078,3600.000000,0,0,0,GUROBI,1
6,None,64,1407.750000,1407.750000,1407.750000,1515.766667,2804.000000,2804.000000,0.000003,0.440258,33.513087,46.004744,20520,322509,3600.000000,0,0,0,GUROBI,1
7,None,64,1403.000000,1403.000000,1403.000000,1517.016667,2799.000000,2799.000000,0.000003,0.559640,10.701028,36.582986,25632,316900,3600.000000,0,0,0,GUROBI,1
8,None,64,1406.000000,1406.000000,1406.000000,1532.557451,2797.000000,2797.000000,0.000003,0.650744,9.264212,40.901338,24262,325743,3600.000000,0,0,0,GUROBI,1
9,None,64,1408.500000,1408.500000,1408.500000,1518.425000,2808.000000,2808.000000,0.000002,0.535414,11.585925,48.373172,24649,353039,3600.000000,0,0,0,GUROBI,1
10,None,64,1389.000000,1389.000000,1389.000000,1511.222222,2782.000000,2782.000000,0.000002,0.507046,35.778224,43.580500,29750,357799,3600.000000,0,0,0,GUROBI,1
