instanceIndex,vpcGenerator,terms,lpBound,disjunctiveDualBound,lpBoundPostVpc,rootDualBound,dualBound,primalBound,vpcGenerationTime,rootDualBoundTime,bestSolutionTime,terminationTime,nodes,iterations,maxTime,actualTerms,numCuts,cutLimit,mipSolver,providePrimalBound
0,None,16,115155.000000,115155.000000,115155.000000,115155.000000,115155.000000,115155.000000,0.000003,0.000003,0.126486,0.136708,1,2938,3600.000000,0,0,0,GUROBI,1
1,None,16,115200.000000,115200.000000,115200.000000,115200.000000,115200.000000,115200.000000,0.000003,0.000003,0.116574,0.125809,1,2948,3600.000000,0,0,0,GUROBI,1
2,None,16,115140.000000,115140.000000,115140.000000,115140.000000,115140.000000,115140.000000,0.000002,0.000002,0.123343,0.133127,1,2725,3600.000000,0,0,0,GUROBI,1
3,None,16,113685.000000,113685.000000,113685.000000,113685.000000,113685.000000,113685.000000,0.000002,0.166113,0.171142,0.173813,1,2993,3600.000000,0,0,0,GUROBI,1
4,None,16,115155.000000,115155.000000,115155.000000,115155.000000,115155.000000,115155.000000,0.000003,0.000003,0.124330,0.133396,1,2711,3600.000000,0,0,0,GUROBI,1
5,None,16,111360.000000,111360.000000,111360.000000,111360.000000,111360.000000,111360.000000,0.000002,0.000002,0.128496,0.138026,1,2799,3600.000000,0,0,0,GUROBI,1
6,None,16,115200.000000,115200.000000,115200.000000,115200.000000,115200.000000,115200.000000,0.000002,0.000002,0.112388,0.121396,1,2770,3600.000000,0,0,0,GUROBI,1
7,None,16,115365.000000,115365.000000,115365.000000,115365.000000,115365.000000,115365.000000,0.000003,0.000003,0.108788,0.117747,1,2633,3600.000000,0,0,0,GUROBI,1
8,None,16,114270.000000,114270.000000,114270.000000,114270.000000,114270.000000,114270.000000,0.000002,0.000002,0.125836,0.146280,1,2700,3600.000000,0,0,0,GUROBI,1
9,None,16,113700.000000,113700.000000,113700.000000,113700.000000,113700.000000,113700.000000,0.000002,0.000002,0.121968,0.130792,1,2880,3600.000000,0,0,0,GUROBI,1
10,None,16,121080.000000,121080.000000,121080.000000,121080.000000,121080.000000,121080.000000,0.000002,0.000002,0.129156,0.138439,1,2724,3600.000000,0,0,0,GUROBI,1
