instanceIndex,vpcGenerator,terms,lpBound,disjunctiveDualBound,lpBoundPostVpc,rootDualBound,dualBound,primalBound,vpcGenerationTime,rootDualBoundTime,bestSolutionTime,terminationTime,nodes,iterations,maxTime,actualTerms,numCuts,mipSolver,providePrimalBound
0,None,4,114740.518481,114740.518481,114740.518481,115155.000000,115155.000000,115155.000000,2.690703,7.470703,7.578703,7.622703,0,1057,300.000000,0,0,CBC,1
1,None,4,114905.518481,114905.518481,114905.518481,115320.000000,115320.000000,115320.000000,2.815859,7.103859,7.207859,7.255859,0,1114,300.000000,0,0,CBC,1
2,None,4,114830.518481,114830.518481,114830.518481,115275.000000,115275.000000,115275.000000,2.538206,7.366206,13.674206,13.722206,37,1348,300.000000,0,0,CBC,1
3,None,4,114755.518481,114755.518481,114755.518481,115170.000000,115170.000000,115170.000000,2.659585,7.327585,8.327585,8.375585,2,1329,300.000000,0,0,CBC,1
4,None,4,114984.348978,114984.348978,114984.348978,115380.000000,115380.000000,115380.000000,2.750983,7.402983,11.414983,11.458983,4,1121,300.000000,0,0,CBC,1
