instanceIndex,vpcGenerator,terms,lpBound,disjunctiveDualBound,lpBoundPostVpc,rootDualBound,dualBound,primalBound,vpcGenerationTime,rootDualBoundTime,bestSolutionTime,terminationTime,nodes,iterations,maxTime,actualTerms,numCuts,mipSolver,providePrimalBound
0,New,4,114740.518481,114745.521413,114740.518481,115155.000000,115155.000000,115155.000000,374.150808,378.914808,379.034808,379.078808,0,1057,300.000000,293,1,CBC,1
1,Old,4,114905.518481,114910.521413,114905.518481,115320.000000,115320.000000,115320.000000,410.338057,414.626057,414.738057,414.786057,0,1114,300.000000,293,1,CBC,1
