instanceIndex,vpcGenerator,terms,lpBound,disjunctiveDualBound,lpBoundPostVpc,rootDualBound,dualBound,primalBound,vpcGenerationTime,rootDualBoundTime,bestSolutionTime,terminationTime,nodes,iterations,maxTime,actualTerms,numCuts,mipSolver,providePrimalBound
0,New,64,291.089439,295.267712,294.505262,299.616740,307.000000,307.000000,20.064522,20.472522,22.684522,22.688522,483,2967,300.000000,65,6,CBC,1
1,Old,64,285.162972,287.558696,287.521987,296.946397,298.000000,298.000000,9.866117,11.474117,16.630117,16.650117,1372,6880,300.000000,65,6,CBC,1
2,Old,64,287.544701,291.251461,291.143282,300.499328,305.000000,305.000000,8.230337,10.194337,20.282337,20.310337,2876,9240,300.000000,65,5,CBC,1
3,Old,64,285.224378,286.187251,285.953345,299.663525,301.000000,301.000000,8.357755,10.265755,10.753755,10.785755,112,1190,300.000000,65,6,CBC,1
4,Old,64,281.489850,284.089300,284.089300,293.908855,298.000000,298.000000,7.770156,9.826156,14.798156,14.834156,1385,6725,300.000000,65,6,CBC,1
5,Old,64,289.292480,292.697606,291.515094,299.530587,306.000000,306.000000,11.329289,13.513289,25.373289,25.409289,3375,13171,300.000000,65,6,CBC,1
6,Old,64,286.636708,289.289463,288.653009,297.864927,303.000000,303.000000,10.866512,12.966512,17.482512,17.518512,1230,6468,300.000000,65,6,CBC,1
7,Old,64,289.505280,292.591580,292.546213,301.343621,304.000000,304.000000,13.268041,15.320041,17.312041,17.340041,460,3407,300.000000,65,6,CBC,1
8,Old,64,290.874469,295.477187,295.209707,301.563642,306.000000,306.000000,16.707778,18.551778,51.571778,51.603778,12115,19931,300.000000,65,3,CBC,1
9,Old,64,288.621086,291.047625,290.981275,299.852579,303.000000,303.000000,15.828947,17.612947,18.296947,18.320947,126,1459,300.000000,65,5,CBC,1
10,Old,64,287.367743,289.821136,288.857984,298.462490,301.000000,301.000000,9.492485,11.604485,19.420485,19.456485,1766,9224,300.000000,65,6,CBC,1
