instanceIndex,vpcGenerator,terms,lpBound,disjunctiveDualBound,lpBoundPostVpc,rootDualBound,dualBound,primalBound,vpcGenerationTime,rootDualBoundTime,bestSolutionTime,terminationTime,nodes,iterations,maxTime,actualTerms,numCuts,cutLimit,mipSolver,providePrimalBound
0,New,4,6532.083333,6535.666667,6534.715409,6537.500000,6548.000000,6548.000000,31.833658,32.123288,32.365485,32.375335,45,1468,3600.000000,42,41,41,GUROBI,1
1,Farkas,4,6308.000000,6311.500000,6309.000000,6540.000000,6550.000000,6550.000000,1.436329,1.754902,1.838473,1.893362,22,1292,3600.000000,42,41,0,GUROBI,1
2,Farkas,4,6359.500000,6363.500000,6360.500000,6537.500000,6548.000000,6548.000000,1.118258,1.456515,1.653656,1.679511,40,1488,3600.000000,42,41,0,GUROBI,1
3,Farkas,4,6052.636364,6055.180556,6052.636364,6537.465517,6548.000000,6548.000000,1.245552,1.546537,1.776283,1.776582,49,1504,3600.000000,42,41,0,GUROBI,1
4,Farkas,4,6532.083333,6535.666667,6534.715409,6537.500000,6548.000000,6548.000000,1.055685,1.383331,1.511540,1.516286,20,1111,3600.000000,42,41,0,GUROBI,1
5,Farkas,4,6191.750000,6193.500000,6191.750000,6537.500000,6548.000000,6548.000000,1.702337,2.015902,2.199509,2.212471,36,1426,3600.000000,42,41,0,GUROBI,1
6,Farkas,4,6479.352941,6481.750000,6479.352941,6537.500000,6548.000000,6548.000000,1.099473,1.422490,1.683473,1.720517,52,1672,3600.000000,42,41,0,GUROBI,1
7,Farkas,4,6255.500000,6259.625000,6255.750000,6537.500000,6548.000000,6548.000000,1.718133,2.055790,2.113132,2.140383,17,1245,3600.000000,42,41,0,GUROBI,1
8,Farkas,4,6107.666667,6118.083333,6107.666667,6537.500000,6548.000000,6548.000000,1.197298,1.520693,1.589272,1.616306,20,1180,3600.000000,42,41,0,GUROBI,1
9,Farkas,4,6265.808824,6265.808824,6265.808824,6537.500000,6548.000000,6548.000000,1.180319,1.515179,1.888197,1.921267,100,1722,3600.000000,42,41,0,GUROBI,1
10,Farkas,4,6192.836957,6192.836957,6192.836957,6538.465517,6550.000000,6550.000000,1.462096,1.794455,2.001885,2.002183,40,1379,3600.000000,42,41,0,GUROBI,1
