instanceIndex,vpcGenerator,terms,lpBound,disjunctiveDualBound,lpBoundPostVpc,rootDualBound,dualBound,primalBound,vpcGenerationTime,rootDualBoundTime,bestSolutionTime,terminationTime,nodes,iterations,maxTime,actualTerms,numCuts,cutLimit,mipSolver,providePrimalBound,infeasibleTerms,feasibleToInfeasibleTerms,infeasibleToFeasibleTerms
0,New,4,6532.083333,6535.666667,6534.715409,6537.500000,6548.000000,6548.000000,37.882494,38.170923,38.409101,38.418005,45,1468,3600.000000,42,41,41,GUROBI,1,40,0,0
1,Old,4,6308.000000,6311.500000,6311.500000,6538.000000,6550.000000,6550.000000,8.430729,8.729703,8.950513,8.963042,57,1447,3600.000000,42,36,0,GUROBI,1,40,0,0
2,Old,4,6359.500000,6363.500000,6362.464286,6536.000000,6548.000000,6548.000000,6.332025,6.930110,7.312534,7.313707,68,1595,3600.000000,42,33,0,GUROBI,1,40,0,0
3,Old,4,6052.636364,6055.180556,6055.180454,6536.500000,6548.000000,6548.000000,12.989596,13.355917,13.603230,13.617198,39,1535,3600.000000,42,68,0,GUROBI,1,40,0,0
4,Old,4,6532.083333,6535.666667,6535.666667,6539.000000,6548.000000,6548.000000,6.539613,6.857609,7.137463,7.138588,55,1351,3600.000000,42,37,0,GUROBI,1,40,0,0
5,Old,4,6191.750000,6193.500000,6192.772727,6535.000000,6548.000000,6548.000000,8.091406,8.403889,8.542997,8.567034,34,1349,3600.000000,42,56,0,GUROBI,1,40,0,0
6,Old,4,6479.352941,6481.750000,6480.130527,6535.000000,6548.000000,6548.000000,9.469758,9.823784,10.377555,10.387943,92,1891,3600.000000,42,61,0,GUROBI,1,40,0,0
7,Old,4,6255.500000,6259.625000,6258.078125,6536.576371,6548.000000,6548.000000,7.647123,8.028672,8.399879,8.400173,80,1588,3600.000000,42,62,0,GUROBI,1,40,0,0
8,Old,4,6107.666667,6118.083333,6110.183932,6535.000000,6548.000000,6548.000000,10.915540,11.235875,11.427296,11.428863,41,1269,3600.000000,42,53,0,GUROBI,1,40,0,0
