instanceIndex,vpcGenerator,terms,lpBound,disjunctiveDualBound,lpBoundPostVpc,rootDualBound,dualBound,primalBound,vpcGenerationTime,rootDualBoundTime,bestSolutionTime,terminationTime,nodes,iterations,maxTime,actualTerms,numCuts,cutLimit,mipSolver,providePrimalBound
0,New,64,291.089439,295.267712,294.505262,303.691493,307.000000,307.000000,3.748037,3.884899,3.918788,3.919759,58,519,3600.000000,64,6,6,GUROBI,1
1,New,64,291.089439,295.267712,295.217176,302.620896,307.000000,307.000000,2.572141,2.690244,2.746265,2.746355,103,692,3600.000000,64,6,6,GUROBI,1
2,New,64,291.089439,295.267712,294.505262,303.838738,307.000000,307.000000,2.928481,3.070836,3.132610,3.132703,86,873,3600.000000,64,6,6,GUROBI,1
3,New,64,291.089439,295.267712,294.334516,305.084490,307.000000,307.000000,3.009533,3.125054,3.154016,3.155434,39,355,3600.000000,64,6,6,GUROBI,1
4,New,64,291.089439,295.267712,294.916216,303.768851,307.000000,307.000000,2.998438,3.142024,3.167747,3.167837,30,419,3600.000000,64,6,6,GUROBI,1
5,New,64,291.089439,295.267712,294.505262,303.600632,307.000000,307.000000,2.766176,2.895054,2.914908,2.915001,19,371,3600.000000,64,6,6,GUROBI,1
6,New,64,291.089439,295.267712,293.811334,303.790015,307.000000,307.000000,3.789104,3.917921,4.081940,4.082031,267,820,3600.000000,64,6,6,GUROBI,1
7,New,64,291.089439,295.267712,294.537685,303.807933,307.000000,307.000000,2.813641,2.953288,2.988304,2.988399,45,520,3600.000000,64,6,6,GUROBI,1
8,New,64,291.089439,295.256562,294.049077,302.904565,307.000000,307.000000,3.032361,3.163974,3.184379,3.184470,30,344,3600.000000,64,6,6,GUROBI,1
9,New,64,290.044899,295.121006,294.467809,302.856307,307.000000,307.000000,3.604581,3.735391,3.756580,3.767197,47,464,3600.000000,64,6,6,GUROBI,1
10,New,64,291.089439,295.267712,293.854214,303.916209,307.000000,307.000000,3.106787,3.254412,3.277447,3.279298,26,384,3600.000000,64,6,6,GUROBI,1
