instanceIndex,vpcGenerator,terms,lpBound,disjunctiveDualBound,lpBoundPostVpc,rootDualBound,dualBound,primalBound,vpcGenerationTime,rootDualBoundTime,bestSolutionTime,terminationTime,nodes,iterations,maxTime,actualTerms,numCuts,mipSolver,providePrimalBound
0,New,64,20430947.618854,20509302.700170,20443017.002346,20484187.730386,20563905.941539,100000000000000007629769841091887003294964970946560.000000,77.383950,77.995950,77.383950,377.411950,17978,149208,300.000000,64,30,CBC,1
1,New,64,20438128.596645,21115586.617116,20447607.687302,21075677.790527,21144477.282692,21144477.282692,9.541415,9.581415,22.301415,22.305415,2247,7120,300.000000,117,1,CBC,1
2,New,64,20419707.324959,21120070.682097,20424002.354933,21058739.551856,21174928.016826,21174928.016826,11.686641,11.730641,219.162641,219.166641,40180,101499,300.000000,118,2,CBC,1
