instanceIndex,vpcGenerator,terms,lpBound,disjunctiveDualBound,lpBoundPostVpc,rootDualBound,dualBound,primalBound,vpcGenerationTime,rootDualBoundTime,bestSolutionTime,terminationTime,nodes,iterations,maxTime,actualTerms,numCuts,mipSolver,providePrimalBound
0,None,64,-43.000000,-43.000000,-43.000000,-43.000000,-43.000000,100000000000000007629769841091887003294964970946560.000000,0.007157,0.059157,0.007157,300.023157,36962,186831,300.000000,0,0,CBC,1
1,None,64,-43.000000,-43.000000,-43.000000,-43.000000,-43.000000,-43.000000,0.001561,0.069561,3.081561,3.081561,246,2722,300.000000,0,0,CBC,1
2,None,64,-43.000000,-43.000000,-43.000000,-43.000000,-43.000000,-43.000000,0.001559,0.077559,152.401559,152.405559,17734,166457,300.000000,0,0,CBC,1
3,None,64,-43.000000,-43.000000,-43.000000,-43.000000,-43.000000,-42.000000,0.001470,0.149470,300.025470,300.029470,41674,375210,300.000000,0,0,CBC,1
4,None,64,-43.000000,-43.000000,-43.000000,-43.000000,-42.756006,-41.000000,0.001170,0.081170,300.109170,300.113170,38921,276473,300.000000,0,0,CBC,1
5,None,64,-43.000000,-43.000000,-43.000000,-43.000000,-43.000000,-41.000000,0.001525,0.089525,300.037525,300.041525,25540,277794,300.000000,0,0,CBC,1
6,None,64,-43.000000,-43.000000,-43.000000,-43.000000,-43.000000,-38.000000,0.001268,0.121268,300.141268,300.145268,34993,246993,300.000000,0,0,CBC,1
7,None,64,-43.000000,-43.000000,-43.000000,-43.000000,-43.000000,-41.000000,0.002287,0.082287,300.082287,300.082287,36161,275872,300.000000,0,0,CBC,1
8,None,64,-43.000000,-43.000000,-43.000000,-43.000000,-43.000000,-43.000000,0.001573,0.077573,20.661573,20.665573,2858,21224,300.000000,0,0,CBC,1
9,None,64,-43.000000,-43.000000,-43.000000,-43.000000,-43.000000,-43.000000,0.001654,0.069654,4.221654,4.225654,415,3586,300.000000,0,0,CBC,1
10,None,64,-43.000000,-43.000000,-43.000000,-43.000000,-43.000000,-43.000000,0.001230,0.097230,92.505230,92.513230,12879,62779,300.000000,0,0,CBC,1
