instanceIndex,vpcGenerator,terms,lpBound,disjunctiveDualBound,lpBoundPostVpc,rootDualBound,dualBound,primalBound,vpcGenerationTime,rootDualBoundTime,bestSolutionTime,terminationTime,nodes,iterations,maxTime,actualTerms,numCuts,mipSolver,providePrimalBound
0,New,4,2520.571739,2550.512500,2550.512500,3088.999659,3089.000000,3089.000000,0.375061,0.419061,0.419061,0.419061,0,111,300.000000,7,6,CBC,1
1,Old,4,2288.195276,2329.580620,2329.580620,2690.487419,2691.000000,2691.000000,0.045745,0.257745,0.285745,0.285745,11,490,300.000000,7,5,CBC,1
2,Old,4,2517.314422,2547.697812,2547.697812,3093.939011,3095.000000,3095.000000,0.045881,0.137881,0.157881,0.157881,6,272,300.000000,7,4,CBC,1
3,Old,4,2515.061203,2548.049175,2548.002635,3088.999362,3089.000000,3089.000000,0.050386,0.082386,0.090386,0.094386,2,100,300.000000,7,4,CBC,1
4,Old,4,2527.223008,2728.960917,2552.868475,3088.999920,3089.000000,3089.000000,0.038173,0.054173,0.058173,0.058173,2,54,300.000000,7,2,CBC,1
5,Old,4,2656.647065,2686.159036,2686.146542,3243.999201,3244.000000,3244.000000,0.044406,0.228406,0.248406,0.248406,5,552,300.000000,7,4,CBC,1
6,Old,4,2520.286528,2550.512500,2538.763131,3157.844767,3164.000000,3164.000000,0.041732,0.221732,0.253732,0.257732,12,546,300.000000,7,4,CBC,1
