instanceIndex,vpcGenerator,terms,lpBound,disjunctiveDualBound,lpBoundPostVpc,rootDualBound,dualBound,primalBound,vpcGenerationTime,rootDualBoundTime,bestSolutionTime,terminationTime,nodes,iterations,maxTime,actualTerms,numCuts,cutLimit,mipSolver,providePrimalBound,infeasibleTerms,feasibleToInfeasibleTerms,infeasibleToFeasibleTerms
0,New,4,2839.491838,2855.333333,2855.333333,3025.214421,3089.000000,3089.000000,0.314855,0.353549,0.314855,0.353831,1,35,3600.000000,6,3,3,GUROBI,1,2,0,0
1,Farkas,4,2832.296739,2847.000000,2847.000000,2847.000000,2847.000000,2847.000000,0.010313,0.013022,0.013300,0.013519,1,8,3600.000000,6,3,0,GUROBI,1,2,0,0
2,Farkas,4,2832.296739,2847.000000,2847.000000,2847.000000,2847.000000,2847.000000,0.004211,0.006923,0.007233,0.007437,1,8,3600.000000,6,3,0,GUROBI,1,2,0,0
3,Farkas,4,2839.491838,2855.333333,2855.333333,3048.600000,3089.000000,3089.000000,0.004222,0.021143,0.021345,0.021531,1,43,3600.000000,6,3,0,GUROBI,1,2,0,0
4,Farkas,4,3015.425000,3015.425000,3015.425000,3422.500000,3449.000000,3449.000000,0.005179,0.014051,0.014234,0.014421,1,26,3600.000000,6,3,0,GUROBI,1,4,2,0
5,Farkas,4,2978.900000,2978.900000,2978.900000,3060.235294,3062.000000,3062.000000,0.007308,0.010298,0.010410,0.010596,1,11,3600.000000,6,3,0,GUROBI,1,3,2,1
6,Farkas,4,3059.637529,3079.100000,3059.637529,3095.000000,3095.000000,3095.000000,0.004168,0.006683,0.006940,0.007141,1,6,3600.000000,6,3,0,GUROBI,1,2,0,0
7,Farkas,4,2663.411404,2663.411404,2663.411404,3011.666580,3089.000000,3089.000000,0.005228,0.037447,0.037922,0.038253,7,121,3600.000000,6,3,0,GUROBI,1,1,0,1
8,Farkas,4,3065.246224,3083.075000,3078.464286,3095.000000,3095.000000,3095.000000,0.005038,0.009187,0.009618,0.009915,1,10,3600.000000,6,3,0,GUROBI,1,2,0,0
