instanceIndex,vpcGenerator,terms,lpBound,disjunctiveDualBound,lpBoundPostVpc,rootDualBound,dualBound,primalBound,vpcGenerationTime,rootDualBoundTime,bestSolutionTime,terminationTime,nodes,iterations,maxTime,actualTerms,numCuts,mipSolver,providePrimalBound
0,New,16,2839.491838,2953.325000,2944.673373,3088.118405,3089.000000,3089.000000,1.511728,1.575728,1.579728,1.579728,2,147,300.000000,42,3,CBC,1
1,New,16,2815.452021,2929.475000,2917.146331,3088.999342,3089.000000,3089.000000,0.279275,0.323275,0.327275,0.331275,2,136,300.000000,45,3,CBC,1
2,New,16,2837.858143,2953.325000,2944.408202,3088.999733,3089.000000,3089.000000,0.257015,0.277015,0.285015,0.285015,3,72,300.000000,42,3,CBC,1
3,New,16,2739.526621,2929.475000,2840.636404,3089.000000,3089.000000,3089.000000,0.284746,0.424746,0.428746,0.428746,0,350,300.000000,39,4,CBC,1
4,New,16,2842.469737,2945.375000,2934.094334,3089.000000,3089.000000,3089.000000,0.235502,0.251502,0.255502,0.255502,0,51,300.000000,36,3,CBC,1
5,New,16,2839.491838,2953.325000,2939.609712,3080.565565,3089.000000,3089.000000,0.301917,0.473917,0.497917,0.497917,22,582,300.000000,51,3,CBC,1
