instanceIndex,vpcGenerator,terms,lpBound,disjunctiveDualBound,lpBoundPostVpc,rootDualBound,dualBound,primalBound,vpcGenerationTime,rootDualBoundTime,bestSolutionTime,terminationTime,nodes,iterations,maxTime,actualTerms,numCuts,cutLimit,mipSolver,providePrimalBound
0,None,4,2839.491838,2839.491838,2839.491838,3074.166667,3089.000000,3089.000000,0.000021,0.027701,0.028133,0.028192,3,50,3600.000000,0,0,0,GUROBI,1
1,None,4,2965.728161,2965.728161,2965.728161,3089.000000,3089.000000,3089.000000,0.000021,0.002274,0.002437,0.002613,1,10,3600.000000,0,0,0,GUROBI,1
2,None,4,2836.751487,2836.751487,2836.751487,2943.846154,3005.000000,3005.000000,0.000020,0.002419,0.002597,0.002743,1,17,3600.000000,0,0,0,GUROBI,1
3,None,4,2681.925000,2681.925000,2681.925000,2685.900000,2769.000000,2769.000000,0.000021,0.002676,0.002823,0.002957,1,18,3600.000000,0,0,0,GUROBI,1
4,None,4,2679.075000,2679.075000,2679.075000,2847.000000,2847.000000,2847.000000,0.000022,0.002572,0.002956,0.003012,1,14,3600.000000,0,0,0,GUROBI,1
5,None,4,2860.320517,2860.320517,2860.320517,3049.250000,3089.000000,3089.000000,0.000009,0.003370,0.003510,0.003683,1,18,3600.000000,0,0,0,GUROBI,1
6,None,4,2672.161957,2672.161957,2672.161957,2975.412500,2998.000000,2998.000000,0.000002,0.017541,0.017696,0.017867,1,43,3600.000000,0,0,0,GUROBI,1
7,None,4,2766.378277,2766.378277,2766.378277,3065.150000,3089.000000,3089.000000,0.000003,0.005419,0.005614,0.005912,1,15,3600.000000,0,0,0,GUROBI,1
8,None,4,2783.800881,2783.800881,2783.800881,3284.000000,3302.000000,3302.000000,0.000003,0.013287,0.013492,0.013720,1,20,3600.000000,0,0,0,GUROBI,1
9,None,4,2961.651843,2961.651843,2961.651843,3089.000000,3089.000000,3089.000000,0.000002,0.003078,0.003374,0.003676,1,8,3600.000000,0,0,0,GUROBI,1
