instanceIndex,vpcGenerator,terms,lpBound,disjunctiveDualBound,lpBoundPostVpc,rootDualBound,dualBound,primalBound,vpcGenerationTime,rootDualBoundTime,bestSolutionTime,terminationTime,nodes,iterations,maxTime,actualTerms,numCuts,cutLimit,mipSolver,providePrimalBound
0,New,64,180104.201530,183664.933637,182753.695137,257618.996481,258411.000000,258411.000000,3.307959,3.526636,3.536519,3.537724,9,641,3600.000000,70,24,24,GUROBI,1
1,Old,64,180103.991201,183665.084096,182804.275577,257398.564313,258410.000000,258410.000000,0.748552,0.939630,0.996996,0.997314,67,931,3600.000000,70,24,0,GUROBI,1
2,Old,64,180099.859758,183663.458297,182792.913335,258131.226623,258413.000000,258413.000000,0.762438,0.965392,0.976317,0.976835,6,659,3600.000000,70,24,0,GUROBI,1
3,Old,64,180106.769595,183667.666794,182741.750739,258141.155861,258414.000000,258414.000000,0.772608,0.982675,0.999329,0.999416,14,678,3600.000000,70,24,0,GUROBI,1
4,Old,64,180096.578654,183662.860625,182736.577218,258130.891878,258408.000000,258408.000000,0.775886,0.986288,0.995716,0.995803,6,627,3600.000000,70,24,0,GUROBI,1
5,Old,64,180107.835985,183670.307672,182776.955060,257621.506134,258417.000000,258417.000000,0.763301,0.972397,0.982168,0.983182,9,640,3600.000000,70,24,0,GUROBI,1
6,Old,64,180096.168193,183659.417969,182787.931969,258133.568722,258394.651290,258403.000000,0.748106,0.954279,0.965236,0.967014,7,661,3600.000000,70,24,0,GUROBI,1
7,Old,64,180108.630289,183668.214252,182807.863260,257400.848555,258412.000000,258412.000000,0.734640,0.930991,0.989230,0.989600,69,947,3600.000000,70,24,0,GUROBI,1
8,Old,64,180099.885020,183659.570380,182725.475319,258273.792467,258414.000000,258414.000000,0.753188,0.958589,0.963473,0.964029,3,682,3600.000000,70,24,0,GUROBI,1
9,Old,64,180091.051261,183653.864952,182764.074327,258118.408234,258398.000000,258398.000000,0.764290,0.959619,0.977561,0.977885,15,671,3600.000000,70,24,0,GUROBI,1
10,Old,64,180104.256160,183665.782579,182773.327181,258099.597915,258408.000000,258408.000000,0.745954,0.945372,0.956761,0.956850,10,641,3600.000000,70,24,0,GUROBI,1
