instanceIndex,vpcGenerator,terms,lpBound,disjunctiveDualBound,lpBoundPostVpc,rootDualBound,dualBound,primalBound,vpcGenerationTime,rootDualBoundTime,bestSolutionTime,terminationTime,nodes,iterations,maxTime,actualTerms,numCuts,mipSolver,providePrimalBound
0,New,64,180104.201530,183664.933637,182513.987513,256717.645216,258411.000000,258411.000000,50.456814,50.992814,123.788814,123.792814,9882,63719,300.000000,171,24,CBC,1
1,Farkas,64,180103.991201,183665.084096,182513.723087,257143.119908,257826.784102,258672.000000,2.299590,4.879590,300.095590,300.115590,28786,299792,300.000000,171,24,CBC,1
2,Farkas,64,180099.859758,183663.458297,182510.697539,257310.962882,258413.000000,258413.000000,2.309080,5.165080,230.077080,230.105080,27985,213263,300.000000,171,24,CBC,1
3,Farkas,64,180106.769595,183667.666794,182518.373179,257365.606030,258193.588289,258534.000000,2.304128,4.872128,300.080128,300.104128,28696,267703,300.000000,171,24,CBC,1
4,Farkas,64,180096.578654,183662.860625,182510.761801,257257.705491,258408.000000,258408.000000,2.295430,5.163430,172.915430,172.943430,20110,193657,300.000000,171,24,CBC,1
5,Farkas,64,180107.835985,183670.307672,182519.266768,257089.183596,257719.831647,258417.000000,2.294281,4.454281,300.094281,300.114281,30134,300470,300.000000,171,24,CBC,1
6,Farkas,64,180096.168193,183659.417969,182509.002337,257175.515312,258403.000000,258403.000000,2.301767,4.361767,203.913767,203.933767,21892,225738,300.000000,171,24,CBC,1
