instanceIndex,vpcGenerator,terms,lpBound,disjunctiveDualBound,lpBoundPostVpc,rootDualBound,dualBound,primalBound,vpcGenerationTime,rootDualBoundTime,bestSolutionTime,terminationTime,nodes,iterations,maxTime,actualTerms,numCuts,mipSolver,providePrimalBound
0,New,64,176867.503349,176870.378349,176870.378349,256654.276068,258411.000000,258411.000000,174.450245,175.162245,473.838245,473.842245,28132,228733,300.000000,290,26,CBC,1
1,Farkas,64,179753.565288,179756.440288,179755.928318,268348.847727,270021.000000,270021.000000,7.674656,8.942656,64.386656,64.394656,5497,49115,300.000000,290,26,CBC,1
2,Farkas,64,176857.681866,176860.556866,176860.537307,264588.037644,270021.000000,270021.000000,7.602035,10.050035,55.658035,55.674035,4953,30501,300.000000,290,26,CBC,1
