instanceIndex,vpcGenerator,terms,lpBound,disjunctiveDualBound,lpBoundPostVpc,rootDualBound,dualBound,primalBound,vpcGenerationTime,rootDualBoundTime,bestSolutionTime,terminationTime,nodes,iterations,maxTime,actualTerms,numCuts,mipSolver,providePrimalBound
0,New,16,176867.503349,176870.378349,176870.378349,256678.944475,258411.000000,258411.000000,69.836639,70.428639,233.092639,233.096639,19562,166901,300.000000,118,26,CBC,1
1,Old,16,175059.003294,175064.730567,175064.730567,224403.353352,228453.086741,231346.000000,4.043677,4.767677,304.283677,304.287677,42152,319926,300.000000,118,1,CBC,1
2,Old,16,163752.164609,163755.410392,163755.164609,202860.243684,204177.000000,204177.000000,12.334287,12.646287,19.178287,19.182287,1185,6803,300.000000,118,38,CBC,1
3,Old,16,176815.616077,177217.728641,177217.728641,222136.566155,225079.704345,226615.000000,4.541272,5.261272,304.737272,304.741272,34388,311154,300.000000,118,1,CBC,1
6,Old,16,192182.960334,192187.710334,192187.710334,245148.771030,245613.000000,245613.000000,5.134906,5.746906,25.206906,25.210906,3112,28778,300.000000,118,18,CBC,1
7,Old,16,205019.730893,205019.842004,205019.842004,238641.594633,240349.000000,240349.000000,7.399382,7.719382,67.915382,67.919382,11370,46724,300.000000,118,36,CBC,1
8,Old,16,179975.332694,179976.003948,179976.003948,231030.840792,234360.000000,234360.000000,8.437774,8.805774,251.605774,251.609774,49350,268163,300.000000,118,33,CBC,1
