instanceIndex,vpcGenerator,terms,lpBound,disjunctiveDualBound,lpBoundPostVpc,rootDualBound,dualBound,primalBound,vpcGenerationTime,rootDualBoundTime,bestSolutionTime,terminationTime,nodes,iterations,maxTime,actualTerms,numCuts,cutLimit,mipSolver,providePrimalBound
0,New,16,180104.201530,183266.567461,182620.348903,257618.996481,258411.000000,258411.000000,1.519727,1.727697,1.737236,1.738282,9,643,3600.000000,17,9,24,GUROBI,1
1,New,16,180103.991201,183266.884586,182620.216954,257398.564313,258410.000000,258410.000000,0.318992,0.508563,0.563013,0.563330,67,935,3600.000000,17,9,24,GUROBI,1
2,New,16,180099.859758,183265.395062,181499.055928,258131.226623,258413.000000,258413.000000,0.278246,0.479883,0.490957,0.491492,6,670,3600.000000,17,7,24,GUROBI,1
3,New,16,180106.769595,183270.947677,181845.537330,258141.155861,258414.000000,258414.000000,0.365840,0.680651,0.697861,0.697946,14,680,3600.000000,17,12,24,GUROBI,1
4,New,16,180096.578654,183262.817978,181490.891414,258130.891878,258408.000000,258408.000000,0.307461,0.515411,0.525015,0.525099,6,628,3600.000000,17,9,24,GUROBI,1
5,New,16,180107.835985,183271.774829,182623.197925,257621.506134,258417.000000,258417.000000,0.319564,0.578326,0.589287,0.590452,9,642,3600.000000,17,9,24,GUROBI,1
6,New,16,180096.168193,183260.894929,182613.212138,258133.568722,258394.651290,258403.000000,0.317222,0.528630,0.540541,0.542502,7,662,3600.000000,17,9,24,GUROBI,1
7,New,16,180108.630289,183269.201016,181502.259493,257400.848555,258412.000000,258412.000000,0.274875,0.480765,0.539195,0.539517,69,951,3600.000000,17,7,24,GUROBI,1
8,New,16,180099.885020,183260.714008,181491.769561,258273.792467,258414.000000,258414.000000,0.344350,0.553224,0.558090,0.558661,3,681,3600.000000,17,11,24,GUROBI,1
9,New,16,180091.051261,183255.332109,181486.816767,258118.408234,258398.000000,258398.000000,0.289475,0.482059,0.500164,0.500477,15,671,3600.000000,17,8,24,GUROBI,1
10,New,16,180104.256160,183266.416403,182621.577742,258099.597915,258408.000000,258408.000000,0.317965,0.514001,0.525374,0.525456,10,643,3600.000000,17,9,24,GUROBI,1
