instanceIndex,vpcGenerator,terms,lpBound,disjunctiveDualBound,lpBoundPostVpc,rootDualBound,dualBound,primalBound,vpcGenerationTime,rootDualBoundTime,bestSolutionTime,terminationTime,nodes,iterations,maxTime,actualTerms,numCuts,cutLimit,mipSolver,providePrimalBound,infeasibleTerms,feasibleToInfeasibleTerms,infeasibleToFeasibleTerms
0,New,64,180104.201530,183664.933637,182769.789581,257618.996481,258411.000000,258411.000000,3.362310,3.571161,3.580800,3.581811,9,641,3600.000000,70,24,24,GUROBI,1,14,0,0
1,Old,64,175486.181160,179051.675131,178124.136399,254932.895443,255586.000000,255586.000000,0.712036,0.870711,0.895371,0.898245,16,621,3600.000000,70,24,0,GUROBI,1,16,2,0
2,Old,64,180423.894628,184542.285773,184540.870595,257324.976103,258545.757552,258561.000000,0.826705,0.976062,0.988618,0.991466,19,672,3600.000000,70,22,0,GUROBI,1,15,1,0
3,Old,64,180043.602576,183604.334683,182710.377202,258055.565247,258411.000000,258411.000000,0.728181,0.906484,0.915682,0.917396,12,642,3600.000000,70,24,0,GUROBI,1,14,0,0
4,Old,64,182083.632757,184893.898257,183875.764885,264593.737525,270021.000000,270021.000000,0.590563,0.721257,0.796982,0.797088,157,1206,3600.000000,70,19,0,GUROBI,1,20,6,0
