instanceIndex,vpcGenerator,terms,lpBound,disjunctiveDualBound,lpBoundPostVpc,rootDualBound,dualBound,primalBound,vpcGenerationTime,rootDualBoundTime,bestSolutionTime,terminationTime,nodes,iterations,maxTime,actualTerms,numCuts,cutLimit,mipSolver,providePrimalBound
0,None,4,180104.201530,180104.201530,180104.201530,258182.465641,258411.000000,258411.000000,0.000010,0.215816,0.000010,0.223455,5,627,3600.000000,0,0,0,GUROBI,1
1,None,4,180103.120418,180103.120418,180103.120418,258125.904388,258405.000000,258405.000000,0.000002,0.194318,0.204676,0.205263,7,627,3600.000000,0,0,0,GUROBI,1
2,None,4,180104.691727,180104.691727,180104.691727,257923.412636,258408.000000,258408.000000,0.000002,0.173431,0.190998,0.191288,19,596,3600.000000,0,0,0,GUROBI,1
3,None,4,180097.397749,180097.397749,180097.397749,257508.728979,258410.000000,258410.000000,0.000001,0.188264,0.223952,0.224332,32,765,3600.000000,0,0,0,GUROBI,1
4,None,4,180098.601802,180098.601802,180098.601802,258230.397488,258369.000000,258369.000000,0.000001,0.197339,0.205324,0.205875,5,655,3600.000000,0,0,0,GUROBI,1
5,None,4,180107.494139,180107.494139,180107.494139,258263.342275,258415.000000,258415.000000,0.000002,0.196553,0.205436,0.205520,6,596,3600.000000,0,0,0,GUROBI,1
6,None,4,180111.295798,180111.295798,180111.295798,257513.889456,258412.000000,258412.000000,0.000002,0.184962,0.216032,0.216408,28,683,3600.000000,0,0,0,GUROBI,1
7,None,4,180120.026208,180120.026208,180120.026208,258103.740599,258419.000000,258419.000000,0.000001,0.189195,0.210975,0.211360,17,704,3600.000000,0,0,0,GUROBI,1
8,None,4,180110.767055,180110.767055,180110.767055,257554.876492,258418.000000,258418.000000,0.000002,0.188706,0.207639,0.212818,24,668,3600.000000,0,0,0,GUROBI,1
9,None,4,180108.763891,180108.763891,180108.763891,258103.429477,258414.000000,258414.000000,0.000003,0.190739,0.213098,0.213429,22,723,3600.000000,0,0,0,GUROBI,1
10,None,4,180090.631843,180090.631843,180090.631843,257541.992273,258396.000000,258396.000000,0.000002,0.182125,0.224116,0.224202,46,822,3600.000000,0,0,0,GUROBI,1
