instanceIndex,vpcGenerator,terms,lpBound,disjunctiveDualBound,lpBoundPostVpc,rootDualBound,dualBound,primalBound,vpcGenerationTime,rootDualBoundTime,bestSolutionTime,terminationTime,nodes,iterations,maxTime,actualTerms,numCuts,mipSolver,providePrimalBound
0,New,64,180104.201530,183664.933637,182513.987513,256717.645216,258411.000000,258411.000000,51.509810,52.041810,124.801810,124.801810,9882,63719,300.000000,171,24,CBC,1
1,Farkas,64,180102.890831,183661.564711,182511.018457,257020.635213,258104.346537,258560.000000,2.272005,4.840005,300.092005,300.116005,32230,281184,300.000000,171,24,CBC,1
2,Farkas,64,180108.834357,183670.085880,182518.930452,257519.120566,258411.000000,258411.000000,2.270116,5.006116,230.758116,230.782116,23915,236757,300.000000,171,24,CBC,1
3,Farkas,64,180104.003378,183665.958577,182513.607945,257267.086177,257999.929025,258410.000000,2.271255,5.131255,300.079255,300.107255,26756,244331,300.000000,171,24,CBC,1
4,Farkas,64,180107.090419,183668.094496,182517.048367,257218.815082,257812.181071,258938.000000,2.271828,5.167828,300.103828,300.127828,27540,230168,300.000000,171,24,CBC,1
5,Farkas,64,180104.201530,183664.933637,182513.987513,257436.725508,258411.000000,258411.000000,2.268915,5.140915,89.392915,89.416915,9267,91519,300.000000,171,24,CBC,1
6,Farkas,64,180105.307739,183667.583964,182515.551176,257204.529407,258369.586233,258411.000000,2.270946,5.070946,300.026946,300.058946,32415,293261,300.000000,171,24,CBC,1
