instanceIndex,vpcGenerator,terms,lpBound,disjunctiveDualBound,lpBoundPostVpc,rootDualBound,dualBound,primalBound,vpcGenerationTime,rootDualBoundTime,bestSolutionTime,terminationTime,nodes,iterations,maxTime,actualTerms,numCuts,cutLimit,mipSolver,providePrimalBound
0,New,4,6268.760739,7520.417171,7322.670651,8688.621565,8691.000000,8691.000000,0.433246,0.507192,0.433246,0.509437,2,293,3600.000000,4,3,36,GUROBI,1
1,Farkas,4,1435.748390,1436.030726,1435.748390,3599.459765,3602.000000,3602.000000,0.017244,0.089351,0.090447,0.090543,1,302,3600.000000,4,3,0,GUROBI,1
2,Farkas,4,2551.783007,2571.557655,2551.783007,4142.386519,4169.000000,4169.000000,0.012183,0.128238,0.141536,0.143371,15,354,3600.000000,4,3,0,GUROBI,1
3,Farkas,4,5457.643953,6631.128797,6437.662283,8627.727273,8637.000000,8637.000000,0.013537,0.074943,0.080255,0.081393,10,257,3600.000000,4,3,0,GUROBI,1
4,Farkas,4,2062.041868,2064.363903,2062.041868,3763.571429,3803.000000,3803.000000,0.016138,0.159812,0.198817,0.214301,50,521,3600.000000,4,3,0,GUROBI,1
5,Farkas,4,1139.529847,1139.529847,1139.529847,3246.125210,3264.000000,3264.000000,0.021565,0.212275,0.240579,0.240684,28,384,3600.000000,4,3,0,GUROBI,1
6,Farkas,4,2530.716746,2530.716746,2530.716746,4582.974356,4607.000000,4607.000000,0.018284,0.101354,0.249425,0.254603,196,1030,3600.000000,4,3,0,GUROBI,1
7,Farkas,4,1257.260228,1257.260228,1257.260228,3092.847273,3099.000000,3099.000000,0.020151,0.156979,0.247411,0.247535,119,628,3600.000000,4,3,0,GUROBI,1
8,Farkas,4,1595.112347,1595.112347,1595.112347,4611.592593,4642.000000,4642.000000,0.020111,0.101426,0.109216,0.109862,8,290,3600.000000,4,3,0,GUROBI,1
9,Farkas,4,1164.546333,1164.546333,1164.546333,2300.299918,2325.999997,2325.999997,0.021201,0.114214,0.393960,0.394095,556,2681,3600.000000,4,3,0,GUROBI,1
10,Farkas,4,1993.277007,1995.532357,1993.277007,4022.279092,4031.000000,4031.000000,0.021924,0.150752,0.176546,0.177027,26,335,3600.000000,4,3,0,GUROBI,1
