instanceIndex,vpcGenerator,terms,lpBound,disjunctiveDualBound,lpBoundPostVpc,rootDualBound,dualBound,primalBound,vpcGenerationTime,rootDualBoundTime,bestSolutionTime,terminationTime,nodes,iterations,maxTime,actualTerms,numCuts,mipSolver,providePrimalBound
0,New,4,2688.750000,2688.750000,2688.750000,3119.080648,3124.000000,3124.000000,69.916812,73.672812,101.540812,101.556812,1275,15823,300.000000,63,2,CBC,1
1,New,4,2540.900000,2540.900000,2540.900000,2945.955094,2977.000000,2977.000000,87.404438,88.320438,107.732438,107.744438,705,7339,300.000000,164,2,CBC,1
2,New,4,2589.333333,2589.333333,2589.333333,3035.903265,3035.903265,3310.000000,129.146547,130.358547,429.198547,429.210547,7291,77319,300.000000,178,2,CBC,1
4,New,4,2651.000000,2651.000000,2651.000000,3075.475850,3075.475850,3118.000000,175.787059,177.719059,475.835059,475.851059,8482,102799,300.000000,143,3,CBC,1
6,New,4,2142.666667,2158.166667,2158.166667,2672.772284,2677.000000,2677.000000,171.910724,174.846724,176.894724,176.910724,52,1407,300.000000,365,1,CBC,1
7,New,4,2449.214286,2449.214286,2449.214286,2921.747378,2921.747378,3119.000000,91.454238,93.002238,391.526238,391.538238,7854,58557,300.000000,179,2,CBC,1
