instanceIndex,vpcGenerator,terms,lpBound,disjunctiveDualBound,lpBoundPostVpc,rootDualBound,dualBound,primalBound,vpcGenerationTime,rootDualBoundTime,bestSolutionTime,terminationTime,nodes,iterations,maxTime,actualTerms,numCuts,cutLimit,mipSolver,providePrimalBound
0,New,16,2718.191338,2725.385583,2725.385583,3121.643934,3124.000000,3124.000000,14.112796,14.847255,14.112796,14.880986,6,829,3600.000000,39,3,97,GUROBI,1
1,New,16,2679.390485,2679.424542,2679.424542,3066.517503,3071.000000,3071.000000,14.850486,15.937370,16.193311,16.194543,57,975,3600.000000,40,4,100,GUROBI,1
2,New,16,2580.372060,2580.372060,2580.372060,2976.572759,2982.000000,2982.000000,11.194069,11.914309,12.056306,12.069090,44,591,3600.000000,29,3,97,GUROBI,1
3,New,16,2683.209497,2690.403741,2690.403741,3078.231430,3083.000000,3083.000000,13.888016,14.931936,15.020564,15.028428,22,976,3600.000000,38,3,96,GUROBI,1
4,New,16,2582.432805,2587.166139,2587.166139,2986.791196,2989.000000,2989.000000,12.853337,13.793474,13.977219,13.977503,27,531,3600.000000,34,4,94,GUROBI,1
5,New,16,2576.219351,2576.861326,2576.861326,2963.760916,2968.000000,2968.000000,18.071940,18.867243,19.020693,19.023540,33,611,3600.000000,46,4,100,GUROBI,1
6,New,16,2556.184073,2564.371124,2564.371124,2933.353848,2936.000000,2936.000000,13.489887,14.053762,14.082299,14.085216,9,441,3600.000000,37,3,90,GUROBI,1
7,New,16,2581.458217,2589.645268,2589.645268,2980.079012,2987.000000,2987.000000,9.729354,10.201299,10.346113,10.347242,39,635,3600.000000,26,2,90,GUROBI,1
8,New,16,2642.816153,2651.010398,2651.010398,3029.862668,3035.000000,3035.000000,13.547922,13.989726,14.727258,14.728462,187,887,3600.000000,37,3,89,GUROBI,1
9,New,16,2702.025306,2703.059363,2703.059363,3093.693562,3101.000000,3101.000000,10.947874,11.970019,12.075451,12.086499,35,1027,3600.000000,29,3,98,GUROBI,1
10,New,16,2683.891713,2691.085957,2691.085957,3083.662721,3087.000000,3087.000000,14.238670,15.526847,15.842182,15.845198,108,1175,3600.000000,38,4,97,GUROBI,1
