instanceIndex,vpcGenerator,terms,lpBound,disjunctiveDualBound,lpBoundPostVpc,rootDualBound,dualBound,primalBound,vpcGenerationTime,rootDualBoundTime,bestSolutionTime,terminationTime,nodes,iterations,maxTime,actualTerms,numCuts,cutLimit,mipSolver,providePrimalBound
0,New,64,2718.191338,2725.385583,2725.385583,3121.643934,3124.000000,3124.000000,23.844398,25.222791,23.844398,25.298794,6,829,3600.000000,67,3,97,GUROBI,1
1,Old,64,2503.046765,2509.241010,2509.241010,2909.965844,2914.000000,2914.000000,22.600672,23.277962,23.711641,23.712857,47,599,3600.000000,67,2,0,GUROBI,1
2,Old,64,2603.836554,2610.030799,2610.030799,2992.921630,3000.000000,3000.000000,23.217701,24.038158,24.328912,24.335955,38,561,3600.000000,67,2,0,GUROBI,1
3,Old,64,2456.943757,2464.130807,2464.130807,2848.251948,2849.000000,2849.000000,23.181398,24.009722,24.019423,24.022011,3,356,3600.000000,67,2,0,GUROBI,1
4,Old,64,2489.758681,2496.960120,2496.960120,2896.245732,2899.000000,2899.000000,22.930132,23.622760,23.921034,23.926979,37,520,3600.000000,67,2,0,GUROBI,1
5,Old,64,2610.217535,2617.418974,2617.418974,3017.529206,3021.000000,3021.000000,22.832774,23.289643,23.434649,23.437687,40,532,3600.000000,67,3,0,GUROBI,1
6,Old,64,2584.209078,2589.403323,2589.403323,2973.454103,2977.000000,2977.000000,22.752328,23.241274,23.401332,23.402565,46,627,3600.000000,67,2,0,GUROBI,1
7,Old,64,2254.009461,2259.189317,2259.189317,2669.727458,2672.000000,2672.000000,22.989320,23.633126,23.728242,23.743604,35,477,3600.000000,67,4,0,GUROBI,1
8,Old,64,2514.703375,2518.890426,2518.203471,2903.407692,2904.000000,2904.000000,23.298987,23.878653,24.409967,24.410872,84,684,3600.000000,67,2,0,GUROBI,1
9,Old,64,2618.828553,2626.029992,2626.029992,3012.201529,3018.000000,3018.000000,24.776998,25.376229,25.806325,25.807762,78,794,3600.000000,67,3,0,GUROBI,1
10,Old,64,2595.757131,2601.951375,2601.874731,2986.683984,2990.000000,2990.000000,23.007378,24.202727,24.348875,24.351687,21,450,3600.000000,67,2,0,GUROBI,1
