instanceIndex,vpcGenerator,terms,lpBound,disjunctiveDualBound,lpBoundPostVpc,rootDualBound,dualBound,primalBound,vpcGenerationTime,rootDualBoundTime,bestSolutionTime,terminationTime,nodes,iterations,maxTime,actualTerms,numCuts,mipSolver,providePrimalBound
0,New,4,5480.606156,5597.724281,5560.973364,6667.872145,6946.713383,100000000000000007629769841091887003294964970946560.000000,0.688367,1.288367,0.688367,300.720367,24122,320968,300.000000,4,4,CBC,1
1,New,4,5125.226567,5287.177483,5154.579474,6344.144742,6555.888889,6555.888889,0.485714,2.173714,25.289714,25.305714,2361,26607,300.000000,4,3,CBC,1
2,New,4,5037.427050,5158.184411,5158.184411,6385.065588,6619.666667,6619.666667,0.716609,2.444609,51.280609,51.296609,4815,49006,300.000000,4,6,CBC,1
3,New,4,5375.982587,5521.747709,5517.206141,6528.305585,6758.666667,6758.666667,0.528944,2.372944,57.860944,57.876944,5964,53430,300.000000,5,3,CBC,1
4,New,4,5966.068303,6070.587725,6070.028673,7010.730038,7167.854167,7167.854167,1.241693,1.349693,25.565693,25.573693,3128,15167,300.000000,9,9,CBC,1
5,New,4,5426.780603,5716.538133,5505.157849,6804.961845,6905.000000,6905.000000,0.504817,2.444817,13.480817,13.500817,1199,13329,300.000000,6,2,CBC,1
6,New,4,5016.723204,5218.965260,5216.686382,6138.967241,6315.500000,6315.500000,0.654649,2.778649,17.042649,17.070649,1287,15218,300.000000,4,4,CBC,1
7,New,4,4853.970240,4953.970240,4953.970240,6282.927599,6420.916667,6420.916667,0.540262,1.708262,27.136262,27.144262,2198,29613,300.000000,5,3,CBC,1
