instanceIndex,vpcGenerator,terms,lpBound,disjunctiveDualBound,lpBoundPostVpc,rootDualBound,dualBound,primalBound,vpcGenerationTime,rootDualBoundTime,bestSolutionTime,terminationTime,nodes,iterations,maxTime,actualTerms,numCuts,mipSolver,providePrimalBound
0,New,64,2748.345238,3778.988095,2894.970238,6581.091128,6782.796733,100000000000000007629769841091887003294964970946560.000000,6.008876,8.228876,6.008876,306.052876,36269,358908,300.000000,64,2,CBC,1
1,New,64,1267.863095,2318.895833,1613.013095,4235.352698,4422.000000,4422.000000,7.016351,8.664351,17.832351,17.848351,1254,12260,300.000000,64,4,CBC,1
2,New,64,3200.677619,4055.419048,3304.427619,6616.520809,6946.211343,7313.000000,5.160483,7.100483,305.276483,305.296483,27322,307995,300.000000,64,2,CBC,1
