instanceIndex,vpcGenerator,terms,lpBound,disjunctiveDualBound,lpBoundPostVpc,rootDualBound,dualBound,primalBound,vpcGenerationTime,rootDualBoundTime,bestSolutionTime,terminationTime,nodes,iterations,maxTime,actualTerms,numCuts,mipSolver,providePrimalBound
0,New,4,5480.606156,5597.724281,5560.973364,6667.872145,6946.713383,100000000000000007629769841091887003294964970946560.000000,0.697915,1.297915,0.697915,300.725915,24091,320677,300.000000,4,4,CBC,1
1,Old,4,3909.745033,4024.418116,3980.435942,5366.978020,5683.000000,5683.000000,0.176921,2.436921,78.160921,78.184921,5859,99768,300.000000,4,4,CBC,1
