instanceIndex,vpcGenerator,terms,lpBound,disjunctiveDualBound,lpBoundPostVpc,rootDualBound,dualBound,primalBound,vpcGenerationTime,rootDualBoundTime,bestSolutionTime,terminationTime,nodes,iterations,maxTime,actualTerms,numCuts,mipSolver,providePrimalBound
0,New,16,14274.102667,14429.857863,14397.606077,15049.837894,15129.044433,100000000000000007629769841091887003294964970946560.000000,402.904650,403.876650,402.904650,403.936650,0,484,300.000000,61,47,CBC,1
1,New,16,14351.704655,14805.845509,14768.086503,15114.288551,15127.124075,100000000000000007629769841091887003294964970946560.000000,365.044316,366.128316,365.044316,366.240316,0,484,300.000000,34,53,CBC,1
2,New,16,14336.419334,14492.174530,14447.964341,15153.022901,15299.248438,100000000000000007629769841091887003294964970946560.000000,336.803625,337.663625,336.803625,337.827625,0,492,300.000000,38,48,CBC,1
3,New,16,16797.202667,17257.010789,17174.488215,17366.931819,17502.597524,100000000000000007629769841091887003294964970946560.000000,385.099226,385.955226,385.099226,386.123226,0,337,300.000000,33,50,CBC,1
4,New,16,14370.156834,14816.087719,14726.123035,15277.453423,15314.287413,100000000000000007629769841091887003294964970946560.000000,399.669846,400.725846,399.669846,400.817846,0,570,300.000000,56,51,CBC,1
5,New,16,14183.201145,14595.743688,14503.999608,14910.334721,14959.544173,100000000000000007629769841091887003294964970946560.000000,375.802967,376.750967,375.802967,376.874967,0,437,300.000000,42,42,CBC,1
