instanceIndex,vpcGenerator,terms,lpBound,disjunctiveDualBound,lpBoundPostVpc,rootDualBound,dualBound,primalBound,vpcGenerationTime,rootDualBoundTime,bestSolutionTime,terminationTime,nodes,iterations,maxTime,actualTerms,numCuts,mipSolver,providePrimalBound
0,New,16,12095.571667,13956.180417,13517.811164,15746.510576,15746.510576,100000000000000007629769841091887003294964970946560.000000,63.466587,66.594587,63.466587,363.530587,4716,136465,300.000000,36,10,CBC,1
2,Old,16,11506.398836,12532.391584,12331.706738,21049.528102,21049.528130,100000000000000007629769841091887003294964970946560.000000,307.196024,322.712024,307.196024,607.296024,2539,102498,300.000000,36,68,CBC,1
