instanceIndex,vpcGenerator,terms,lpBound,disjunctiveDualBound,lpBoundPostVpc,rootDualBound,dualBound,primalBound,vpcGenerationTime,rootDualBoundTime,bestSolutionTime,terminationTime,nodes,iterations,maxTime,actualTerms,numCuts,cutLimit,mipSolver,providePrimalBound
0,New,64,12907.779167,14174.326667,13170.662500,15471.784723,16029.692681,16029.692681,7.447706,7.859181,7.991176,8.049443,54,3591,3600.000000,65,10,10,GUROBI,1
1,New,64,12912.520833,14179.410000,13173.029167,15276.430766,16026.392681,16026.992681,8.046257,8.330227,8.626452,8.722994,80,2862,3600.000000,65,10,10,GUROBI,1
2,New,64,12914.237500,14180.618333,13108.268056,15461.579927,16020.992681,16020.992681,10.813061,11.234252,11.351371,11.351550,45,2677,3600.000000,65,10,10,GUROBI,1
3,New,64,12899.737500,14342.540000,13164.412500,15663.341434,16037.592681,16037.592681,79.442173,79.933791,80.036258,80.036427,32,2587,3600.000000,65,10,10,GUROBI,1
4,New,64,12907.779167,14177.660000,13763.574651,15510.459359,16031.692681,16031.692681,16.431178,16.902241,17.038590,17.078997,49,2829,3600.000000,65,10,10,GUROBI,1
5,New,64,12908.704167,14349.965000,13168.587500,15522.466908,16012.692681,16012.692681,12.354477,12.695727,12.789171,12.812358,37,2275,3600.000000,65,10,10,GUROBI,1
6,New,64,12904.487500,14174.826667,13169.787500,15571.161443,15983.992681,15983.992681,157.181770,157.515608,157.624258,157.661717,31,1926,3600.000000,65,10,10,GUROBI,1
7,New,64,12912.787500,14176.460000,13751.150159,15697.907526,16039.692681,16039.692681,20.685519,21.195628,21.285729,21.331710,37,3167,3600.000000,65,10,10,GUROBI,1
8,New,64,12904.937500,14109.845000,13956.335450,15614.513326,16041.585179,16042.992681,119.558630,120.042154,120.092982,120.133641,43,2460,3600.000000,69,10,10,GUROBI,1
9,New,64,12903.779167,14356.252500,13581.156415,15447.701080,16014.992681,16014.992681,30.589997,31.050889,31.181637,31.193913,49,3046,3600.000000,64,10,10,GUROBI,1
10,New,64,12895.887500,14538.396667,13777.598285,15361.287095,16006.692681,16006.692681,101.970496,102.515232,102.618523,102.825328,55,2799,3600.000000,66,10,10,GUROBI,1
