instanceIndex,vpcGenerator,terms,lpBound,disjunctiveDualBound,lpBoundPostVpc,rootDualBound,dualBound,primalBound,vpcGenerationTime,rootDualBoundTime,bestSolutionTime,terminationTime,nodes,iterations,maxTime,actualTerms,numCuts,mipSolver,providePrimalBound
0,New,16,14274.102667,14429.857863,14397.606077,15049.837894,15129.044433,100000000000000007629769841091887003294964970946560.000000,401.249862,402.221862,401.249862,402.277862,0,484,300.000000,61,47,CBC,1
1,Old,16,14351.704655,14507.237644,14461.059009,15189.992693,15240.172273,100000000000000007629769841091887003294964970946560.000000,304.433903,305.477903,304.433903,305.633903,0,498,300.000000,61,48,CBC,1
2,Old,16,14336.419334,14492.174530,14348.158858,15237.982778,15256.317725,100000000000000007629769841091887003294964970946560.000000,313.411353,314.419353,313.411353,314.479353,0,483,300.000000,61,45,CBC,1
3,Old,16,16797.202667,16952.957863,16803.871283,17627.905581,17651.273721,100000000000000007629769841091887003294964970946560.000000,304.806732,305.810732,304.806732,305.894732,0,357,300.000000,61,50,CBC,1
4,Old,16,14370.156834,14525.912030,14377.032746,15222.650755,15226.045774,100000000000000007629769841091887003294964970946560.000000,301.766216,302.854216,301.766216,302.914216,0,462,300.000000,61,51,CBC,1
5,Old,16,14183.201145,14429.857863,14352.014797,15509.822163,15513.339153,100000000000000007629769841091887003294964970946560.000000,289.446051,300.006051,289.446051,300.210051,0,2509,300.000000,61,42,CBC,1
