instanceIndex,vpcGenerator,terms,lpBound,disjunctiveDualBound,lpBoundPostVpc,rootDualBound,dualBound,primalBound,vpcGenerationTime,rootDualBoundTime,bestSolutionTime,terminationTime,nodes,iterations,maxTime,actualTerms,numCuts,cutLimit,mipSolver,providePrimalBound
0,New,64,48.799999,56.999999,50.542235,78.513043,82.199999,82.199999,2.082574,2.179698,2.186543,2.189935,16,734,3600.000000,77,17,19,GUROBI,1
1,Old,64,48.799999,56.999999,50.685713,75.635381,82.199999,82.199999,0.818469,0.937302,0.946684,1.069442,326,2381,3600.000000,77,18,0,GUROBI,1
2,Old,64,48.799999,56.999999,52.650111,68.108310,82.199999,82.199999,0.420649,0.477293,0.494762,0.671915,497,2864,3600.000000,77,18,0,GUROBI,1
3,Old,64,48.799999,56.999999,49.977289,79.799243,82.199999,82.199999,0.563154,0.671236,0.680837,0.685602,22,771,3600.000000,77,19,0,GUROBI,1
4,Old,64,44.082607,54.108694,46.594430,71.172458,74.399999,74.399999,0.338106,0.464133,0.469458,0.471994,18,775,3600.000000,77,11,0,GUROBI,1
5,Old,64,48.799999,56.999999,52.770551,78.311641,82.199999,82.199999,0.395913,0.500630,0.506633,0.574691,147,1398,3600.000000,77,14,0,GUROBI,1
6,Old,64,44.082607,53.499999,45.549723,71.661013,74.399999,74.399999,0.402646,0.522487,0.544809,0.544881,30,1018,3600.000000,77,15,0,GUROBI,1
7,Old,64,48.799999,56.999999,50.157100,75.973440,82.199999,82.199999,0.533504,0.656234,0.665491,0.787202,340,2588,3600.000000,77,19,0,GUROBI,1
8,Old,64,48.799999,56.999999,49.977289,79.799243,82.199999,82.199999,0.566552,0.674098,0.683600,0.688179,22,771,3600.000000,77,19,0,GUROBI,1
9,Old,64,48.799999,56.999999,52.592636,76.985476,82.199999,82.199999,0.417247,0.521475,0.632900,0.632974,285,1964,3600.000000,77,17,0,GUROBI,1
10,Old,64,48.799999,56.999999,52.790542,78.902110,82.199999,82.199999,0.394312,0.507331,0.514285,0.537821,73,1024,3600.000000,77,18,0,GUROBI,1
