instanceIndex,vpcGenerator,terms,lpBound,disjunctiveDualBound,lpBoundPostVpc,rootDualBound,dualBound,primalBound,vpcGenerationTime,rootDualBoundTime,bestSolutionTime,terminationTime,nodes,iterations,maxTime,actualTerms,numCuts,mipSolver,providePrimalBound
0,New,4,48.799999,48.799999,48.799999,67.999999,82.199999,82.199999,1.569451,1.641451,17.069451,17.069451,6134,40926,300.000000,4,9,CBC,1
2,Old,4,48.799999,48.799999,48.799999,67.999999,82.199999,82.199999,0.169492,0.257492,19.557492,19.557492,6460,48875,300.000000,4,12,CBC,1
4,Old,4,50.741175,50.741175,50.741175,69.799932,82.499999,82.499999,0.144034,0.400034,12.828034,12.832034,4404,29382,300.000000,4,6,CBC,1
5,Old,4,48.799999,48.799999,48.799999,67.999999,82.199999,82.199999,0.200755,0.312755,21.164755,21.164755,6192,43014,300.000000,4,16,CBC,1
6,Old,4,36.924999,40.599999,39.341396,58.626505,66.199999,66.199999,0.195752,1.883752,6.903752,6.927752,1142,12648,300.000000,4,11,CBC,1
7,Old,4,43.230434,43.230434,43.230434,64.337184,73.199999,73.199999,0.255941,1.935941,14.007941,14.031941,2629,26363,300.000000,4,12,CBC,1
8,Old,4,48.799999,48.799999,48.799999,67.999998,82.199999,82.199999,0.148062,0.256062,13.628062,13.628062,4788,28998,300.000000,4,8,CBC,1
10,Old,4,41.099999,41.099999,41.099999,58.799995,68.799999,68.799999,0.158714,0.286714,4.806714,4.806714,1521,10103,300.000000,4,11,CBC,1
