instanceIndex,vpcGenerator,terms,lpBound,disjunctiveDualBound,lpBoundPostVpc,rootDualBound,dualBound,primalBound,vpcGenerationTime,rootDualBoundTime,bestSolutionTime,terminationTime,nodes,iterations,maxTime,actualTerms,numCuts,cutLimit,mipSolver,providePrimalBound
0,None,16,981.864286,981.864286,981.864286,990.816270,1077.460000,1077.560000,0.000025,0.875988,16.519541,16.797209,9963,169281,3600.000000,0,0,0,GUROBI,1
1,None,16,825.159604,825.159604,825.159604,850.085630,916.755956,916.820000,0.000002,0.604682,34.923480,35.140452,12009,298611,3600.000000,0,0,0,GUROBI,1
2,None,16,862.862237,862.862237,862.862237,892.734219,960.127260,960.190000,0.000002,0.671404,24.380894,24.381016,5525,184194,3600.000000,0,0,0,GUROBI,1
3,None,16,822.547894,822.547894,822.547894,859.509394,941.339710,941.430000,0.000003,0.519980,54.856882,55.211938,15797,468243,3600.000000,0,0,0,GUROBI,1
4,None,16,869.064661,869.064661,869.064661,886.305479,942.898571,942.990000,0.000003,0.518673,20.997883,23.348797,8166,179439,3600.000000,0,0,0,GUROBI,1
5,None,16,849.395374,849.395374,849.395374,877.366139,946.528346,946.620000,0.000002,0.700187,37.495101,37.495225,12967,363193,3600.000000,0,0,0,GUROBI,1
6,None,16,874.525753,874.525753,874.525753,903.960610,962.549889,962.620000,0.000002,0.786336,5.051950,11.587668,3629,87733,3600.000000,0,0,0,GUROBI,1
7,None,16,849.232529,849.232529,849.232529,872.295068,940.010362,940.100000,0.000002,0.667778,35.626320,39.729438,12126,303258,3600.000000,0,0,0,GUROBI,1
8,None,16,816.216880,816.216880,816.216880,841.292868,902.579857,902.660000,0.000003,0.426469,14.422062,19.362011,7497,178150,3600.000000,0,0,0,GUROBI,1
9,None,16,890.322985,890.322985,890.322985,917.061145,974.510000,974.510000,0.000002,0.684053,8.149821,12.206417,3476,92315,3600.000000,0,0,0,GUROBI,1
10,None,16,845.750690,845.750690,845.750690,872.879257,920.938148,921.020000,0.000003,0.667344,19.912891,19.913007,6505,168317,3600.000000,0,0,0,GUROBI,1
