instanceIndex,vpcGenerator,terms,lpBound,disjunctiveDualBound,lpBoundPostVpc,rootDualBound,dualBound,primalBound,vpcGenerationTime,rootDualBoundTime,bestSolutionTime,terminationTime,nodes,iterations,maxTime,actualTerms,numCuts,mipSolver,providePrimalBound
0,New,16,35118.109848,35264.017250,35258.197720,53965.532725,53965.833944,100000000000000007629769841091887003294964970946560.000000,13.653750,17.789750,13.653750,300.045750,11955,133305,300.000000,16,18,CBC,1
1,Old,16,26305.650665,26531.977208,26531.977208,49810.148949,50002.437500,50002.437500,1.451891,3.015891,201.107891,201.119891,12559,70571,300.000000,16,3,CBC,1
2,Old,16,29973.434145,30296.352283,30294.482838,51983.116444,52069.919847,53807.500000,1.751435,4.495435,300.063435,300.095435,12286,121107,300.000000,16,4,CBC,1
