instanceIndex,vpcGenerator,terms,lpBound,disjunctiveDualBound,lpBoundPostVpc,rootDualBound,dualBound,primalBound,vpcGenerationTime,rootDualBoundTime,bestSolutionTime,terminationTime,nodes,iterations,maxTime,actualTerms,numCuts,mipSolver,providePrimalBound
0,None,4,35118.109848,35118.109848,35118.109848,53884.285674,53888.266568,100000000000000007629769841091887003294964970946560.000000,0.031180,3.479180,0.031180,300.047180,11382,171993,300.000000,0,0,CBC,1
1,None,4,26305.650665,26305.650665,26305.650665,49848.378653,50002.437500,50002.437500,0.003049,1.175049,90.907049,90.919049,5181,29926,300.000000,0,0,CBC,1
2,None,4,29973.434145,29973.434145,29973.434145,51743.527581,51857.871613,55104.250000,0.003029,2.231029,300.035029,300.063029,11592,126904,300.000000,0,0,CBC,1
