instanceIndex,vpcGenerator,terms,lpBound,disjunctiveDualBound,lpBoundPostVpc,rootDualBound,dualBound,primalBound,vpcGenerationTime,rootDualBoundTime,bestSolutionTime,terminationTime,nodes,iterations,maxTime,actualTerms,numCuts,mipSolver,providePrimalBound
0,New,64,32007.729870,32433.491959,32407.335696,50406.085884,50408.223118,100000000000000007629769841091887003294964970946560.000000,253.739314,264.387314,253.739314,553.775314,8616,74727,300.000000,64,88,CBC,1
1,New,64,27873.201678,28253.201678,28214.533830,51159.914044,51218.924277,69063.375000,15.811808,20.979808,315.887808,315.907808,14535,86308,300.000000,83,2,CBC,1
2,New,64,28385.746601,28765.746601,28762.431239,49166.151414,49169.835405,57438.041667,17.640039,25.080039,317.760039,317.800039,12358,111392,300.000000,67,3,CBC,1
3,New,64,22968.439040,23348.439040,23348.439040,43648.329904,43748.278523,59156.614583,18.313802,24.153802,318.409802,318.433802,15300,78607,300.000000,74,3,CBC,1
4,New,64,27385.643282,27823.643282,27694.814299,48493.165461,48693.548169,59049.791667,22.701209,26.989209,322.773209,322.801209,14537,87273,300.000000,68,5,CBC,1
5,New,64,27056.212806,27701.212806,27701.212806,48454.227895,48487.613444,57330.208333,16.511987,21.659987,316.595987,316.623987,14382,103502,300.000000,66,3,CBC,1
