instanceIndex,vpcGenerator,terms,lpBound,disjunctiveDualBound,lpBoundPostVpc,rootDualBound,dualBound,primalBound,vpcGenerationTime,rootDualBoundTime,bestSolutionTime,terminationTime,nodes,iterations,maxTime,actualTerms,numCuts,mipSolver,providePrimalBound
0,New,16,35118.109848,35264.017250,35258.197720,53965.532725,53965.833944,100000000000000007629769841091887003294964970946560.000000,13.112351,17.244351,13.112351,300.036351,11967,133455,300.000000,16,18,CBC,1
1,New,16,35274.743022,79104.483621,35951.694812,86672.503289,86921.500000,86921.500000,7.573645,8.521645,24.805645,24.817645,1360,9655,300.000000,105,1,CBC,1
2,New,16,35113.358471,47915.781853,35948.927395,61055.473970,61172.192426,63816.000000,4.831280,6.087280,300.091280,300.119280,18114,102809,300.000000,46,2,CBC,1
3,New,16,35419.434309,87319.356757,35667.262741,90054.930692,90059.000000,90059.000000,10.165520,10.465520,11.345520,11.353520,92,416,300.000000,124,2,CBC,1
4,New,16,35491.365747,77802.805336,36164.577302,82547.144206,82591.750000,82591.750000,8.711404,9.427404,14.407404,14.423404,456,2149,300.000000,110,2,CBC,1
5,New,16,35660.487093,87061.212889,36199.974272,92255.492260,92369.250000,92369.250000,8.984745,9.928745,31.680745,31.692745,1867,12814,300.000000,119,1,CBC,1
6,New,16,35255.921342,80835.918798,35502.045991,84779.216390,85180.500000,85180.500000,7.889586,8.669586,16.713586,16.725586,796,3705,300.000000,112,1,CBC,1
7,New,16,35324.194436,67646.760637,35423.179267,76128.271029,76417.232040,78331.500000,6.950676,7.750676,300.114676,300.134676,19037,103286,300.000000,85,2,CBC,1
8,New,16,35214.141689,65452.049519,35224.962666,74644.335448,75238.750000,75238.750000,7.162577,7.650577,179.146577,179.166577,14953,66101,300.000000,85,2,CBC,1
9,New,16,35630.097433,85495.456019,36543.995392,90335.948877,90398.750000,90398.750000,8.389573,9.013573,11.433573,11.441573,178,1562,300.000000,121,1,CBC,1
10,New,16,35331.351496,74559.319056,35688.393753,82263.718005,82307.500000,82307.500000,8.282900,8.846900,17.798900,17.810900,864,3787,300.000000,103,2,CBC,1
