instanceIndex,vpcGenerator,terms,lpBound,disjunctiveDualBound,lpBoundPostVpc,rootDualBound,dualBound,primalBound,vpcGenerationTime,rootDualBoundTime,bestSolutionTime,terminationTime,nodes,iterations,maxTime,actualTerms,numCuts,cutLimit,mipSolver,providePrimalBound
0,None,64,35118.109848,35118.109848,35118.109848,54517.939301,54537.260315,54537.750000,0.000007,0.221833,0.320863,0.321535,46,804,3600.000000,0,0,0,GUROBI,1
1,None,64,35125.775919,35125.775919,35125.775919,56637.888401,56806.866765,56812.250000,0.000002,0.345376,0.799489,0.799954,321,2459,3600.000000,0,0,0,GUROBI,1
2,None,64,35176.751104,35176.751104,35176.751104,57827.770336,58300.874382,58306.000000,0.000001,0.204123,0.518676,0.546383,304,1793,3600.000000,0,0,0,GUROBI,1
3,None,64,35168.750971,35168.750971,35168.750971,60869.992781,61499.004671,61505.000000,0.000002,0.360174,1.192882,1.196196,400,2741,3600.000000,0,0,0,GUROBI,1
4,None,64,35121.849260,35121.849260,35121.849260,60368.935128,61186.617381,61189.500000,0.000001,0.265950,0.390765,0.549913,283,1870,3600.000000,0,0,0,GUROBI,1
5,None,64,35205.745839,35205.745839,35205.745839,64817.402639,65584.186151,65587.000000,0.000001,0.205582,0.428319,0.428445,224,1745,3600.000000,0,0,0,GUROBI,1
6,None,64,35085.702419,35085.702419,35085.702419,57398.227536,58055.818045,58059.500000,0.000001,0.160998,0.292014,0.292138,115,1107,3600.000000,0,0,0,GUROBI,1
7,None,64,35060.400675,35060.400675,35060.400675,60077.590887,60573.859824,60576.000000,0.000002,0.143071,0.414033,0.455666,342,2389,3600.000000,0,0,0,GUROBI,1
8,None,64,35127.309601,35127.309601,35127.309601,63913.875972,64463.603673,64469.500000,0.000002,0.174518,0.238953,0.252940,85,855,3600.000000,0,0,0,GUROBI,1
9,None,64,35287.997511,35287.997511,35287.997511,74270.690476,75017.750000,75017.750000,0.000002,0.151415,0.218472,0.416427,256,1861,3600.000000,0,0,0,GUROBI,1
10,None,64,35380.316219,35380.316219,35380.316219,72066.351326,72451.551295,72455.000000,0.000001,0.176907,0.195044,0.217589,16,507,3600.000000,0,0,0,GUROBI,1
