instanceIndex,vpcGenerator,terms,lpBound,disjunctiveDualBound,lpBoundPostVpc,rootDualBound,dualBound,primalBound,vpcGenerationTime,rootDualBoundTime,bestSolutionTime,terminationTime,nodes,iterations,maxTime,actualTerms,numCuts,mipSolver,providePrimalBound
0,None,16,22.000000,22.000000,22.000000,22.000000,28.500000,30.000000,0.001463,0.053463,300.085463,300.101463,41591,391894,300.000000,0,0,CBC,1
1,None,16,22.000000,22.000000,22.000000,22.000000,30.000000,30.000000,0.001862,0.045862,240.669862,240.685862,36668,366451,300.000000,0,0,CBC,1
2,None,16,22.000000,22.000000,22.000000,22.000000,30.000000,30.000000,0.001715,0.049715,234.197715,234.209715,35750,362106,300.000000,0,0,CBC,1
3,None,16,22.000000,22.000000,22.000000,22.000000,30.000000,30.000000,0.001863,0.053863,233.249863,233.261863,35518,359192,300.000000,0,0,CBC,1
4,None,16,22.000000,22.000000,22.000000,22.000000,30.000000,30.000000,0.001465,0.045465,242.821465,242.837465,37071,373901,300.000000,0,0,CBC,1
5,None,16,22.000000,22.000000,22.000000,22.000000,30.000000,30.000000,0.001474,0.049474,240.517474,240.533474,36668,366451,300.000000,0,0,CBC,1
6,None,16,22.000000,22.000000,22.000000,22.000000,30.000000,30.000000,0.001917,0.049917,246.585917,246.601917,37869,377884,300.000000,0,0,CBC,1
7,None,16,22.000000,22.000000,22.000000,22.000000,30.000000,30.000000,0.001938,0.049938,240.293938,240.305938,36668,366451,300.000000,0,0,CBC,1
8,None,16,22.000000,22.000000,22.000000,22.000000,30.000000,30.000000,0.001464,0.049464,240.609464,240.625464,36668,366451,300.000000,0,0,CBC,1
9,None,16,22.000000,22.000000,22.000000,22.000000,30.000000,30.000000,0.001925,0.049925,240.649925,240.665925,36668,366451,300.000000,0,0,CBC,1
10,None,16,22.000000,22.000000,22.000000,22.000000,30.000000,30.000000,0.001932,0.049932,249.509932,249.521932,38373,385834,300.000000,0,0,CBC,1
