lpBound,disjunctiveDualBound,lpBoundPostVpc,rootDualBound,dualBound,heuristicPrimalBound,primalBound,vpcGenerationTime,heuristicTime,rootDualBoundTime,firstSolutionTime,bestSolutionTime,terminationTime,maxTime,vpcGenerator,terms,iterations,nodes
21240.526171,21240.526171,21240.526171,21333.458066,21477.000000,21477.000000,21477.000000,0.976474,2.377549,7.671682,2.377469,8.028423,10.022281,300.000000,None,64,3239,14
18791.382056,18791.382056,18791.382056,19625.785899,19625.785899,21563.000000,20513.000000,0.052475,2.923026,7.654383,2.923031,140.442645,300.054653,300.000000,None,64,209112,6237
8454.953835,8454.953835,8454.953835,9677.658999,9677.658999,10293.500000,10184.500000,0.039853,3.348150,11.018878,3.348157,255.790491,300.129349,300.000000,None,64,224023,9769
