lpBound,disjunctiveDualBound,lpBoundPostVpc,rootDualBound,dualBound,heuristicPrimalBound,primalBound,vpcGenerationTime,heuristicTime,rootDualBoundTime,firstSolutionTime,bestSolutionTime,terminationTime,maxTime,vpcGenerator,terms,iterations,nodes
62.637280,62.637280,62.637280,62.658702,62.658702,76.666667,69.500000,0.740593,11.919166,13.353860,11.919114,88.482462,300.073125,300.000000,None,16,237314,1943
62.683777,62.683777,62.683777,64.064091,73.333333,100000000000000007629769841091887003294964970946560.000000,73.333333,0.262378,6.201551,14.050043,34.540530,0.000000,145.892277,300.000000,None,16,110551,734
