lpBound,disjunctiveDualBound,lpBoundPostVpc,rootDualBound,dualBound,heuristicPrimalBound,primalBound,vpcGenerationTime,heuristicTime,rootDualBoundTime,firstSolutionTime,bestSolutionTime,terminationTime,maxTime,vpcGenerator,terms,iterations,nodes
1167185.725592,1167185.725592,1167185.725592,1172917.168642,1201500.000000,100000000000000007629769841091887003294964970946560.000000,1201500.000000,0.019547,0.111413,1.341788,1.553440,0.000000,1.599393,300.000000,None,64,797,142
1163682.671484,1163682.671484,1163682.671484,1169010.655363,1199940.000000,100000000000000007629769841091887003294964970946560.000000,1199940.000000,0.001213,0.009236,0.056344,0.179650,0.000000,0.376631,300.000000,None,64,634,200
1168300.353775,1168300.353775,1168300.353775,1171820.445005,1195560.000000,100000000000000007629769841091887003294964970946560.000000,1195560.000000,0.001120,0.009011,0.056844,0.115181,0.000000,0.521414,300.000000,None,64,892,348
1171018.834444,1171018.834444,1171018.834444,1176050.418704,1200030.000000,100000000000000007629769841091887003294964970946560.000000,1200030.000000,0.001143,0.009872,0.060590,0.133655,0.000000,0.345214,300.000000,None,64,573,185
1177293.349226,1177293.349226,1177293.349226,1182664.016591,1208940.000000,100000000000000007629769841091887003294964970946560.000000,1208940.000000,0.001172,0.015813,0.132531,0.167884,0.000000,0.221209,300.000000,None,64,469,36
