lpBound,disjunctiveDualBound,lpBoundPostVpc,rootDualBound,dualBound,heuristicPrimalBound,primalBound,vpcGenerationTime,heuristicTime,rootDualBoundTime,firstSolutionTime,bestSolutionTime,terminationTime,maxTime,vpcGenerator,terms,iterations,nodes
4310.000000,4310.000000,4310.000000,4310.000000,4396.620489,100000000000000007629769841091887003294964970946560.000000,8271.500000,0.509928,0.958208,1.517196,3.339293,0.000000,301.132786,300.000000,New,4,231304,19912
4301.250000,4306.500000,4301.250000,4395.707483,4485.325305,11021.500000,8320.500000,0.470432,4.479045,10.634315,4.479056,10.780849,300.895141,300.000000,New,4,255078,16146
4444.652174,4460.695652,4444.652174,4639.324937,4660.501833,7881.500000,7881.500000,0.429225,4.028423,8.523439,4.028431,8.615432,300.253772,300.000000,New,4,292941,15380
4442.058811,4462.741830,4442.058824,4602.908019,4658.407897,100000000000000007629769841091887003294964970946560.000000,8258.500000,0.473209,0.818937,6.038051,8.086213,62.102653,302.096133,300.000000,New,4,264465,15658
4468.530000,4489.110000,4489.110000,4637.913756,4692.820313,100000000000000007629769841091887003294964970946560.000000,7298.750000,0.687355,1.379157,6.569605,8.354796,85.792868,300.248338,300.000000,New,4,270114,15387
