lpBound,disjunctiveDualBound,lpBoundPostVpc,rootDualBound,dualBound,heuristicPrimalBound,primalBound,vpcGenerationTime,heuristicTime,rootDualBoundTime,firstSolutionTime,bestSolutionTime,terminationTime,maxTime,vpcGenerator,terms,iterations,nodes
-61651.227098,-61298.095431,-61298.095431,-55036.720727,-54404.062767,-51882.000000,-51882.000000,5.527337,9.833117,10.180693,9.833138,10.194783,302.387802,300.000000,New,4,110252,24899
-61645.059011,-61300.017344,-61300.017344,-55054.913381,-54402.557590,-51902.000000,-51902.000000,5.031608,9.468485,9.742136,9.468495,9.756032,302.326475,300.000000,Old,4,110083,24799
-61652.749003,-61299.617337,-61299.617337,-55033.442132,-54400.654660,-51879.000000,-51879.000000,5.081610,9.666658,10.004175,9.666667,10.018239,302.303727,300.000000,Old,4,111907,24730
-61650.806601,-61297.225490,-61297.225490,-54999.294821,-54366.072985,-51845.000000,-51845.000000,5.036017,9.546198,9.839807,9.546208,9.853734,302.433013,300.000000,Old,4,112329,24840
-61650.259631,-61297.577409,-61297.577409,-55011.646697,-54383.921757,-51864.000000,-51864.000000,5.247511,10.325979,10.618901,10.325989,10.632835,302.167092,300.000000,Old,4,119994,24760
-61660.895586,-61283.047808,-61283.047808,-55060.907268,-54410.384710,-51903.000000,-51903.000000,5.075286,9.515644,9.801734,9.515653,9.815494,302.007534,300.000000,Old,4,114715,24864
-61647.939394,-61293.456060,-61293.456060,-54984.182170,-54345.766079,-51867.000000,-51867.000000,5.038486,9.676019,9.944310,9.676027,9.958289,302.383863,300.000000,Old,4,105760,24901
