lpBound,disjunctiveDualBound,lpBoundPostVpc,rootDualBound,dualBound,heuristicPrimalBound,primalBound,vpcGenerationTime,heuristicTime,rootDualBoundTime,firstSolutionTime,bestSolutionTime,terminationTime,maxTime,vpcGenerator,terms,iterations,nodes
-59156.757374,-57696.386234,-58002.523488,0.000000,-59156.757374,0.000000,100000000000000007629769841091887003294964970946560.000000,967.402686,0.000000,0.000000,0.000000,0.000000,967.444257,300.000000,New,64,0,0
-59155.400905,-57616.205574,-57857.859379,-51807.136754,-51240.143627,-49647.000000,-49647.000000,95.006181,99.913568,100.703691,99.913579,100.721747,300.174107,300.000000,Old,64,38490,12158
-59190.905171,-57847.168161,-58323.177852,-51949.276884,-51379.246968,-49809.000000,-49809.000000,94.216283,98.989096,99.681894,98.989113,99.700509,300.151664,300.000000,Old,64,38853,11917
-59146.690669,-57650.905289,-57941.791846,-51755.945512,-51144.583831,-49621.000000,-49621.000000,94.962412,100.101821,100.841054,100.101838,100.859518,300.190087,300.000000,Old,64,52350,11963
-59149.735040,-57544.735138,-57870.479822,-51623.639526,-51012.707330,-49440.000000,-49440.000000,77.589936,82.358337,83.065758,82.358346,83.082519,300.215261,300.000000,Old,64,62707,12786
