lpBound,disjunctiveDualBound,lpBoundPostVpc,rootDualBound,dualBound,heuristicPrimalBound,primalBound,vpcGenerationTime,heuristicTime,rootDualBoundTime,firstSolutionTime,bestSolutionTime,terminationTime,maxTime,vpcGenerator,terms,iterations,nodes
-60670.366638,-60412.463697,-60412.463697,-54488.059734,-53686.815418,-52242.000000,-52242.000000,34.930171,39.504720,39.965519,39.504653,39.983363,301.967973,300.000000,New,4,137832,20561
0.000000,-60398.608865,-60656.511807,-54444.310498,-53681.383612,-52272.000000,-52272.000000,4.474260,10.207945,10.419351,10.207962,10.433827,302.515011,300.000000,Farkas,4,116257,25662
