lpBound,disjunctiveDualBound,lpBoundPostVpc,rootDualBound,dualBound,heuristicPrimalBound,primalBound,vpcGenerationTime,heuristicTime,rootDualBoundTime,firstSolutionTime,bestSolutionTime,terminationTime,maxTime,vpcGenerator,terms,iterations,nodes
-59156.757374,-57696.386234,-58002.523488,0.000000,-59156.757374,0.000000,100000000000000007629769841091887003294964970946560.000000,960.487479,0.000000,0.000000,0.000000,0.000000,960.531831,300.000000,New,64,0,0
-59155.350968,-57694.654174,-57995.120811,-51865.720106,-51272.774810,-49718.000000,-49718.000000,94.582726,99.418264,99.727872,99.418281,99.745374,300.200459,300.000000,Old,64,51938,11996
-59155.276332,-57687.918317,-58001.892526,-51827.101594,-51218.309211,-49679.000000,-49679.000000,92.765098,97.290413,97.596927,97.290429,97.614496,300.194101,300.000000,Old,64,42405,12201
-59156.207613,-57692.497454,-58005.662075,-51855.677069,-51258.912797,-49699.000000,-49699.000000,94.799892,99.559747,100.303846,99.559755,100.321399,300.185738,300.000000,Old,64,50195,12046
-59158.051257,-57727.975117,-58126.454122,-51909.054107,-51301.761105,-49771.000000,-49771.000000,94.662247,99.529529,100.321372,99.529544,100.339333,300.225900,300.000000,Old,64,48068,11929
