lpBound,disjunctiveDualBound,lpBoundPostVpc,rootDualBound,dualBound,heuristicPrimalBound,primalBound,vpcGenerationTime,heuristicTime,rootDualBoundTime,firstSolutionTime,bestSolutionTime,terminationTime,maxTime,vpcGenerator,terms,iterations,nodes
-59987.196374,-59987.196374,-59987.196374,-52894.050235,-52124.775146,-50768.000000,-50768.000000,0.033305,4.006613,4.344451,4.006632,4.359276,302.197644,300.000000,None,64,137235,24153
-59990.473795,-59990.473795,-59990.473795,-52898.601945,-52115.632501,-50766.000000,-50766.000000,0.037918,4.089272,4.425337,4.089282,4.440131,300.755755,300.000000,None,64,109928,24870
-59990.834774,-59990.834774,-59990.834774,-52900.034201,-52131.388266,-50768.000000,-50768.000000,0.038717,4.157147,4.504035,4.157156,4.518431,300.604379,300.000000,None,64,119501,23991
-59989.419380,-59989.419380,-59989.419380,-52900.233223,-52110.787745,-50768.000000,-50768.000000,0.039981,3.996090,4.351956,3.996094,4.366370,300.832796,300.000000,None,64,101517,24619
-59984.399898,-59984.399898,-59984.399898,-52893.981333,-52098.351006,-50668.000000,-50668.000000,0.040702,5.729543,6.314741,5.729550,6.329140,300.604749,300.000000,None,64,121918,24387
-59990.383089,-59990.383089,-59990.383089,-52898.610567,-52086.500878,-50770.000000,-50770.000000,0.039861,3.487182,3.824429,3.487193,3.838036,300.689732,300.000000,None,64,124014,24782
-59983.904168,-59983.904168,-59983.904168,-52887.913035,-52076.990048,-50742.000000,-50742.000000,0.038268,6.648808,7.005885,6.648814,7.019780,300.560905,300.000000,None,64,110641,24557
-59990.904309,-59990.904309,-59990.904309,-52909.012845,-52115.777919,-50794.000000,-50794.000000,0.037095,4.071806,4.402158,4.071815,4.416627,300.578115,300.000000,None,64,111081,24485
