lpBound,disjunctiveDualBound,lpBoundPostVpc,rootDualBound,dualBound,heuristicPrimalBound,primalBound,vpcGenerationTime,heuristicTime,rootDualBoundTime,firstSolutionTime,bestSolutionTime,terminationTime,maxTime,vpcGenerator,terms,iterations,nodes
-59987.196374,-59610.381374,-59610.381374,-52894.050235,-52130.641273,-50768.000000,-50768.000000,5.510632,9.480552,9.821983,9.480577,9.838605,302.596137,300.000000,New,4,115706,23271
-59990.473795,-59613.658795,-59613.658795,-52898.601945,-52127.191478,-50766.000000,-50766.000000,5.568886,9.611346,9.953484,9.611366,9.970314,302.201625,300.000000,New,4,110202,23784
-59990.834774,-59614.019774,-59614.019774,-52900.034201,-52158.604144,-50768.000000,-50768.000000,5.529191,9.646792,9.997852,9.646798,10.014352,302.074422,300.000000,New,4,107234,24545
-59989.419380,-59612.819935,-59612.819935,-52900.233223,-52113.983618,-50768.000000,-50768.000000,5.558466,9.504849,9.866080,9.504858,9.880682,302.164715,300.000000,New,4,99264,24192
-59984.399898,-59607.584898,-59607.584898,-52893.981333,-52128.213210,-50668.000000,-50668.000000,5.571836,11.252720,11.845609,11.252728,11.862007,302.143645,300.000000,New,4,124772,23659
-59990.383089,-59613.352534,-59613.352534,-52898.610567,-52089.893667,-50770.000000,-50770.000000,5.587628,9.029867,9.371060,9.029876,9.384829,302.187252,300.000000,New,4,121531,24297
-59983.904168,-59607.089168,-59607.089168,-52887.913035,-52135.500487,-50742.000000,-50742.000000,5.559140,12.147394,12.509625,12.147413,12.525518,301.958840,300.000000,New,4,107107,23756
-59990.904309,-59614.089309,-59614.089309,-52909.012845,-52120.027924,-50794.000000,-50794.000000,5.583848,9.618970,9.952425,9.618980,9.967016,301.950127,300.000000,New,4,108299,23950
