lpBound,disjunctiveDualBound,lpBoundPostVpc,rootDualBound,dualBound,heuristicPrimalBound,primalBound,vpcGenerationTime,heuristicTime,rootDualBoundTime,firstSolutionTime,bestSolutionTime,terminationTime,maxTime,vpcGenerator,terms,iterations,nodes
100.878750,104.495000,103.333068,111.049648,116.047155,122.000000,120.000000,99.623038,100.077339,102.399026,100.077263,116.778190,300.173606,300.000000,New,64,108930,12980
100.196250,101.423750,101.374188,113.126302,116.776049,124.000000,119.000000,38.743415,39.152725,41.329311,39.152727,41.461965,300.229129,300.000000,Old,64,175321,15065
100.607500,101.687500,101.697131,114.567066,117.506323,123.000000,121.000000,44.813100,45.338896,47.422540,45.338904,47.488048,300.251734,300.000000,Old,64,158330,14690
101.003750,102.173750,101.171888,110.259677,114.699364,127.000000,121.000000,35.361002,35.817573,37.993482,35.817577,39.968056,300.236650,300.000000,Old,64,159837,15179
101.253750,102.535000,102.431688,112.841859,116.291413,126.000000,118.000000,35.697819,36.636446,39.006089,36.636450,39.291979,300.232120,300.000000,Old,64,172114,14631
100.496250,101.761250,104.245000,110.454384,113.717540,125.000000,120.000000,81.694899,82.168259,84.440632,82.168265,224.494959,300.213162,300.000000,Old,64,111994,14228
100.938750,101.676250,102.116688,109.550034,112.696480,122.000000,121.000000,31.674618,32.134422,34.527377,32.134427,162.223634,300.228799,300.000000,Old,64,130477,14175
100.753750,101.750000,103.995000,111.676037,116.427481,125.000000,121.000000,76.198995,76.675111,78.935452,76.675114,88.047083,300.138633,300.000000,Old,64,138194,12817
