lpBound,disjunctiveDualBound,lpBoundPostVpc,rootDualBound,dualBound,heuristicPrimalBound,primalBound,vpcGenerationTime,heuristicTime,rootDualBoundTime,firstSolutionTime,bestSolutionTime,terminationTime,maxTime,vpcGenerator,terms,iterations,nodes
100.878750,104.495000,103.333068,111.049648,116.047155,122.000000,120.000000,99.345797,99.799652,102.136641,99.799664,116.532032,300.151824,300.000000,New,64,109085,12996
100.878750,102.048750,102.033529,111.445463,115.693549,124.000000,120.000000,33.128879,33.588307,36.034572,33.588312,236.720918,300.240825,300.000000,Old,64,144717,16150
101.048125,102.073750,102.226063,112.454506,115.356799,122.000000,122.000000,36.231209,36.743019,39.035857,36.743023,39.117253,300.227134,300.000000,Old,64,174741,14972
100.733750,101.831250,101.910779,111.535452,114.944994,125.000000,120.000000,34.856033,35.452610,37.495239,35.452615,43.124818,300.206046,300.000000,Old,64,158517,14075
100.878750,102.048750,101.762783,110.136162,113.830944,128.000000,121.000000,35.776936,36.230991,38.828571,36.230996,73.186466,300.215716,300.000000,Old,64,167121,14056
100.878750,102.048750,102.056688,111.129997,116.073836,122.000000,122.000000,35.250670,35.698709,37.338330,35.698712,37.402859,300.191860,300.000000,Old,64,162080,15958
100.543750,101.602500,100.612550,0.000000,100.543750,0.000000,100000000000000007629769841091887003294964970946560.000000,326.227734,0.000000,0.000000,0.000000,0.000000,326.238524,300.000000,Old,64,0,0
100.826250,102.070000,101.896863,109.573992,115.037909,122.000000,120.000000,30.841176,31.291083,33.556706,31.291087,233.984978,300.261838,300.000000,Old,64,149111,16519
