lpBound,disjunctiveDualBound,lpBoundPostVpc,rootDualBound,dualBound,heuristicPrimalBound,primalBound,vpcGenerationTime,heuristicTime,rootDualBoundTime,firstSolutionTime,bestSolutionTime,terminationTime,maxTime,vpcGenerator,terms,iterations,nodes
12.030303,12.030303,12.030303,28.393939,29.000000,29.000000,29.000000,0.095681,2.385480,4.130193,2.385388,2.385346,4.137971,300.000000,None,4,2575,0
12.181818,12.181818,12.181818,33.043960,34.000000,34.000000,34.000000,0.007874,2.533165,4.492341,2.533178,2.533177,4.502356,300.000000,None,4,2556,0
12.090909,12.090909,12.090909,29.002133,30.000000,30.000000,30.000000,0.010690,2.968710,4.027099,2.968721,2.968719,4.036281,300.000000,None,4,1453,0
12.636364,12.636364,12.636364,34.000000,34.000000,35.000000,35.000000,0.009639,2.238485,3.424326,2.238501,3.493675,300.145846,300.000000,None,4,236178,17136
12.060606,12.060606,12.060606,29.999996,31.274099,34.000000,34.000000,0.013324,1.472488,2.363577,1.472495,2.431826,300.236319,300.000000,None,4,216656,15344
12.121212,12.121212,12.121212,32.999990,32.999990,34.000000,34.000000,0.007829,1.442317,3.065765,1.442331,3.090040,300.127694,300.000000,None,4,671047,12739
12.242424,12.242424,12.242424,32.999995,32.999996,35.000000,34.000000,0.013611,2.720816,4.340138,2.720823,6.316759,300.204653,300.000000,None,4,277733,15121
12.181818,12.181818,12.181818,34.098543,34.124049,36.000000,36.000000,0.007945,2.866711,7.674265,2.866725,7.781681,300.656590,300.000000,None,4,589953,12066
