lpBound,disjunctiveDualBound,lpBoundPostVpc,rootDualBound,dualBound,heuristicPrimalBound,primalBound,vpcGenerationTime,heuristicTime,rootDualBoundTime,firstSolutionTime,bestSolutionTime,terminationTime,maxTime,vpcGenerator,terms,iterations,nodes
-100.000000,-98.000000,-99.000000,-85.570243,-85.570243,-51.000000,-59.000000,2.978277,3.792767,15.128923,3.792781,15.337182,301.850297,300.000000,New,4,140742,5680
-100.000000,-95.000000,-99.000000,-84.983557,-84.983557,-51.000000,-57.000000,4.836180,5.628642,18.306680,5.628645,18.576450,300.146949,300.000000,New,4,145609,5886
-100.000000,-91.000000,-99.000000,-86.748940,-86.748940,-55.000000,-57.000000,8.675454,9.658363,21.367351,9.658371,21.520591,302.021580,300.000000,New,4,106463,6009
