lpBound,disjunctiveDualBound,lpBoundPostVpc,rootDualBound,dualBound,heuristicPrimalBound,primalBound,vpcGenerationTime,heuristicTime,rootDualBoundTime,firstSolutionTime,bestSolutionTime,terminationTime,maxTime,vpcGenerator,terms,iterations,nodes
613590.095426,623321.651357,619853.992710,0.000000,613590.095426,0.000000,100000000000000007629769841091887003294964970946560.000000,526.269953,0.000000,0.000000,0.000000,0.000000,526.305155,300.000000,New,64,0,0
615808.786930,624268.659468,616593.318766,0.000000,615808.786930,0.000000,100000000000000007629769841091887003294964970946560.000000,307.929325,0.000000,0.000000,0.000000,0.000000,307.950099,300.000000,Old,64,0,0
