lpBound,disjunctiveDualBound,lpBoundPostVpc,rootDualBound,dualBound,heuristicPrimalBound,primalBound,vpcGenerationTime,heuristicTime,rootDualBoundTime,firstSolutionTime,bestSolutionTime,terminationTime,maxTime,vpcGenerator,terms,iterations,nodes
613590.095426,613590.095426,613590.095426,628236.115115,628265.247534,100000000000000007629769841091887003294964970946560.000000,868300.000000,0.465098,1.362415,7.949567,59.481600,59.481583,300.459524,300.000000,None,64,115966,5431
615808.786930,615808.786930,615808.786930,650450.480048,650489.500779,100000000000000007629769841091887003294964970946560.000000,100000000000000007629769841091887003294964970946560.000000,0.043383,0.426070,6.379783,0.000000,0.000000,300.119669,300.000000,None,64,77823,4502
