instanceIndex,vpcGenerator,terms,lpBound,disjunctiveDualBound,lpBoundPostVpc,rootDualBound,dualBound,primalBound,vpcGenerationTime,rootDualBoundTime,bestSolutionTime,terminationTime,nodes,iterations,maxTime,actualTerms,numCuts,cutLimit,mipSolver,providePrimalBound
0,None,64,21240.526171,21240.526171,21240.526171,21396.466079,21477.000000,21477.000000,0.000003,0.327770,0.368218,0.368355,12,901,300.000000,0,0,0,GUROBI,1
1,None,64,18892.085961,18892.085961,18892.085961,20181.152956,21038.000000,21038.000000,0.000003,0.861940,15.483701,16.011014,3957,195678,300.000000,0,0,0,GUROBI,1
2,None,64,18588.773814,18588.773814,18588.773814,20691.962679,21622.000000,21623.000000,0.000002,0.772192,26.218132,31.972732,5685,453361,300.000000,0,0,0,GUROBI,1
3,None,64,17083.000000,17083.000000,17083.000000,10000000000000000159028911097599180468360808563945281389781327557747838772170381060813469985856815104.000000,17083.000000,10000000000000000159028911097599180468360808563945281389781327557747838772170381060813469985856815104.000000,0.000002,0.027959,0.000002,0.027959,0,0,300.000000,0,0,0,GUROBI,1
4,None,64,17083.000000,17083.000000,17083.000000,10000000000000000159028911097599180468360808563945281389781327557747838772170381060813469985856815104.000000,17083.000000,10000000000000000159028911097599180468360808563945281389781327557747838772170381060813469985856815104.000000,0.000002,0.026687,0.000002,0.026687,0,0,300.000000,0,0,0,GUROBI,1
5,None,64,17083.000000,17083.000000,17083.000000,10000000000000000159028911097599180468360808563945281389781327557747838772170381060813469985856815104.000000,17083.000000,10000000000000000159028911097599180468360808563945281389781327557747838772170381060813469985856815104.000000,0.000002,0.027661,0.000002,0.027661,0,0,300.000000,0,0,0,GUROBI,1
6,None,64,18636.521355,18636.521355,18636.521355,20205.351653,20550.000000,20551.000000,0.000003,0.684963,6.102486,6.102602,1042,23224,300.000000,0,0,0,GUROBI,1
7,None,64,18517.679802,18517.679802,18517.679802,19748.306355,20253.000000,20253.000000,0.000003,0.921920,3.344537,3.466901,1062,48348,300.000000,0,0,0,GUROBI,1
