instanceIndex,vpcGenerator,terms,lpBound,disjunctiveDualBound,lpBoundPostVpc,rootDualBound,dualBound,primalBound,vpcGenerationTime,rootDualBoundTime,bestSolutionTime,terminationTime,nodes,iterations,maxTime,actualTerms,numCuts,cutLimit,mipSolver,providePrimalBound
0,None,16,7649.866134,7649.866134,7649.866134,7770.367871,8090.000000,8090.000000,0.000039,0.726866,1.003537,1.669980,568,12393,3600.000000,0,0,0,GUROBI,1
1,None,16,7524.046523,7524.046523,7524.046523,7785.444525,7948.000000,7948.000000,0.000003,0.734359,0.913445,0.950816,93,2375,3600.000000,0,0,0,GUROBI,1
2,None,16,6906.394198,6906.394198,6906.394198,7625.971683,7870.000000,7870.000000,0.000002,0.708549,0.962915,1.098208,255,4767,3600.000000,0,0,0,GUROBI,1
3,None,16,5313.000000,5313.000000,5313.000000,10000000000000000159028911097599180468360808563945281389781327557747838772170381060813469985856815104.000000,5313.000000,10000000000000000159028911097599180468360808563945281389781327557747838772170381060813469985856815104.000000,0.000002,0.023146,0.000002,0.023146,0,0,3600.000000,0,0,0,GUROBI,1
