instanceIndex,vpcGenerator,terms,lpBound,disjunctiveDualBound,lpBoundPostVpc,rootDualBound,dualBound,primalBound,vpcGenerationTime,rootDualBoundTime,bestSolutionTime,terminationTime,nodes,iterations,maxTime,actualTerms,numCuts,cutLimit,mipSolver,providePrimalBound
0,New,16,7649.866134,7867.860624,7862.267452,7867.450026,8090.000000,8090.000000,151.385687,151.909824,155.303838,155.303955,2700,48540,3600.000000,17,75,75,GUROBI,1
1,Farkas,16,7524.046523,7649.640646,7524.046523,7785.444525,7948.000000,7948.000000,1.180464,1.913907,2.096086,2.150661,86,2722,3600.000000,17,75,0,GUROBI,1
2,Farkas,16,6906.394198,6941.540115,6906.394198,7624.802884,7870.000000,7870.000000,1.386413,2.039849,2.423832,2.531959,250,7551,3600.000000,17,75,0,GUROBI,1
3,Farkas,16,5313.000000,5313.000000,5313.000000,10000000000000000159028911097599180468360808563945281389781327557747838772170381060813469985856815104.000000,5313.000000,10000000000000000159028911097599180468360808563945281389781327557747838772170381060813469985856815104.000000,1.005461,1.030233,1.005461,1.030233,0,0,3600.000000,17,75,0,GUROBI,1
