instanceIndex,vpcGenerator,terms,lpBound,disjunctiveDualBound,lpBoundPostVpc,rootDualBound,dualBound,primalBound,vpcGenerationTime,rootDualBoundTime,bestSolutionTime,terminationTime,nodes,iterations,maxTime,actualTerms,numCuts,cutLimit,mipSolver,providePrimalBound
0,None,64,2879.065687,2879.065687,2879.065687,3194.914337,3305.303691,3311.179982,0.000003,0.558669,867.972733,3600.003134,399661,19549438,3600.000000,0,0,0,GUROBI,1
1,None,64,-793519.002023,-793519.002023,-793519.002023,-793355.056588,-793281.515334,-793202.993853,0.000003,0.168594,8.013788,8.014796,1214,23193,3600.000000,0,0,0,GUROBI,1
2,None,64,-832391.529622,-832391.529622,-832391.529622,-832225.448440,-832163.901615,-832082.504894,0.000003,0.229341,19.749776,19.751163,4048,112159,3600.000000,0,0,0,GUROBI,1
3,None,64,-2190969.388219,-2190969.388219,-2190969.388219,-2190867.954293,-2190862.456836,-2190672.541405,0.000003,0.150201,0.822277,0.822492,317,1501,3600.000000,0,0,0,GUROBI,1
4,None,64,-3358383.152570,-3358383.152570,-3358383.152570,-3358285.610161,-3358285.141737,-3358147.501317,0.000004,0.138690,1.153776,1.155166,448,1790,3600.000000,0,0,0,GUROBI,1
5,None,64,-8336776.154999,-8336776.154999,-8336776.154999,-8336650.852421,-8336650.060840,-8336430.307492,0.000004,0.189353,1.286380,1.286594,422,2527,3600.000000,0,0,0,GUROBI,1
