instanceIndex,vpcGenerator,terms,lpBound,disjunctiveDualBound,lpBoundPostVpc,rootDualBound,dualBound,primalBound,vpcGenerationTime,rootDualBoundTime,bestSolutionTime,terminationTime,nodes,iterations,maxTime,actualTerms,numCuts,cutLimit,mipSolver,providePrimalBound
0,New,16,2879.065687,2907.357357,2892.465688,3190.993573,3296.257321,3317.559993,15.903856,16.410506,3615.906559,3615.906796,449750,18601938,3600.000000,16,2,29,GUROBI,1
1,Farkas,16,225.889933,225.889933,225.889933,325.723632,326.159994,10000000000000000159028911097599180468360808563945281389781327557747838772170381060813469985856815104.000000,0.864976,0.956371,0.864976,0.958003,1,286,3600.000000,16,2,0,GUROBI,1
2,Farkas,16,123.879534,123.879534,123.879534,190.747096,193.559999,193.559999,0.984390,1.125211,1.348025,1.348214,142,655,3600.000000,16,2,0,GUROBI,1
3,Farkas,16,58.298748,58.298748,58.298748,94.313333,94.370000,10000000000000000159028911097599180468360808563945281389781327557747838772170381060813469985856815104.000000,0.856886,0.966810,0.856886,0.968520,1,222,3600.000000,16,2,0,GUROBI,1
