instanceIndex,vpcGenerator,terms,lpBound,disjunctiveDualBound,lpBoundPostVpc,rootDualBound,dualBound,primalBound,vpcGenerationTime,rootDualBoundTime,bestSolutionTime,terminationTime,nodes,iterations,maxTime,actualTerms,numCuts,cutLimit,mipSolver,providePrimalBound
0,None,4,1005.681635,1005.681635,1005.681635,1098.888816,1154.000000,1171.000000,0.000004,2.470263,1153.841998,1321.004379,57835,5692490,1321.000000,0,0,0,GUROBI,1
1,None,4,1020.689282,1020.689282,1020.689282,1781.372556,1825.000000,1825.000000,0.000004,1.652159,224.894453,233.347296,11393,971768,1321.000000,0,0,0,GUROBI,1
2,None,4,1027.250142,1027.250142,1027.250142,2403.678226,2475.000000,2475.000000,0.000003,1.819523,568.705686,619.565413,46898,3091312,1321.000000,0,0,0,GUROBI,1
3,None,4,1016.330157,1016.330157,1016.330157,1756.186637,1833.000000,1833.000000,0.000004,4.601589,435.367441,581.153320,22932,2135718,1321.000000,0,0,0,GUROBI,1
