instanceIndex,vpcGenerator,terms,lpBound,disjunctiveDualBound,lpBoundPostVpc,rootDualBound,dualBound,primalBound,vpcGenerationTime,rootDualBoundTime,bestSolutionTime,terminationTime,nodes,iterations,maxTime,actualTerms,numCuts,cutLimit,mipSolver,providePrimalBound
0,New,4,1005.681635,1017.686539,1014.603392,1098.806656,1129.000000,1288.000000,24.080869,26.505744,258.632576,300.000804,10479,1086415,300.000000,4,5,36,GUROBI,1
1,Old,4,972.436537,973.765603,972.926475,1081.841081,1125.000000,1169.000000,13.753739,16.056871,118.672243,300.004051,13205,1084523,300.000000,4,33,0,GUROBI,1
3,Old,4,911.942328,913.201747,913.201747,1033.022049,1062.000000,1138.000000,28.288551,31.081284,216.714970,300.003990,11000,964504,300.000000,4,40,0,GUROBI,1
4,Old,4,936.167980,937.661311,937.656136,1037.091531,1069.004294,1480.000000,21.491431,23.990213,228.253159,300.040740,10202,1046756,300.000000,4,42,0,GUROBI,1
