instanceIndex,vpcGenerator,terms,lpBound,disjunctiveDualBound,lpBoundPostVpc,rootDualBound,dualBound,primalBound,vpcGenerationTime,rootDualBoundTime,bestSolutionTime,terminationTime,nodes,iterations,maxTime,actualTerms,numCuts,cutLimit,mipSolver,providePrimalBound
0,None,4,2654.736802,2654.736802,2654.736802,2685.079904,2713.000000,2713.000000,0.000004,1.795858,7.260811,8.022395,530,58207,3600.000000,0,0,0,GUROBI,1
1,None,4,2432.537572,2432.537572,2432.537572,2569.921087,2691.000000,2691.000000,0.000004,2.507501,210.342361,306.330102,22289,1541998,3600.000000,0,0,0,GUROBI,1
2,None,4,2455.531372,2455.531372,2455.531372,2647.265488,2724.000000,2724.000000,0.000003,3.557955,377.849489,388.060004,18379,2486570,3600.000000,0,0,0,GUROBI,1
3,None,4,2469.341086,2469.341086,2469.341086,2599.561430,2672.000000,2672.000000,0.000003,3.636925,80.508751,83.379452,4169,428255,3600.000000,0,0,0,GUROBI,1
4,None,4,2522.739825,2522.739825,2522.739825,2649.593411,2708.000000,2708.000000,0.000003,3.603532,58.031518,59.169819,4857,330503,3600.000000,0,0,0,GUROBI,1
