instanceIndex,vpcGenerator,terms,lpBound,disjunctiveDualBound,lpBoundPostVpc,rootDualBound,dualBound,primalBound,vpcGenerationTime,rootDualBoundTime,bestSolutionTime,terminationTime,nodes,iterations,maxTime,actualTerms,numCuts,cutLimit,mipSolver,providePrimalBound
0,None,64,19294.125000,19294.125000,19294.125000,19294.125000,19294.125000,10000000000000000159028911097599180468360808563945281389781327557747838772170381060813469985856815104.000000,0.000002,0.000002,0.000002,0.042659,1,96,7200.000000,0,0,0,GUROBI,1
1,None,64,19138.381179,19138.381179,19138.381179,19138.590704,19138.914431,19140.508000,0.000002,0.307047,21.088312,21.090771,4738,29885,7200.000000,0,0,0,GUROBI,1
2,None,64,19076.041520,19076.041520,19076.041520,19076.064044,19076.080361,19076.135008,0.000002,0.290890,0.597966,0.601308,87,235,7200.000000,0,0,0,GUROBI,1
3,None,64,18976.902778,18976.902778,18976.902778,18977.255358,18977.255358,18977.796601,0.000002,0.289730,1.462859,1.466292,246,392,7200.000000,0,0,0,GUROBI,1
4,None,64,19088.850865,19088.850865,19088.850865,19088.854330,19088.885000,19090.389230,0.000003,0.291163,4.254091,4.257763,695,854,7200.000000,0,0,0,GUROBI,1
