instanceIndex,vpcGenerator,terms,lpBound,disjunctiveDualBound,lpBoundPostVpc,rootDualBound,dualBound,primalBound,vpcGenerationTime,rootDualBoundTime,bestSolutionTime,terminationTime,nodes,iterations,maxTime,actualTerms,numCuts,cutLimit,mipSolver,providePrimalBound
0,New,4,7579621.830870,7579664.032772,7579658.658506,7580208.254322,7580487.834338,7581235.696022,13.405023,14.144285,39.352854,39.353105,5159,81173,3600.000000,4,15,64,GUROBI,1
1,New,4,5992456.646692,6044042.540213,5992688.350166,6091049.553408,6125654.440155,6126133.244769,8.098097,9.212030,688.375735,688.398397,94346,2533082,3600.000000,38,1,98,GUROBI,1
