instanceIndex,vpcGenerator,terms,lpBound,disjunctiveDualBound,lpBoundPostVpc,rootDualBound,dualBound,primalBound,vpcGenerationTime,rootDualBoundTime,bestSolutionTime,terminationTime,nodes,iterations,maxTime,actualTerms,numCuts,cutLimit,mipSolver,providePrimalBound
0,New,4,183.362555,184.417405,184.417405,191.894338,210.000000,212.000000,53.308376,54.390249,61.519754,3653.309506,882988,18752636,3600.000000,4,63,114,GUROBI,1
1,New,4,183.418872,184.470533,184.468857,190.697154,205.750000,212.000000,26.693469,27.252839,38.423913,3626.694640,1207504,23324670,3600.000000,4,87,113,GUROBI,1
2,New,4,184.260700,185.324804,185.324568,191.970061,208.250000,212.875000,19.170344,19.835778,33.616193,3619.171329,2279655,35816693,3600.000000,4,61,114,GUROBI,1
3,New,4,182.612555,183.667405,183.667405,190.184956,205.875000,211.000000,24.234750,24.885865,49.274115,3624.236101,847513,16246877,3600.000000,4,61,114,GUROBI,1
