instanceIndex,vpcGenerator,terms,lpBound,disjunctiveDualBound,lpBoundPostVpc,rootDualBound,dualBound,primalBound,vpcGenerationTime,rootDualBoundTime,bestSolutionTime,terminationTime,nodes,iterations,maxTime,actualTerms,numCuts,cutLimit,mipSolver,providePrimalBound
0,New,64,869515.130911,874303.362258,872376.716328,873792.058578,878345.541618,878430.316000,2.409498,2.426890,2.449797,3.570490,9223,18263,5.000000,64,2,7,GUROBI,1
1,Farkas,64,321538.619682,321538.619682,321538.619682,336093.313449,336676.021953,10000000000000000159028911097599180468360808563945281389781327557747838772170381060813469985856815104.000000,0.409544,0.429552,0.409544,0.429901,1,53,5.000000,64,2,0,GUROBI,1
2,Farkas,64,191324.596450,191324.596450,191324.596450,212762.629265,212762.629265,10000000000000000159028911097599180468360808563945281389781327557747838772170381060813469985856815104.000000,0.437657,0.444572,0.437657,0.445215,1,15,5.000000,64,2,0,GUROBI,1
