instanceIndex,vpcGenerator,terms,lpBound,disjunctiveDualBound,lpBoundPostVpc,rootDualBound,dualBound,primalBound,vpcGenerationTime,rootDualBoundTime,bestSolutionTime,terminationTime,nodes,iterations,maxTime,actualTerms,numCuts,cutLimit,mipSolver,providePrimalBound
0,New,4,8951799.928130,8952217.758724,8951981.830024,8955122.117868,8965515.100789,8966406.491920,0.084895,0.105727,0.155869,0.264245,1098,2916,300.000000,5,2,10,GUROBI,1
2,Old,4,11992370.129494,11992387.309002,11992387.309002,12015870.649288,12020684.194070,12021848.149850,0.033444,0.059998,0.065753,0.066387,73,150,300.000000,5,4,0,GUROBI,1
10,Old,4,8895040.616048,8898406.456954,8898406.456954,8943944.727630,8949315.100200,8949315.100200,0.039217,0.067492,0.068921,0.069135,9,34,300.000000,5,3,0,GUROBI,1
