instanceIndex,vpcGenerator,terms,lpBound,disjunctiveDualBound,lpBoundPostVpc,rootDualBound,dualBound,primalBound,vpcGenerationTime,rootDualBoundTime,bestSolutionTime,terminationTime,nodes,iterations,maxTime,actualTerms,numCuts,cutLimit,mipSolver,providePrimalBound
0,New,64,869515.130911,874303.362258,872376.716328,873792.058578,878345.541618,878430.316000,2.319884,2.337687,2.360539,3.470082,9223,18263,5.000000,64,2,7,GUROBI,1
1,Old,64,869163.534244,873934.468924,871331.800911,873438.378578,878043.732284,878124.316000,0.508101,0.527905,0.902302,1.510254,7759,17000,5.000000,64,2,0,GUROBI,1
2,Old,64,872203.117578,876956.581244,874387.717578,876450.378578,881051.057119,881136.310848,0.504741,0.520399,1.119240,1.119323,4406,9035,5.000000,64,2,0,GUROBI,1
3,Old,64,877323.024244,881990.705689,879498.124244,881516.951911,886052.813840,886139.316000,0.498110,0.517851,0.548621,1.621625,9177,18598,5.000000,64,2,0,GUROBI,1
4,Old,64,866395.542022,871196.621244,868596.308689,870657.969689,875231.586062,875280.316000,0.509578,0.528528,0.801037,1.515768,8056,16093,5.000000,64,2,0,GUROBI,1
