instanceIndex,vpcGenerator,terms,lpBound,disjunctiveDualBound,lpBoundPostVpc,rootDualBound,dualBound,primalBound,vpcGenerationTime,rootDualBoundTime,bestSolutionTime,terminationTime,nodes,iterations,maxTime,actualTerms,numCuts,cutLimit,mipSolver,providePrimalBound
0,New,16,18506621.761219,18511708.441124,18510299.015020,18517362.428176,18540125.150111,18541957.238000,1.637575,1.678741,2.499589,2.589465,4550,9192,3600.000000,33,3,27,GUROBI,1
1,Old,16,18015944.762471,18021055.191783,18019708.473551,18050381.158432,18078061.186813,18079869.114900,0.333263,0.381053,61.434951,73.403649,550520,1027090,3600.000000,33,7,0,GUROBI,1
