instanceIndex,vpcGenerator,terms,lpBound,disjunctiveDualBound,lpBoundPostVpc,rootDualBound,dualBound,primalBound,vpcGenerationTime,rootDualBoundTime,bestSolutionTime,terminationTime,nodes,iterations,maxTime,actualTerms,numCuts,cutLimit,mipSolver,providePrimalBound
0,New,4,11.724138,13.500000,13.500000,18.439450,46.750000,46.750000,537.359820,538.310694,544.313895,574.526398,7746,554715,3600.000000,4,26,26,GUROBI,1
1,Farkas,4,11.695313,13.394531,13.394531,39.702137,46.750000,46.750000,0.543872,2.430147,22.780348,45.941990,4341,436354,3600.000000,4,26,0,GUROBI,1
2,Farkas,4,11.724138,13.500000,13.500000,38.998771,46.750000,46.750000,0.362205,2.079399,9.723822,31.822067,5136,383880,3600.000000,4,26,0,GUROBI,1
3,Farkas,4,11.724138,13.500000,13.500000,39.231922,46.750000,46.750000,0.406151,1.843249,9.796153,39.259679,4166,393808,3600.000000,4,26,0,GUROBI,1
4,Farkas,4,11.633028,13.394531,13.394531,40.045546,46.384766,46.384766,0.430394,2.288223,8.217815,66.703474,5418,575780,3600.000000,4,26,0,GUROBI,1
5,Farkas,4,11.807651,13.500000,13.500000,38.917555,46.750000,46.750000,0.200314,1.931844,5.262421,56.868990,7675,628223,3600.000000,4,26,0,GUROBI,1
