instanceIndex,vpcGenerator,terms,lpBound,disjunctiveDualBound,lpBoundPostVpc,rootDualBound,dualBound,primalBound,vpcGenerationTime,rootDualBoundTime,bestSolutionTime,terminationTime,nodes,iterations,maxTime,actualTerms,numCuts,cutLimit,mipSolver,providePrimalBound
0,New,4,11.724138,13.500000,13.500000,18.464931,46.750000,46.750000,452.991334,453.910290,471.133464,503.181884,9062,660426,3600.000000,4,26,26,GUROBI,1
1,Old,4,11.724138,13.500000,13.250499,35.155328,46.750000,46.750000,560.671871,562.168599,565.514424,606.280089,8283,617161,3600.000000,4,26,0,GUROBI,1
2,Old,4,11.724138,13.500000,11.769710,36.552650,46.750000,46.750000,666.489885,667.984033,676.192540,726.946981,7553,715999,3600.000000,4,18,0,GUROBI,1
3,Old,4,11.724138,13.500000,13.500000,35.055022,46.843750,46.843750,911.426327,914.315147,915.498178,967.471100,8137,601213,3600.000000,4,26,0,GUROBI,1
4,Old,4,11.724138,13.500000,12.814685,35.327791,46.750000,46.750000,1120.311442,1121.895202,1126.024088,1185.446841,8240,633641,3600.000000,4,19,0,GUROBI,1
5,Old,4,11.724138,13.078125,13.078125,39.642558,46.750000,46.750000,493.179555,496.072384,503.307682,547.415242,4551,438676,3600.000000,4,6,0,GUROBI,1
