instanceIndex,vpcGenerator,terms,lpBound,disjunctiveDualBound,lpBoundPostVpc,rootDualBound,dualBound,primalBound,vpcGenerationTime,rootDualBoundTime,bestSolutionTime,terminationTime,nodes,iterations,maxTime,actualTerms,numCuts,cutLimit,mipSolver,providePrimalBound
0,None,64,6637.188027,6637.188027,6637.188027,6714.074468,6741.543814,6742.200022,0.000003,0.757951,11.000992,15.544248,5375,85991,930.180000,0,0,0,GUROBI,1
1,None,64,6547.222539,6547.222539,6547.222539,6651.279812,6660.454962,6660.960020,0.000003,0.679518,2.108714,2.108870,483,8748,930.180000,0,0,0,GUROBI,1
2,None,64,6624.818749,6624.818749,6624.818749,6709.178496,6728.430011,6729.010020,0.000003,0.734007,6.252624,6.252797,1540,22945,930.180000,0,0,0,GUROBI,1
3,None,64,6612.863924,6612.863924,6612.863924,6695.270704,6719.052922,6719.700027,0.000003,0.647153,8.656546,9.984306,3148,51261,930.180000,0,0,0,GUROBI,1
4,None,64,6550.838481,6550.838481,6550.838481,6650.321308,6658.340004,6658.340004,0.000003,0.634996,1.486748,1.486901,237,4911,930.180000,0,0,0,GUROBI,1
5,None,64,6620.006207,6620.006207,6620.006207,6697.092786,6718.658367,6719.300013,0.000003,1.207157,13.660798,13.660969,4119,71229,930.180000,0,0,0,GUROBI,1
