instanceIndex,vpcGenerator,terms,lpBound,disjunctiveDualBound,lpBoundPostVpc,rootDualBound,dualBound,primalBound,vpcGenerationTime,rootDualBoundTime,bestSolutionTime,terminationTime,nodes,iterations,maxTime,actualTerms,numCuts,cutLimit,mipSolver,providePrimalBound
0,None,256,6637.188027,6637.188027,6637.188027,6714.074468,6741.543814,6742.200022,0.000002,0.770136,11.097675,15.067246,5375,85991,300.000000,0,0,0,GUROBI,1
1,None,256,6733.682025,6733.682025,6733.682025,6918.118962,6918.289966,10000000000000000159028911097599180468360808563945281389781327557747838772170381060813469985856815104.000000,0.000003,0.263690,0.000003,0.265824,1,886,300.000000,0,0,0,GUROBI,1
2,None,256,6754.681405,6754.681405,6754.681405,6839.006499,6845.413476,6845.989981,0.000002,0.342618,0.389131,0.398810,15,1025,300.000000,0,0,0,GUROBI,1
3,None,256,6894.795210,6894.795210,6894.795210,7042.551290,7060.962675,7061.650024,0.000003,0.476346,1.206379,1.206540,313,5499,300.000000,0,0,0,GUROBI,1
4,None,256,-992963.646913,-992963.646913,-992963.646913,-992822.416118,-992818.935339,-992765.670014,0.000004,0.358679,1.065966,1.066970,201,4598,300.000000,0,0,0,GUROBI,1
5,None,256,2006535.322919,2006535.322919,2006535.322919,2006615.538965,2006617.215635,2006778.560027,0.000002,0.426494,0.628243,0.628898,52,1743,300.000000,0,0,0,GUROBI,1
6,None,256,1007137.563960,1007137.563960,1007137.563960,1007493.129246,1007493.129995,1007493.129995,0.000003,0.168137,0.170087,0.170249,2,541,300.000000,0,0,0,GUROBI,1
