instanceIndex,vpcGenerator,terms,lpBound,disjunctiveDualBound,lpBoundPostVpc,rootDualBound,dualBound,primalBound,vpcGenerationTime,rootDualBoundTime,bestSolutionTime,terminationTime,nodes,iterations,maxTime,actualTerms,numCuts,cutLimit,mipSolver,providePrimalBound
0,New,16,6637.188027,6644.289771,6643.399606,6716.497950,6741.526574,6742.200022,96.493319,97.185662,111.676992,111.677158,4957,88370,3600.000000,16,38,38,GUROBI,1
1,New,16,6637.188027,6644.289771,6643.399606,6716.497950,6741.526574,6742.200022,95.518795,96.208796,110.665980,110.666142,4957,88370,3600.000000,16,38,38,GUROBI,1
2,New,16,6637.188027,6644.289771,6643.474141,6710.423837,6741.569107,6742.200022,93.847935,94.576199,106.154771,106.154933,3882,63680,3600.000000,16,38,38,GUROBI,1
