instanceIndex,vpcGenerator,terms,lpBound,disjunctiveDualBound,lpBoundPostVpc,rootDualBound,dualBound,primalBound,vpcGenerationTime,rootDualBoundTime,bestSolutionTime,terminationTime,nodes,iterations,maxTime,actualTerms,numCuts,cutLimit,mipSolver,providePrimalBound
0,New,64,7.043999,7.207007,7.043999,7.151794,7.598985,7.598985,33.591414,33.987805,37.523907,37.787602,1703,11670,43.610000,239,13,13,GUROBI,1
1,Farkas,64,7.094501,7.146221,7.094501,7.325268,7.768143,7.768697,4.083182,4.559233,10.768878,10.828258,8287,44746,43.610000,239,13,0,GUROBI,1
2,Farkas,64,6.171269,6.259258,6.171269,8.051267,9.017933,9.017933,4.701744,5.028103,6.949505,7.058910,1430,6244,43.610000,239,13,0,GUROBI,1
3,Farkas,64,6.523780,6.612728,6.523780,8.496139,9.225146,9.225146,4.446164,5.047490,6.408355,6.483225,1389,7067,43.610000,239,13,0,GUROBI,1
4,Farkas,64,6.732881,6.748070,6.732881,7.525990,7.934946,7.934946,4.049005,4.444457,5.493261,5.528505,1043,5589,43.610000,239,13,0,GUROBI,1
