instanceIndex,vpcGenerator,terms,lpBound,disjunctiveDualBound,lpBoundPostVpc,rootDualBound,dualBound,primalBound,vpcGenerationTime,rootDualBoundTime,bestSolutionTime,terminationTime,nodes,iterations,maxTime,actualTerms,numCuts,cutLimit,mipSolver,providePrimalBound
0,None,4,486.500000,486.500000,486.500000,506.000000,507.000000,507.000000,0.000002,0.428287,0.443782,0.516749,42,1910,3600.000000,0,0,0,GUROBI,1
1,None,4,445.711043,445.711043,445.711043,504.500000,507.000000,508.000000,0.000003,0.352046,0.472852,0.541295,205,2940,3600.000000,0,0,0,GUROBI,1
2,None,4,485.536788,485.536788,485.536788,495.000000,507.000000,507.000000,0.000002,0.293283,0.436855,0.457056,286,2470,3600.000000,0,0,0,GUROBI,1
3,None,4,457.359749,457.359749,457.359749,504.333333,507.000000,507.000000,0.000002,0.680794,0.751226,0.751334,156,3760,3600.000000,0,0,0,GUROBI,1
4,None,4,384.320087,384.320087,384.320087,499.666667,510.000000,514.000000,0.000003,0.395010,0.426478,0.427016,60,793,3600.000000,0,0,0,GUROBI,1
