instanceIndex,vpcGenerator,terms,lpBound,disjunctiveDualBound,lpBoundPostVpc,rootDualBound,dualBound,primalBound,vpcGenerationTime,rootDualBoundTime,bestSolutionTime,terminationTime,nodes,iterations,maxTime,actualTerms,numCuts,cutLimit,mipSolver,providePrimalBound
0,New,4,-2451537.325024,-2451451.740777,-2451453.736606,-2451451.906380,-2451431.671897,-2451346.000000,18.299007,19.512277,40.658352,40.660885,5929,22530,3600.000000,4,2,2,GUROBI,1
1,New,4,-2451556.765758,-2451475.405300,-2451479.270563,-2451475.908192,-2451450.716998,-2451344.000000,27.987931,29.177050,69.332205,69.335097,4702,23391,3600.000000,6,2,2,GUROBI,1
2,New,4,-2451558.918891,-2451485.952668,-2451490.676750,-2451488.531353,-2451459.372863,-2451273.000000,26.048207,27.262910,64.742850,64.745227,4076,15522,3600.000000,6,2,2,GUROBI,1
3,New,4,-2451520.780467,-2451432.331359,-2451436.759115,-2451433.496137,-2451414.094604,-2451303.000000,18.663354,19.885478,63.954568,63.958521,4674,27792,3600.000000,4,2,2,GUROBI,1
4,New,4,-2451541.230973,-2451449.969030,-2451452.407432,-2451451.646219,-2451436.090606,-2451207.000000,26.202506,27.339257,52.588032,52.591018,3918,22886,3600.000000,6,2,2,GUROBI,1
5,New,4,-2451485.616183,-2451400.895089,-2451402.307982,-2451401.424704,-2451378.241826,-2451293.000000,17.855588,19.046406,87.608266,87.614985,9596,71020,3600.000000,4,2,2,GUROBI,1
