instanceIndex,vpcGenerator,terms,lpBound,disjunctiveDualBound,lpBoundPostVpc,rootDualBound,dualBound,primalBound,vpcGenerationTime,rootDualBoundTime,bestSolutionTime,terminationTime,nodes,iterations,maxTime,actualTerms,numCuts,cutLimit,mipSolver,providePrimalBound
0,New,4,-21.433796,-21.433765,-21.433780,-21.433102,-21.400407,-21.400407,1.940706,2.430616,2.748532,2.748631,92,1159,3600.000000,4,19,47,GUROBI,1
1,Farkas,4,-21.482936,-21.482861,-21.482936,-20.751022,-20.751022,-20.751022,0.189363,0.422794,0.475407,0.475708,19,454,3600.000000,4,19,0,GUROBI,1
2,Farkas,4,-21.347275,-21.347275,-21.347275,-13.298610,-13.298321,-13.298321,0.338859,0.846309,0.890532,0.890854,29,803,3600.000000,4,19,0,GUROBI,1
3,Farkas,4,-25.038767,-25.038767,-25.038767,-19.257109,-18.085937,-18.085937,0.269449,0.721036,0.754532,0.755433,20,527,3600.000000,4,19,0,GUROBI,1
4,Farkas,4,-23.955973,-23.955881,-23.955973,-23.898649,-23.898450,-23.898450,0.322021,0.670282,0.732106,0.732202,25,415,3600.000000,4,19,0,GUROBI,1
