instanceIndex,vpcGenerator,terms,lpBound,disjunctiveDualBound,lpBoundPostVpc,rootDualBound,dualBound,primalBound,vpcGenerationTime,rootDualBoundTime,bestSolutionTime,terminationTime,nodes,iterations,maxTime,actualTerms,numCuts,cutLimit,mipSolver,providePrimalBound
0,New,16,20161515.663929,20794193.703036,20496623.159171,22097140.155698,24666382.950499,25251984.080000,591.013701,593.074212,3096.383099,4191.019518,48956,8809632,3600.000000,39,56,56,GUROBI,1
1,Farkas,16,16377061.056615,16647932.295709,16377061.056615,18546150.143325,21092054.704630,21093881.277132,16.400406,18.364025,3575.410254,3575.410734,51595,8091212,3600.000000,39,56,0,GUROBI,1
2,Farkas,16,18695137.375812,19089964.568102,18695137.375812,20880375.007067,22777377.547416,23544651.954968,16.627648,18.777481,3616.631795,3616.632176,37028,7141798,3600.000000,39,56,0,GUROBI,1
3,Farkas,16,19713104.163895,20106149.750958,19713104.163895,21492765.758583,23301751.466519,24238706.806567,12.339395,14.655405,3612.342927,3612.346773,35656,7109153,3600.000000,39,56,0,GUROBI,1
4,Farkas,16,19254440.829418,19653580.773426,19254440.829418,21262226.601506,23339423.901190,23813802.867063,16.178374,17.965738,3616.181970,3616.182381,42557,8361238,3600.000000,39,56,0,GUROBI,1
5,Farkas,16,16166233.489650,16569735.128569,16166233.489650,18167108.533391,19965499.212317,20452640.747250,19.237523,21.309800,128.327841,3619.241379,51519,7532762,3600.000000,39,56,0,GUROBI,1
