instanceIndex,vpcGenerator,terms,lpBound,disjunctiveDualBound,lpBoundPostVpc,rootDualBound,dualBound,primalBound,vpcGenerationTime,rootDualBoundTime,bestSolutionTime,terminationTime,nodes,iterations,maxTime,actualTerms,numCuts,cutLimit,mipSolver,providePrimalBound
0,New,16,20161515.663929,20794193.703036,20496623.159171,22097140.155698,24672511.145714,25251984.080000,585.287268,587.354823,3037.359927,4185.292458,49866,8978202,3600.000000,39,56,56,GUROBI,1
1,New,16,20129852.409666,20731832.879537,20493425.897271,21884772.808828,24732599.265760,25039104.860000,557.443972,559.338446,2719.187317,4157.448997,58225,8943008,3600.000000,43,56,56,GUROBI,1
2,New,16,20194663.371224,20783430.041323,20479226.900485,22052667.783056,24764565.675398,25108133.060000,569.043157,571.409779,3459.777253,4169.047753,77490,10583238,3600.000000,36,56,56,GUROBI,1
3,New,16,20053362.243429,20779668.951782,20370611.885710,21944484.374248,24666121.198592,24998189.620000,590.688309,592.621655,1656.783713,4190.697332,60896,8927335,3600.000000,37,56,56,GUROBI,1
4,New,16,20106637.033363,20737253.089421,20465801.273323,21983410.881903,24604637.492024,25060692.020000,583.977740,586.000765,3724.872970,4183.982328,59411,8879684,3600.000000,43,56,56,GUROBI,1
5,New,16,20007413.800304,20676907.785850,20257010.055617,21873232.841857,24563271.435191,24918890.880000,576.420641,578.927777,3893.705059,4176.424490,55180,8773618,3600.000000,39,56,56,GUROBI,1
