instanceIndex,vpcGenerator,terms,lpBound,disjunctiveDualBound,lpBoundPostVpc,rootDualBound,dualBound,primalBound,vpcGenerationTime,rootDualBoundTime,bestSolutionTime,terminationTime,nodes,iterations,maxTime,actualTerms,numCuts,cutLimit,mipSolver,providePrimalBound
0,New,16,17.142857,17.372881,17.371222,17.600000,20.000000,20.000000,821.961228,824.043474,832.174311,836.474261,645,36993,28800.000000,16,1,120,GUROBI,1
1,New,16,17.482422,17.676663,17.670865,17.662059,20.000000,20.000000,2443.762736,2446.131860,2447.740969,5885.679921,275091,11299711,28800.000000,16,102,102,GUROBI,1
2,New,16,17.366713,17.571646,17.565016,17.557244,20.000000,20.000000,2506.002361,2509.306256,2516.188192,6096.041729,309330,15192870,28800.000000,16,108,108,GUROBI,1
3,New,16,17.381244,17.518460,17.513068,17.501617,20.000000,20.000000,2320.410748,2323.737058,2326.972399,6213.424818,339188,16043268,28800.000000,16,103,103,GUROBI,1
4,New,16,17.611272,17.768522,17.765061,17.761173,20.000000,20.000000,2075.992026,2079.137555,2081.800809,5124.452727,266914,12849145,28800.000000,16,88,88,GUROBI,1
5,New,16,17.400233,17.565499,17.558797,17.551560,20.000000,20.000000,2297.497411,2300.095086,2423.506555,4310.993015,210071,10222153,28800.000000,16,103,103,GUROBI,1
6,New,16,17.455116,17.589020,17.585762,17.584031,20.000000,20.000000,514.496292,517.408009,520.077778,3270.120114,291593,13901694,28800.000000,16,97,97,GUROBI,1
7,New,16,17.207766,17.418367,17.415118,17.414837,20.000000,20.000000,1469.204790,1471.961228,9401.067162,9401.067418,728809,37785310,28800.000000,16,113,113,GUROBI,1
