instanceIndex,vpcGenerator,terms,lpBound,disjunctiveDualBound,lpBoundPostVpc,rootDualBound,dualBound,primalBound,vpcGenerationTime,rootDualBoundTime,bestSolutionTime,terminationTime,nodes,iterations,maxTime,actualTerms,numCuts,cutLimit,mipSolver,providePrimalBound
0,New,64,17.142857,17.447368,17.447368,17.600000,20.000000,20.000000,994.319109,996.330965,1002.013505,1004.956720,645,37231,39600.000000,64,1,120,GUROBI,1
1,Farkas,64,17.142857,17.447368,17.447368,17.816451,20.000000,20.000000,23.299232,26.869984,28.842041,76.027059,1686,152878,39600.000000,64,1,0,GUROBI,1
2,Farkas,64,17.142857,17.447368,17.368467,17.383676,20.000000,20.000000,16.329668,19.480294,408.218913,408.219103,26209,1384150,39600.000000,64,1,0,GUROBI,1
3,Farkas,64,17.142857,17.447368,17.447368,17.600000,20.000000,20.000000,23.678495,25.171911,30.414107,32.283195,645,37198,39600.000000,64,1,0,GUROBI,1
4,Farkas,64,17.142857,17.447368,17.447368,17.600000,20.000000,20.000000,24.241293,26.035050,32.023176,34.962671,645,37198,39600.000000,64,1,0,GUROBI,1
5,Farkas,64,17.142857,17.447368,17.447368,17.704902,20.000000,20.000000,15.652022,18.190726,19.211947,115.893963,7083,364462,39600.000000,64,1,0,GUROBI,1
6,Farkas,64,17.142857,17.447368,17.447368,17.600000,20.000000,20.000000,23.974049,25.707012,31.310032,33.896300,645,37198,39600.000000,64,1,0,GUROBI,1
