instanceIndex,vpcGenerator,terms,lpBound,disjunctiveDualBound,lpBoundPostVpc,rootDualBound,dualBound,primalBound,vpcGenerationTime,rootDualBoundTime,bestSolutionTime,terminationTime,nodes,iterations,maxTime,actualTerms,numCuts,cutLimit,mipSolver,providePrimalBound
0,None,4,27467.257235,27467.257235,27467.257235,34851.910688,38752.000000,38752.000000,0.000002,0.355657,597.978346,988.789068,168984,5238488,1302.000000,0,0,0,GUROBI,1
1,None,4,27790.739550,27790.739550,27790.739550,34520.222928,38215.693153,38219.500000,0.000003,0.395768,590.616482,629.379194,109158,3432989,1302.000000,0,0,0,GUROBI,1
2,None,4,26928.763666,26928.763666,26928.763666,34129.703120,36743.330434,36747.000000,0.000003,0.349040,151.660614,170.610369,25065,921792,1302.000000,0,0,0,GUROBI,1
3,None,4,27373.110932,27373.110932,27373.110932,34009.562844,37770.255518,37774.000000,0.000003,0.352365,265.097936,446.101801,68872,2335219,1302.000000,0,0,0,GUROBI,1
4,None,4,27540.901929,27540.901929,27540.901929,34992.787764,37992.201082,37996.000000,0.000002,0.454064,186.898926,186.899059,28719,1015626,1302.000000,0,0,0,GUROBI,1
5,None,4,28838.328778,28838.328778,28838.328778,36497.654785,39400.689082,39404.500000,0.000002,0.411702,324.042261,324.042516,43346,1689365,1302.000000,0,0,0,GUROBI,1
