instanceIndex,vpcGenerator,terms,lpBound,disjunctiveDualBound,lpBoundPostVpc,rootDualBound,dualBound,primalBound,vpcGenerationTime,rootDualBoundTime,bestSolutionTime,terminationTime,nodes,iterations,maxTime,actualTerms,numCuts,cutLimit,mipSolver,providePrimalBound
0,New,64,27467.257235,31241.672876,30400.180041,34847.600553,38752.000000,38796.000000,391.755228,392.203472,1048.937001,1526.004041,196714,5655071,6846.200000,64,45,45,GUROBI,1
1,Old,64,26384.045016,28438.443056,28201.881183,32826.012960,35210.838680,35214.000000,70.457528,70.831984,137.911500,140.095785,12357,428560,6846.200000,64,38,0,GUROBI,1
2,Old,64,26973.178457,29162.828856,28777.291096,33439.792967,36314.386864,36318.000000,90.042486,90.478212,227.464578,227.464712,26251,763911,6846.200000,64,38,0,GUROBI,1
3,Old,64,27065.026527,29719.915019,29272.717855,33125.085271,35815.496376,35819.000000,113.846033,114.282175,184.510786,204.499854,24664,580986,6846.200000,64,41,0,GUROBI,1
4,Old,64,25916.288585,27579.061493,27228.928633,31852.683561,35369.585495,35373.000000,71.567195,72.083096,199.897818,236.233388,36967,1218269,6846.200000,64,36,0,GUROBI,1
