instanceIndex,vpcGenerator,terms,lpBound,disjunctiveDualBound,lpBoundPostVpc,rootDualBound,dualBound,primalBound,vpcGenerationTime,rootDualBoundTime,bestSolutionTime,terminationTime,nodes,iterations,maxTime,actualTerms,numCuts,cutLimit,mipSolver,providePrimalBound
0,New,4,511.617840,531.141768,525.643612,567.481578,568.100700,10000000000000000159028911097599180468360808563945281389781327557747838772170381060813469985856815104.000000,0.096891,0.111748,0.096891,0.112090,1,45,300.000000,4,4,8,GUROBI,1
1,New,4,500.622915,523.726006,513.680831,569.359625,571.052540,10000000000000000159028911097599180468360808563945281389781327557747838772170381060813469985856815104.000000,0.089923,0.100305,0.089923,0.100733,1,41,300.000000,6,2,9,GUROBI,1
2,New,4,499.134639,511.804639,511.804639,554.789589,555.430700,10000000000000000159028911097599180468360808563945281389781327557747838772170381060813469985856815104.000000,0.098134,0.108954,0.098134,0.109503,1,40,300.000000,6,3,8,GUROBI,1
3,New,4,513.992004,539.494970,514.689015,590.050213,590.920820,10000000000000000159028911097599180468360808563945281389781327557747838772170381060813469985856815104.000000,0.079909,0.094374,0.079909,0.094947,1,45,300.000000,7,1,10,GUROBI,1
4,New,4,511.081844,531.846722,525.817656,567.641525,568.100700,10000000000000000159028911097599180468360808563945281389781327557747838772170381060813469985856815104.000000,0.098221,0.104372,0.098221,0.104693,1,43,300.000000,6,3,9,GUROBI,1
5,New,4,511.627664,532.613281,519.566790,568.100700,568.100700,10000000000000000159028911097599180468360808563945281389781327557747838772170381060813469985856815104.000000,0.076310,0.080868,0.076310,0.081507,1,36,300.000000,5,2,8,GUROBI,1
