instanceIndex,vpcGenerator,terms,lpBound,disjunctiveDualBound,lpBoundPostVpc,rootDualBound,dualBound,primalBound,vpcGenerationTime,rootDualBoundTime,bestSolutionTime,terminationTime,nodes,iterations,maxTime,actualTerms,numCuts,cutLimit,mipSolver,providePrimalBound
0,New,4,811.278996,812.338958,812.232016,811.927495,934.007916,934.007916,309.075882,309.549587,326.672259,326.673084,4165,48848,140.000000,4,14,30,GUROBI,1
1,Old,4,811.203295,811.931356,811.751649,811.751649,933.955511,934.007916,141.343456,141.791551,186.626223,186.627034,7474,82660,140.000000,4,12,0,GUROBI,1
2,Old,4,811.616762,812.798099,812.798099,812.680698,934.007916,934.007916,143.896699,144.347929,151.661231,168.559780,4879,62130,140.000000,4,12,0,GUROBI,1
3,Old,4,811.572941,812.396235,811.824303,811.824303,933.007916,933.007916,147.124298,147.542029,183.012441,183.013227,6699,78268,140.000000,4,15,0,GUROBI,1
4,Old,4,811.322926,812.352090,812.335998,812.321461,934.007916,934.007916,145.856277,146.324409,180.441420,183.704917,6522,79807,140.000000,4,15,0,GUROBI,1
5,Old,4,811.732383,812.387992,812.379348,812.318516,932.952912,933.007916,141.741255,142.205006,169.951116,172.688624,5643,69641,140.000000,4,15,0,GUROBI,1
