instanceIndex,vpcGenerator,terms,lpBound,disjunctiveDualBound,lpBoundPostVpc,rootDualBound,dualBound,primalBound,vpcGenerationTime,rootDualBoundTime,bestSolutionTime,terminationTime,nodes,iterations,maxTime,actualTerms,numCuts,cutLimit,mipSolver,providePrimalBound
0,None,64,811.278996,811.278996,811.278996,811.278996,933.983287,934.007916,0.000005,0.366899,43.892435,43.893265,7082,82452,3600.000000,0,0,0,GUROBI,1
1,None,64,811.278996,811.278996,811.278996,811.278996,934.007916,934.007916,0.000003,0.333414,35.857712,36.476968,7943,88949,3600.000000,0,0,0,GUROBI,1
2,None,64,811.278996,811.278996,811.278996,811.278996,933.986383,934.007916,0.000003,0.348188,32.784087,34.096994,7116,87103,3600.000000,0,0,0,GUROBI,1
3,None,64,811.278996,811.278996,811.278996,811.278996,934.007916,934.007916,0.000004,0.350728,42.169941,42.170754,7246,84207,3600.000000,0,0,0,GUROBI,1
4,None,64,811.170154,811.170154,811.170154,811.278996,934.007916,934.007916,0.000003,0.350003,26.851105,29.203377,5863,68008,3600.000000,0,0,0,GUROBI,1
5,None,64,811.278996,811.278996,811.278996,811.278996,934.007916,934.007916,0.000004,0.327287,25.515076,29.360172,6195,71315,3600.000000,0,0,0,GUROBI,1
