instanceIndex,vpcGenerator,terms,lpBound,disjunctiveDualBound,lpBoundPostVpc,rootDualBound,dualBound,primalBound,vpcGenerationTime,rootDualBoundTime,bestSolutionTime,terminationTime,nodes,iterations,maxTime,actualTerms,numCuts,cutLimit,mipSolver,providePrimalBound
0,None,64,811.278996,811.278996,811.278996,811.278996,933.983287,934.007916,0.000004,0.351676,43.323619,43.324463,7082,82452,370.000000,0,0,0,GUROBI,1
1,None,64,811.203295,811.203295,811.203295,811.203295,934.007916,934.007916,0.000004,0.341631,17.744382,24.307381,4627,56476,370.000000,0,0,0,GUROBI,1
2,None,64,811.616762,811.616762,811.616762,811.616762,934.007916,934.007916,0.000003,0.320772,19.162435,24.990980,5873,70274,370.000000,0,0,0,GUROBI,1
3,None,64,811.572941,811.572941,811.572941,811.572941,932.995110,933.007916,0.000004,0.315912,19.733457,19.734299,3971,48721,370.000000,0,0,0,GUROBI,1
4,None,64,811.322926,811.322926,811.322926,811.322926,934.007916,934.007916,0.000003,0.338959,29.298504,29.299330,6152,74576,370.000000,0,0,0,GUROBI,1
5,None,64,811.732383,811.732383,811.732383,811.732383,933.007916,933.007916,0.000003,0.318969,22.061971,26.744206,5360,64491,370.000000,0,0,0,GUROBI,1
