instanceIndex,vpcGenerator,terms,lpBound,disjunctiveDualBound,lpBoundPostVpc,rootDualBound,dualBound,primalBound,vpcGenerationTime,rootDualBoundTime,bestSolutionTime,terminationTime,nodes,iterations,maxTime,actualTerms,numCuts,cutLimit,mipSolver,providePrimalBound
0,New,4,1075.247691,1077.626471,1075.952203,1092.293788,1102.762189,10000000000000000159028911097599180468360808563945281389781327557747838772170381060813469985856815104.000000,471.282832,472.130603,471.282832,472.284230,1,1188,300.000000,4,28,89,GUROBI,1
1,New,4,1074.607748,1079.624878,1076.321109,1090.789002,1102.558524,10000000000000000159028911097599180468360808563945281389781327557747838772170381060813469985856815104.000000,617.042081,617.915797,617.042081,618.043542,1,1055,300.000000,4,68,88,GUROBI,1
