instanceIndex,vpcGenerator,terms,lpBound,disjunctiveDualBound,lpBoundPostVpc,rootDualBound,dualBound,primalBound,vpcGenerationTime,rootDualBoundTime,bestSolutionTime,terminationTime,nodes,iterations,maxTime,actualTerms,numCuts,cutLimit,mipSolver,providePrimalBound
0,New,16,0.000000,0.000000,0.000000,10000000000000000159028911097599180468360808563945281389781327557747838772170381060813469985856815104.000000,-0.000000,10000000000000000159028911097599180468360808563945281389781327557747838772170381060813469985856815104.000000,4.364401,4.367164,4.364401,4.367164,0,0,3600.000000,142,6,6,GUROBI,1
1,Farkas,16,-0.500000,-0.500000,-0.500000,-0.500000,-0.250000,-0.250000,0.882495,0.958207,1.065721,1.066036,382,2519,3600.000000,142,6,0,GUROBI,1
2,Farkas,16,0.000000,0.000000,0.000000,10000000000000000159028911097599180468360808563945281389781327557747838772170381060813469985856815104.000000,-0.000000,10000000000000000159028911097599180468360808563945281389781327557747838772170381060813469985856815104.000000,0.895740,0.898321,0.895740,0.898321,0,0,3600.000000,142,6,0,GUROBI,1
3,Farkas,16,-0.250000,-0.250000,-0.250000,-0.250000,-0.250000,-0.250000,0.876511,0.904106,0.968755,0.969037,244,1548,3600.000000,142,6,0,GUROBI,1
4,Farkas,16,-0.250000,-0.250000,-0.250000,-0.250000,0.000000,0.000000,0.922513,0.954489,1.319747,1.413920,751,4351,3600.000000,142,6,0,GUROBI,1
5,Farkas,16,-0.500000,-0.500000,-0.500000,-0.500000,0.000000,0.000000,0.861115,0.909309,1.024375,1.024445,229,1648,3600.000000,142,6,0,GUROBI,1
6,Farkas,16,-0.250000,-0.250000,-0.250000,-0.250000,-0.000000,10000000000000000159028911097599180468360808563945281389781327557747838772170381060813469985856815104.000000,0.848948,0.900128,0.848948,1.054723,272,1916,3600.000000,142,6,0,GUROBI,1
