instanceIndex,vpcGenerator,terms,lpBound,disjunctiveDualBound,lpBoundPostVpc,rootDualBound,dualBound,primalBound,vpcGenerationTime,rootDualBoundTime,bestSolutionTime,terminationTime,nodes,iterations,maxTime,actualTerms,numCuts,cutLimit,mipSolver,providePrimalBound
0,New,4,0.000000,0.000000,0.000000,10000000000000000159028911097599180468360808563945281389781327557747838772170381060813469985856815104.000000,-0.000000,10000000000000000159028911097599180468360808563945281389781327557747838772170381060813469985856815104.000000,0.518263,0.520914,0.518263,0.520914,0,0,36000.000000,4,6,6,GUROBI,1
1,New,4,0.000000,0.000000,0.000000,10000000000000000159028911097599180468360808563945281389781327557747838772170381060813469985856815104.000000,0.000000,10000000000000000159028911097599180468360808563945281389781327557747838772170381060813469985856815104.000000,0.860861,0.864607,0.860861,0.864607,0,0,36000.000000,16,11,12,GUROBI,1
2,New,4,0.000000,0.000000,0.000000,10000000000000000159028911097599180468360808563945281389781327557747838772170381060813469985856815104.000000,0.000000,10000000000000000159028911097599180468360808563945281389781327557747838772170381060813469985856815104.000000,0.685976,0.689377,0.685976,0.689377,0,0,36000.000000,36,4,15,GUROBI,1
3,New,4,0.000000,0.000000,0.000000,10000000000000000159028911097599180468360808563945281389781327557747838772170381060813469985856815104.000000,0.000000,10000000000000000159028911097599180468360808563945281389781327557747838772170381060813469985856815104.000000,0.205192,0.207899,0.205192,0.207899,0,0,36000.000000,7,1,17,GUROBI,1
4,New,4,0.000000,0.000000,0.000000,0.000000,1.000000,1.000000,0.947140,0.987916,1.818448,2.144418,1261,7943,36000.000000,15,13,13,GUROBI,1
