instanceIndex,vpcGenerator,terms,lpBound,disjunctiveDualBound,lpBoundPostVpc,rootDualBound,dualBound,primalBound,vpcGenerationTime,rootDualBoundTime,bestSolutionTime,terminationTime,nodes,iterations,maxTime,actualTerms,numCuts,cutLimit,mipSolver,providePrimalBound
0,New,64,28427.048405,31936.399273,29093.435881,58770.546299,65887.000000,65887.000000,29.038215,29.765670,38.584325,38.585738,631,19435,3600.000000,131,3,134,GUROBI,1
1,Farkas,64,26651.819894,29525.148902,27257.479488,51820.946996,56489.000000,56489.000000,4.934752,5.738637,10.143936,10.144067,600,11680,3600.000000,131,3,0,GUROBI,1
2,Farkas,64,26052.467029,28623.414262,26735.296920,51469.769914,57635.859405,62349.000000,5.804956,6.368392,6.683546,13.465417,649,13752,3600.000000,131,3,0,GUROBI,1
3,Farkas,64,21920.537963,23335.580249,22127.971544,41242.550109,44306.403542,44998.694444,5.721812,6.187325,9.983550,10.072508,600,7300,3600.000000,131,3,0,GUROBI,1
4,Farkas,64,25874.398574,28261.535264,26170.257254,50749.543218,54906.500000,55226.500000,5.063757,5.747361,15.430171,15.439037,680,14198,3600.000000,131,3,0,GUROBI,1
