instanceIndex,vpcGenerator,terms,lpBound,disjunctiveDualBound,lpBoundPostVpc,rootDualBound,dualBound,primalBound,vpcGenerationTime,rootDualBoundTime,bestSolutionTime,terminationTime,nodes,iterations,maxTime,actualTerms,numCuts,cutLimit,mipSolver,providePrimalBound
0,None,16,28427.048405,28427.048405,28427.048405,59018.852868,65887.000000,65887.000000,0.000003,0.821507,7.306453,7.306580,615,16364,3600.000000,0,0,0,GUROBI,1
1,None,16,28426.901660,28426.901660,28426.901660,58309.303427,65693.371086,65696.000000,0.000002,0.810829,9.717389,9.718101,644,19571,3600.000000,0,0,0,GUROBI,1
2,None,16,27681.303666,27681.303666,27681.303666,56326.456505,64574.766792,64581.000000,0.000002,0.805967,21.495755,21.495908,5313,79223,3600.000000,0,0,0,GUROBI,1
3,None,16,28056.346101,28056.346101,28056.346101,57046.124159,65511.000000,65511.000000,0.000003,0.701400,8.483105,8.484492,632,17926,3600.000000,0,0,0,GUROBI,1
4,None,16,28329.395974,28329.395974,28329.395974,57780.635883,65655.000000,74225.000000,0.000003,0.815860,1.438285,9.100974,646,19210,3600.000000,0,0,0,GUROBI,1
