instanceIndex,vpcGenerator,terms,lpBound,disjunctiveDualBound,lpBoundPostVpc,rootDualBound,dualBound,primalBound,vpcGenerationTime,rootDualBoundTime,bestSolutionTime,terminationTime,nodes,iterations,maxTime,actualTerms,numCuts,cutLimit,mipSolver,providePrimalBound
0,None,64,28427.048405,28427.048405,28427.048405,59018.852868,65887.000000,65887.000000,0.000037,0.803875,7.311761,7.311893,615,16364,3600.000000,0,0,0,GUROBI,1
1,None,64,13006.632333,13006.632333,13006.632333,42267.925476,42382.917701,10000000000000000159028911097599180468360808563945281389781327557747838772170381060813469985856815104.000000,0.000002,0.109014,0.000002,0.110895,3,416,3600.000000,0,0,0,GUROBI,1
2,None,64,20788.834642,20788.834642,20788.834642,35591.674539,36516.916667,36516.916667,0.000002,0.265269,0.292335,0.308891,46,1186,3600.000000,0,0,0,GUROBI,1
