instanceIndex,vpcGenerator,terms,lpBound,disjunctiveDualBound,lpBoundPostVpc,rootDualBound,dualBound,primalBound,vpcGenerationTime,rootDualBoundTime,bestSolutionTime,terminationTime,nodes,iterations,maxTime,actualTerms,numCuts,cutLimit,mipSolver,providePrimalBound
0,New,64,28427.048405,31936.399273,29093.435881,58770.546299,65887.000000,65887.000000,29.028975,29.746410,38.452406,38.453686,631,19435,300.000000,131,3,134,GUROBI,1
1,Old,64,28450.020254,31959.371123,29116.407731,59731.698871,66296.000000,66296.000000,14.563135,15.341225,22.353719,22.353847,617,17473,300.000000,131,3,0,GUROBI,1
2,Old,64,28434.418213,31943.769082,29007.303653,64209.955934,71449.000000,71449.000000,10.825460,11.695919,20.880597,20.886826,673,20306,300.000000,131,4,0,GUROBI,1
3,Old,64,28441.557096,31950.907965,28798.262427,67436.274198,74308.271164,81453.000000,14.591536,15.319208,16.109073,21.771552,613,17460,300.000000,131,6,0,GUROBI,1
4,Old,64,28430.511689,31939.862558,29096.899166,65488.735247,72248.000000,72248.000000,14.622156,15.440440,24.466637,24.470726,668,20209,300.000000,131,3,0,GUROBI,1
5,Old,64,28450.921012,31964.132876,29117.102125,58778.211459,65919.375689,65925.000000,14.564763,15.382493,24.912840,24.913550,647,19805,300.000000,131,3,0,GUROBI,1
