instanceIndex,vpcGenerator,terms,lpBound,disjunctiveDualBound,lpBoundPostVpc,rootDualBound,dualBound,primalBound,vpcGenerationTime,rootDualBoundTime,bestSolutionTime,terminationTime,nodes,iterations,maxTime,actualTerms,numCuts,cutLimit,mipSolver,providePrimalBound
0,None,4,28427.048405,28427.048405,28427.048405,59018.852868,65887.000000,65887.000000,0.000002,0.814110,7.268795,7.268922,615,16364,20.000000,0,0,0,GUROBI,1
1,None,4,22293.261278,22293.261278,22293.261278,39863.925521,41594.870990,41613.266667,0.000003,0.353054,0.621338,0.649098,298,2536,20.000000,0,0,0,GUROBI,1
2,None,4,17152.564078,17152.564078,17152.564078,28469.864095,29474.341667,29474.341667,0.000002,0.266566,0.294626,0.294751,39,972,20.000000,0,0,0,GUROBI,1
3,None,4,23959.742548,23959.742548,23959.742548,45039.522342,49468.916667,50826.916667,0.000003,0.480758,0.814987,7.193272,651,10705,20.000000,0,0,0,GUROBI,1
4,None,4,24688.719858,24688.719858,24688.719858,44047.753643,48139.833333,48139.833333,0.000003,0.388780,0.831152,2.377682,570,7244,20.000000,0,0,0,GUROBI,1
