instanceIndex,vpcGenerator,terms,lpBound,disjunctiveDualBound,lpBoundPostVpc,rootDualBound,dualBound,primalBound,vpcGenerationTime,rootDualBoundTime,bestSolutionTime,terminationTime,nodes,iterations,maxTime,actualTerms,numCuts,cutLimit,mipSolver,providePrimalBound
0,None,16,86570.120867,86570.120867,86570.120867,86675.749758,86679.000000,10000000000000000159028911097599180468360808563945281389781327557747838772170381060813469985856815104.000000,0.000002,0.136110,0.000002,0.138592,1,1145,3600.000000,0,0,0,GUROBI,1
1,None,16,86567.997741,86567.997741,86567.997741,86671.882063,86679.000000,10000000000000000159028911097599180468360808563945281389781327557747838772170381060813469985856815104.000000,0.000003,0.153980,0.000003,0.162160,1,1368,3600.000000,0,0,0,GUROBI,1
2,None,16,86567.914193,86567.914193,86567.914193,86675.684546,86679.000000,10000000000000000159028911097599180468360808563945281389781327557747838772170381060813469985856815104.000000,0.000002,0.137312,0.000002,0.139745,1,1175,3600.000000,0,0,0,GUROBI,1
