instanceIndex,vpcGenerator,terms,lpBound,disjunctiveDualBound,lpBoundPostVpc,rootDualBound,dualBound,primalBound,vpcGenerationTime,rootDualBoundTime,bestSolutionTime,terminationTime,nodes,iterations,maxTime,actualTerms,numCuts,cutLimit,mipSolver,providePrimalBound
0,New,16,82274.237434,82275.502419,82274.390302,82304.297998,82307.000000,10000000000000000159028911097599180468360808563945281389781327557747838772170381060813469985856815104.000000,88.836830,88.907407,88.836830,88.914951,1,498,66.420000,16,7,29,GUROBI,1
