instanceIndex,vpcGenerator,terms,lpBound,disjunctiveDualBound,lpBoundPostVpc,rootDualBound,dualBound,primalBound,vpcGenerationTime,rootDualBoundTime,bestSolutionTime,terminationTime,nodes,iterations,maxTime,actualTerms,numCuts,cutLimit,mipSolver,providePrimalBound
0,New,4,86570.120867,86573.017800,86571.468891,86675.466279,86679.000000,10000000000000000159028911097599180468360808563945281389781327557747838772170381060813469985856815104.000000,79.716947,79.893560,79.716947,79.896037,1,1013,3600.000000,5,66,66,GUROBI,1
1,Old,4,86567.997741,86570.964430,86569.567387,86677.186875,86679.000000,10000000000000000159028911097599180468360808563945281389781327557747838772170381060813469985856815104.000000,30.059673,30.249427,30.059673,30.251874,1,1234,3600.000000,5,65,0,GUROBI,1
2,Old,4,86567.914193,86570.870477,86569.552086,86675.514623,86679.000000,10000000000000000159028911097599180468360808563945281389781327557747838772170381060813469985856815104.000000,26.679493,26.854684,26.679493,26.858378,1,1070,3600.000000,5,64,0,GUROBI,1
