instanceIndex,vpcGenerator,terms,lpBound,disjunctiveDualBound,lpBoundPostVpc,rootDualBound,dualBound,primalBound,vpcGenerationTime,rootDualBoundTime,bestSolutionTime,terminationTime,nodes,iterations,maxTime,actualTerms,numCuts,cutLimit,mipSolver,providePrimalBound
0,New,16,82274.237434,82275.502419,82274.390302,82304.297998,82307.000000,10000000000000000159028911097599180468360808563945281389781327557747838772170381060813469985856815104.000000,278.319882,278.400633,278.319882,278.408336,1,498,3600.000000,16,29,29,GUROBI,1
1,Old,16,82272.198411,82273.472939,82272.347262,82302.735375,82307.000000,10000000000000000159028911097599180468360808563945281389781327557747838772170381060813469985856815104.000000,208.491856,208.584090,208.491856,208.589662,1,498,3600.000000,16,31,0,GUROBI,1
2,Old,16,82271.037080,82272.436423,82272.179024,82302.957360,82307.000000,10000000000000000159028911097599180468360808563945281389781327557747838772170381060813469985856815104.000000,194.409985,194.502862,194.409985,194.505199,1,513,3600.000000,16,28,0,GUROBI,1
3,Old,16,82272.134526,82273.464888,82272.758512,82305.795023,82307.000000,10000000000000000159028911097599180468360808563945281389781327557747838772170381060813469985856815104.000000,171.374763,171.487406,171.374763,171.492338,1,538,3600.000000,16,29,0,GUROBI,1
