instanceIndex,vpcGenerator,terms,lpBound,disjunctiveDualBound,lpBoundPostVpc,rootDualBound,dualBound,primalBound,vpcGenerationTime,rootDualBoundTime,bestSolutionTime,terminationTime,nodes,iterations,maxTime,actualTerms,numCuts,cutLimit,mipSolver,providePrimalBound
0,New,4,3192.042000,3491.466000,3393.669929,3887.467235,3983.000000,3983.000000,4.461331,4.868064,4.931639,4.940202,34,1650,3.000000,4,12,12,GUROBI,1
1,Farkas,4,2952.302000,2987.208000,2979.717272,3585.598382,3669.000000,3669.000000,0.116835,0.504501,0.547037,0.554099,18,1345,3.000000,4,12,0,GUROBI,1
2,Farkas,4,2856.070000,3086.390000,2981.944275,3348.028388,3406.000000,3406.000000,0.119919,0.449957,0.485911,0.489572,16,1143,3.000000,4,12,0,GUROBI,1
3,Farkas,4,3214.118000,3525.730000,3394.991521,3876.928070,4029.000000,4029.000000,0.120474,0.616873,0.707400,0.713496,24,2086,3.000000,4,12,0,GUROBI,1
4,Farkas,4,2660.500000,2712.464000,2675.026017,3407.111267,3438.000000,3438.000000,0.118109,0.485549,0.573122,0.575826,41,1428,3.000000,4,12,0,GUROBI,1
5,Farkas,4,2974.428000,3220.372000,3074.702107,3511.564718,3563.000000,3563.000000,0.130185,0.562664,0.587839,0.591188,9,1288,3.000000,4,12,0,GUROBI,1
