instanceIndex,vpcGenerator,terms,lpBound,disjunctiveDualBound,lpBoundPostVpc,rootDualBound,dualBound,primalBound,vpcGenerationTime,rootDualBoundTime,bestSolutionTime,terminationTime,nodes,iterations,maxTime,actualTerms,numCuts,cutLimit,mipSolver,providePrimalBound
0,New,64,3192.042000,3729.570000,3353.332544,3846.042834,3983.000000,3983.000000,74.418195,74.940244,75.050900,75.057183,53,2303,3600.000000,65,12,12,GUROBI,1
1,New,64,2877.221773,2960.221773,2960.221773,3814.349691,4015.500000,4015.500000,26.336922,26.668902,26.797618,26.801854,55,1783,3600.000000,66,2,23,GUROBI,1
2,New,64,3035.337503,3049.337503,3049.337503,4168.464225,4316.250000,4316.250000,139.391794,139.672823,139.767614,139.770339,36,1566,3600.000000,70,24,24,GUROBI,1
3,New,64,3294.112875,3344.112875,3344.112875,4032.121688,4094.000000,4094.000000,131.150919,131.608136,131.624797,131.629673,11,1489,3600.000000,73,19,19,GUROBI,1
4,New,64,2531.252807,2703.252807,2703.252807,3960.486298,4038.500000,4038.500000,25.338524,25.662024,25.734209,25.734343,34,1688,3600.000000,86,2,26,GUROBI,1
5,New,64,2876.999061,3155.999061,2929.748360,3683.898102,3718.166667,3718.166667,27.540014,27.812081,27.886966,27.887504,21,1211,3600.000000,67,2,19,GUROBI,1
