instanceIndex,vpcGenerator,terms,lpBound,disjunctiveDualBound,lpBoundPostVpc,rootDualBound,dualBound,primalBound,vpcGenerationTime,rootDualBoundTime,bestSolutionTime,terminationTime,nodes,iterations,maxTime,actualTerms,numCuts,cutLimit,mipSolver,providePrimalBound
0,New,16,34077.542667,34569.102667,34175.100836,43562.686502,44311.632381,44316.000000,22.723742,23.352545,88.832544,96.643113,8515,266649,557.880000,16,8,160,GUROBI,1
1,Farkas,16,28754.691333,29057.870000,28825.418001,38320.427994,39006.000000,39006.000000,0.899052,1.613615,9.680834,21.860924,1803,63022,557.880000,16,8,0,GUROBI,1
2,Farkas,16,33627.118667,34123.248000,33697.810441,43374.138263,44016.660064,44021.000000,0.891562,1.691415,69.936586,69.936777,7343,225204,557.880000,16,8,0,GUROBI,1
3,Farkas,16,10805.396000,11309.541333,10868.171554,20034.041987,20658.449421,20660.000000,1.021584,1.870736,29.778418,50.489629,4997,202093,557.880000,16,8,0,GUROBI,1
4,Farkas,16,23884.788667,24023.661333,23927.240872,33320.718140,33808.139431,33811.000000,0.963607,1.862800,17.961049,25.529201,2156,73363,557.880000,16,8,0,GUROBI,1
5,Farkas,16,32103.318000,32594.327333,32177.235569,41729.455696,42421.972600,42423.000000,0.871868,1.625734,12.575019,12.958901,737,24321,557.880000,16,8,0,GUROBI,1
