instanceIndex,vpcGenerator,terms,lpBound,disjunctiveDualBound,lpBoundPostVpc,rootDualBound,dualBound,primalBound,vpcGenerationTime,rootDualBoundTime,bestSolutionTime,terminationTime,nodes,iterations,maxTime,actualTerms,numCuts,cutLimit,mipSolver,providePrimalBound
0,New,64,-4840.541961,-4833.264552,-4833.458172,-4833.466467,-4784.211753,-4783.733392,18.129021,18.235230,267.648033,1778.732274,4678154,24360597,3600.000000,64,18,18,GUROBI,1
1,New,64,-4839.852489,-4833.574096,-4833.690501,-4833.778818,-4784.211631,-4783.733392,21.007979,21.118224,593.831501,1599.091041,4553942,23845076,3600.000000,64,22,22,GUROBI,1
2,New,64,-4840.541961,-4833.010252,-4833.246629,-4833.321344,-4784.211742,-4783.733392,17.241330,17.339782,584.467305,1722.872036,4982679,25880976,3600.000000,64,18,18,GUROBI,1
3,New,64,-4840.287821,-4833.021699,-4833.147784,-4833.222163,-4784.211748,-4783.733392,21.025738,21.130656,170.270347,1442.881918,3954034,20718589,3600.000000,64,23,23,GUROBI,1
4,New,64,-4840.541961,-4833.199312,-4833.451301,-4833.549051,-4784.211741,-4783.733392,17.261710,17.351490,273.029570,1579.284667,4584059,23973372,3600.000000,64,18,18,GUROBI,1
