instanceIndex,vpcGenerator,terms,lpBound,disjunctiveDualBound,lpBoundPostVpc,rootDualBound,dualBound,primalBound,vpcGenerationTime,rootDualBoundTime,bestSolutionTime,terminationTime,nodes,iterations,maxTime,actualTerms,numCuts,cutLimit,mipSolver,providePrimalBound
0,New,4,2327.842584,2328.643181,2328.484863,2328.641073,2354.078283,2361.454195,0.710072,0.754123,88.516362,300.000641,1317544,5268529,300.000000,4,15,20,GUROBI,1
1,Farkas,4,2323.904344,2324.904143,2324.462438,2325.456091,2357.848891,2358.084665,0.035546,0.081201,144.595671,288.022198,1279185,4919926,300.000000,4,15,0,GUROBI,1
2,Farkas,4,2337.497228,2339.311225,2338.293065,2338.984188,2367.491580,2371.603875,0.034481,0.075869,268.716406,300.000635,1327653,5243568,300.000000,4,15,0,GUROBI,1
