instanceIndex,vpcGenerator,terms,lpBound,disjunctiveDualBound,lpBoundPostVpc,rootDualBound,dualBound,primalBound,vpcGenerationTime,rootDualBoundTime,bestSolutionTime,terminationTime,nodes,iterations,maxTime,actualTerms,numCuts,cutLimit,mipSolver,providePrimalBound
0,New,4,-4840.541961,-4839.625710,-4839.640858,-4838.891800,-4784.211732,-4783.733392,0.992395,1.110905,29.116712,1421.344726,3914500,20572940,3031.000000,4,18,18,GUROBI,1
1,Farkas,4,-4812.473174,-4807.612195,-4812.473174,-4808.697515,-4746.698731,-4746.224551,0.037296,0.177904,331.693678,1316.770321,3853381,19666687,3031.000000,4,18,0,GUROBI,1
2,Farkas,4,-4822.475520,-4821.703623,-4822.062916,-4820.758547,-4766.263383,-4765.786837,0.036414,0.145698,173.676949,1530.005124,4533978,23854407,3031.000000,4,18,0,GUROBI,1
3,Farkas,4,-4830.743945,-4829.011898,-4829.973810,-4828.947336,-4775.316187,-4774.838731,0.035584,0.161294,121.942473,1261.936655,3773746,19536424,3031.000000,4,18,0,GUROBI,1
4,Farkas,4,-4811.766720,-4810.741166,-4811.766720,-4809.380201,-4748.713559,-4748.238820,0.037337,0.156587,57.840878,1060.081924,3243895,16490240,3031.000000,4,18,0,GUROBI,1
