instanceIndex,vpcGenerator,terms,lpBound,disjunctiveDualBound,lpBoundPostVpc,rootDualBound,dualBound,primalBound,vpcGenerationTime,rootDualBoundTime,bestSolutionTime,terminationTime,nodes,iterations,maxTime,actualTerms,numCuts,cutLimit,mipSolver,providePrimalBound
0,New,16,-4840.541961,-4836.577232,-4836.988635,-4836.802726,-4784.211764,-4783.733392,4.593091,4.829758,678.673899,2009.919977,5079542,26570487,3600.000000,16,18,18,GUROBI,1
1,New,16,-4838.349004,-4833.067330,-4833.417490,-4833.345278,-4780.211313,-4779.733392,4.856569,4.997857,905.175629,2064.684000,5767166,30037808,3600.000000,16,22,22,GUROBI,1
2,New,16,-4837.313475,-4834.118035,-4834.221370,-4834.024780,-4779.211255,-4778.733392,5.157420,5.278590,840.394326,1782.772615,5241405,27261832,3600.000000,16,23,23,GUROBI,1
3,New,16,-4843.165161,-4839.161803,-4839.270102,-4839.168366,-4786.211954,-4785.733392,5.034663,5.162608,72.864560,1439.746275,3963911,20792212,3600.000000,16,23,23,GUROBI,1
4,New,16,-4848.350576,-4842.736025,-4843.200932,-4842.998213,-4789.212261,-4788.733392,5.339016,5.474358,153.941877,1784.148166,5086104,26418453,3600.000000,16,23,23,GUROBI,1
