instanceIndex,vpcGenerator,terms,lpBound,disjunctiveDualBound,lpBoundPostVpc,rootDualBound,dualBound,primalBound,vpcGenerationTime,rootDualBoundTime,bestSolutionTime,terminationTime,nodes,iterations,maxTime,actualTerms,numCuts,cutLimit,mipSolver,providePrimalBound
0,New,64,-4632.298153,-4627.739520,-4627.756877,-4627.780950,-4607.140272,-4606.679610,20.588689,20.675722,98.843159,411.847755,1365436,5833479,4490.400000,290,17,17,GUROBI,1
1,New,64,-4629.052583,-4624.299455,-4624.303384,-4624.379687,-4604.139740,-4603.679610,27.947361,28.040716,42.310323,225.660134,749625,2936771,4490.400000,271,28,28,GUROBI,1
2,New,64,-4637.069451,-4632.988445,-4633.015676,-4633.093358,-4611.208642,-4610.747589,26.101952,26.201976,119.786399,530.470228,1911448,7527640,4490.400000,249,27,27,GUROBI,1
3,New,64,-4636.491115,-4632.378000,-4632.460868,-4632.583568,-4610.126883,-4609.666023,23.800461,23.922344,68.641084,347.480893,1242036,4787870,4490.400000,233,25,25,GUROBI,1
4,New,64,-4627.888210,-4623.599633,-4623.619264,-4623.706467,-4602.833468,-4602.373375,25.589861,25.677701,58.556709,390.868861,1263473,5366457,4490.400000,227,27,27,GUROBI,1
5,New,64,-4639.033372,-4635.153765,-4635.158007,-4635.205826,-4614.691560,-4614.230146,23.937232,24.013917,52.008920,295.366825,959346,4074233,4490.400000,272,24,24,GUROBI,1
