instanceIndex,vpcGenerator,terms,lpBound,disjunctiveDualBound,lpBoundPostVpc,rootDualBound,dualBound,primalBound,vpcGenerationTime,rootDualBoundTime,bestSolutionTime,terminationTime,nodes,iterations,maxTime,actualTerms,numCuts,cutLimit,mipSolver,providePrimalBound
0,None,64,2327.842584,2327.842584,2327.842584,2328.327296,2361.218142,2361.454195,0.000002,0.041819,80.615152,433.058182,1840079,7186406,1069.000000,0,0,0,GUROBI,1
1,None,64,2328.010633,2328.010633,2328.010633,2329.245140,2358.973947,2359.209507,0.000005,0.041731,11.841411,181.900203,735913,3058474,1069.000000,0,0,0,GUROBI,1
2,None,64,2330.470376,2330.470376,2330.470376,2331.747996,2362.241449,2362.477540,0.000003,0.039725,10.519074,311.335291,1166479,4992726,1069.000000,0,0,0,GUROBI,1
3,None,64,2326.759450,2326.759450,2326.759450,2327.504869,2354.861430,2355.096793,0.000002,0.046066,140.956338,143.546834,588115,2484169,1069.000000,0,0,0,GUROBI,1
4,None,64,2326.269614,2326.269614,2326.269614,2327.144248,2358.717300,2358.953194,0.000004,0.050404,101.533100,393.645234,1695392,6548384,1069.000000,0,0,0,GUROBI,1
5,None,64,2332.504937,2332.504937,2332.504937,2333.312611,2361.690963,2361.926990,0.000005,0.041828,121.373803,219.924706,968830,3759068,1069.000000,0,0,0,GUROBI,1
