instanceIndex,vpcGenerator,terms,lpBound,disjunctiveDualBound,lpBoundPostVpc,rootDualBound,dualBound,primalBound,vpcGenerationTime,rootDualBoundTime,bestSolutionTime,terminationTime,nodes,iterations,maxTime,actualTerms,numCuts,cutLimit,mipSolver,providePrimalBound
0,New,4,-4632.298153,-4630.486614,-4630.564791,-4630.565492,-4607.139983,-4606.679610,1.241808,1.364320,17.800876,444.213425,1278505,5177489,3600.000000,4,17,17,GUROBI,1
1,New,4,-4640.069886,-4638.873580,-4638.873580,-4638.698748,-4619.029063,-4618.568123,0.811267,0.966203,15.887890,68.849174,246818,971643,3600.000000,5,19,19,GUROBI,1
2,New,4,-4630.097843,-4628.555978,-4628.555978,-4628.555643,-4604.345484,-4603.885111,1.104160,1.264483,12.699200,772.971903,2826808,10841434,3600.000000,5,23,23,GUROBI,1
3,New,4,-4634.384507,-4632.858683,-4632.858683,-4632.860356,-4608.266633,-4607.805875,0.995082,1.075484,34.726250,195.535059,738653,2973433,3600.000000,4,24,24,GUROBI,1
4,New,4,-4644.921005,-4642.548528,-4642.648567,-4642.663598,-4618.696462,-4618.234983,0.993791,1.084432,1.642008,326.349147,1087222,4877906,3600.000000,4,23,23,GUROBI,1
