instanceIndex,vpcGenerator,terms,lpBound,disjunctiveDualBound,lpBoundPostVpc,rootDualBound,dualBound,primalBound,vpcGenerationTime,rootDualBoundTime,bestSolutionTime,terminationTime,nodes,iterations,maxTime,actualTerms,numCuts,cutLimit,mipSolver,providePrimalBound
0,New,64,-4840.541961,-4833.264552,-4833.458172,-4833.466467,-4784.211753,-4783.733392,17.178578,17.296352,267.066430,1783.884321,4678154,24360597,3304.000000,64,18,18,GUROBI,1
1,Farkas,64,-4841.977278,-4840.105512,-4841.977278,-4840.662297,-4785.157722,-4784.679273,0.592023,0.688239,197.752110,3077.496035,9620627,47585771,3304.000000,64,18,0,GUROBI,1
2,Farkas,64,-4841.872440,-4840.031971,-4841.872440,-4839.124229,-4777.591027,-4777.113330,0.598176,0.717293,696.890243,2930.163486,8769249,45153476,3304.000000,64,18,0,GUROBI,1
3,Farkas,64,-4846.997833,-4842.886871,-4846.997833,-4844.917174,-4784.611303,-4784.132892,0.577668,0.676153,110.587794,2023.332146,6061863,31503735,3304.000000,64,18,0,GUROBI,1
