instanceIndex,vpcGenerator,terms,lpBound,disjunctiveDualBound,lpBoundPostVpc,rootDualBound,dualBound,primalBound,vpcGenerationTime,rootDualBoundTime,bestSolutionTime,terminationTime,nodes,iterations,maxTime,actualTerms,numCuts,cutLimit,mipSolver,providePrimalBound
0,New,16,-4632.298153,-4629.688960,-4629.721979,-4629.841958,-4607.140201,-4606.679610,7.075860,7.165418,32.356481,385.723946,1284282,5707712,3600.000000,127,17,17,GUROBI,1
1,Old,16,-4634.766957,-4633.746651,-4633.763677,-4633.821313,-4607.139988,-4606.679610,1.765254,1.829875,3.504246,70.871520,272525,1126589,3600.000000,127,19,0,GUROBI,1
3,Old,16,-4616.269091,-4616.055191,-4616.055644,-4615.983301,-4594.138895,-4593.679610,1.828258,1.941411,168.491574,412.899894,1524071,6126322,3600.000000,127,22,0,GUROBI,1
4,Old,16,-4615.862983,-4614.544987,-4614.545946,-4614.546807,-4591.083259,-4590.624206,2.009063,2.090053,64.218096,282.935878,923323,4001744,3600.000000,127,25,0,GUROBI,1
