instanceIndex,vpcGenerator,terms,lpBound,disjunctiveDualBound,lpBoundPostVpc,rootDualBound,dualBound,primalBound,vpcGenerationTime,rootDualBoundTime,bestSolutionTime,terminationTime,nodes,iterations,maxTime,actualTerms,numCuts,cutLimit,mipSolver,providePrimalBound
0,None,64,2327.842584,2327.842584,2327.842584,2328.327296,2361.218142,2361.454195,0.000004,0.043491,80.505196,433.207413,1840079,7186406,1069.000000,0,0,0,GUROBI,1
1,None,64,2350.557961,2350.557961,2350.557961,2351.660256,2377.248367,2377.486039,0.000004,0.039120,89.623483,187.466461,820448,3160351,1069.000000,0,0,0,GUROBI,1
2,None,64,2343.416854,2343.416854,2343.416854,2344.350670,2370.203372,2370.440400,0.000003,0.040495,260.173909,285.590120,1180205,4350007,1069.000000,0,0,0,GUROBI,1
3,None,64,2317.379332,2317.379332,2317.379332,2318.967272,2351.530583,2351.765722,0.000003,0.042538,53.300576,284.905966,1038699,4570984,1069.000000,0,0,0,GUROBI,1
4,None,64,2339.251174,2339.251174,2339.251174,2342.260708,2371.847638,2372.084665,0.000003,0.039419,44.418729,328.548043,1345386,5215887,1069.000000,0,0,0,GUROBI,1
