instanceIndex,vpcGenerator,terms,lpBound,disjunctiveDualBound,lpBoundPostVpc,rootDualBound,dualBound,primalBound,vpcGenerationTime,rootDualBoundTime,bestSolutionTime,terminationTime,nodes,iterations,maxTime,actualTerms,numCuts,cutLimit,mipSolver,providePrimalBound
0,New,256,2327.842584,2335.642980,2335.629753,2335.607807,2352.012938,2361.454195,50.067997,50.099898,137.382178,300.000590,954263,4140406,300.000000,256,15,20,GUROBI,1
1,New,256,2324.771540,2332.770581,2332.732697,2332.750020,2349.003751,2357.655430,64.087182,64.126669,143.098756,300.004963,1009221,4116666,300.000000,256,21,21,GUROBI,1
