instanceIndex,vpcGenerator,terms,lpBound,disjunctiveDualBound,lpBoundPostVpc,rootDualBound,dualBound,primalBound,vpcGenerationTime,rootDualBoundTime,bestSolutionTime,terminationTime,nodes,iterations,maxTime,actualTerms,numCuts,cutLimit,mipSolver,providePrimalBound
0,None,256,112310.613512,112310.613512,112310.613512,112313.362694,112313.362694,10000000000000000159028911097599180468360808563945281389781327557747838772170381060813469985856815104.000000,0.000033,0.011430,0.000033,0.012283,1,50,300.000000,0,0,0,GUROBI,1
1,None,256,111432.225121,111432.225121,111432.225121,111441.444635,111441.444635,10000000000000000159028911097599180468360808563945281389781327557747838772170381060813469985856815104.000000,0.000003,0.018941,0.000003,0.019850,1,71,300.000000,0,0,0,GUROBI,1
