instanceIndex,vpcGenerator,terms,lpBound,disjunctiveDualBound,lpBoundPostVpc,rootDualBound,dualBound,primalBound,vpcGenerationTime,rootDualBoundTime,bestSolutionTime,terminationTime,nodes,iterations,maxTime,actualTerms,numCuts,cutLimit,mipSolver,providePrimalBound
0,New,4,27844619.173496,27855114.785852,27851593.565839,27960875.731339,27990989.655777,27991042.647231,2.765786,3.157972,3.291384,3.325547,68,1412,3600.000000,4,4,100,GUROBI,1
1,Farkas,4,29939071.712666,29942713.571319,29942713.571319,30547147.786054,30592522.428918,30595135.304693,0.340057,0.920141,1.181544,1.330502,212,2595,3600.000000,4,4,0,GUROBI,1
2,Farkas,4,29059615.506279,29067273.440473,29059953.004347,29941322.125892,30000962.403292,30001042.357015,0.291474,0.771587,3.288398,3.288566,579,6583,3600.000000,4,4,0,GUROBI,1
3,Farkas,4,28209165.728541,28214486.378004,28214486.378004,28445492.399138,28469467.545939,28472241.137207,0.309808,0.846874,0.934605,0.980827,57,1330,3600.000000,4,4,0,GUROBI,1
4,Farkas,4,28921731.132136,28921731.132136,28921731.132136,29146370.815671,29208512.406055,29211423.840737,0.340285,0.907473,1.642733,2.283478,817,10132,3600.000000,4,4,0,GUROBI,1
5,Farkas,4,32310439.705124,32313040.131000,32313040.131000,32535759.402578,32565554.676083,32568286.108078,0.302651,0.690913,1.297836,1.298507,328,4064,3600.000000,4,4,0,GUROBI,1
