instanceIndex,vpcGenerator,terms,lpBound,disjunctiveDualBound,lpBoundPostVpc,rootDualBound,dualBound,primalBound,vpcGenerationTime,rootDualBoundTime,bestSolutionTime,terminationTime,nodes,iterations,maxTime,actualTerms,numCuts,cutLimit,mipSolver,providePrimalBound
0,New,16,25490184.451460,25519142.427242,25504862.052960,25766240.929005,25777344.086099,25779856.368613,18.111266,18.534291,18.811642,18.836284,165,1939,3600.000000,27,6,73,GUROBI,1
1,Old,16,27195760.890846,27224767.821692,27201421.055895,29580182.125841,29583407.926118,29585974.434824,6.911662,7.315711,7.505085,7.530651,129,1799,3600.000000,27,5,0,GUROBI,1
2,Old,16,25554179.031865,25581171.797663,25568652.115158,26269642.697237,26279345.263680,26280438.521091,6.798385,7.142905,7.346054,7.346227,115,1636,3600.000000,27,7,0,GUROBI,1
3,Old,16,28676040.637888,28707591.535840,28697978.812885,30624260.054217,30627297.814129,30628838.967118,3.729070,4.141734,4.227278,4.228589,49,1163,3600.000000,27,12,0,GUROBI,1
