instanceIndex,vpcGenerator,terms,lpBound,disjunctiveDualBound,lpBoundPostVpc,rootDualBound,dualBound,primalBound,vpcGenerationTime,rootDualBoundTime,bestSolutionTime,terminationTime,nodes,iterations,maxTime,actualTerms,numCuts,cutLimit,mipSolver,providePrimalBound
0,New,4,25490184.451460,25510711.100193,25503137.932751,25770110.545947,25777317.225176,25779856.366005,2.883004,3.276737,3.438724,3.502552,108,1622,3600.000000,4,4,73,GUROBI,1
1,Farkas,4,25489638.323001,25510165.434280,25502598.627788,25772713.898567,25777523.389416,25779670.540946,0.157846,0.573078,0.734599,0.739598,69,1519,3600.000000,4,4,0,GUROBI,1
2,Farkas,4,25489399.402742,25509909.007734,25502336.170363,25771839.208203,25776782.363391,25779217.629537,0.159065,0.571527,0.714562,0.765226,85,1537,3600.000000,4,4,0,GUROBI,1
3,Farkas,4,25491375.063878,25511900.903398,25504315.145621,25771580.887141,25778635.716469,25781030.263128,0.159235,0.586636,0.780167,0.971285,222,2766,3600.000000,4,4,0,GUROBI,1
4,Farkas,4,25489607.484527,25510148.131543,25502555.267169,25772727.408596,25776964.863206,25779287.660321,0.157741,0.596936,0.848709,0.868536,125,1974,3600.000000,4,4,0,GUROBI,1
