instanceIndex,vpcGenerator,terms,lpBound,disjunctiveDualBound,lpBoundPostVpc,rootDualBound,dualBound,primalBound,vpcGenerationTime,rootDualBoundTime,bestSolutionTime,terminationTime,nodes,iterations,maxTime,actualTerms,numCuts,cutLimit,mipSolver,providePrimalBound
0,New,64,800002400.000000,800002601.071429,800002400.000000,800002402.638522,1000005790.002585,1600013800.000000,15.523296,15.613254,295.417011,300.001193,326010,1958202,300.000000,150,5,72,GUROBI,1
1,Farkas,64,800002400.000000,800002601.071429,800002400.000000,800002954.983830,1199996199.620045,1200012264.294279,3.194664,3.275894,29.912909,33.977241,7872,232119,300.000000,150,5,0,GUROBI,1
2,Farkas,64,800002400.000000,800002601.071429,800002400.000000,800002654.133772,1199975593.415256,1200016900.029388,3.120762,3.211602,32.988505,39.403620,29690,248433,300.000000,150,5,0,GUROBI,1
3,Farkas,64,800002400.000000,800002601.076429,800002400.000000,800002810.675502,1000000641.862117,1600013400.000000,3.075661,3.164678,269.267003,300.001244,223309,2917947,300.000000,150,5,0,GUROBI,1
4,Farkas,64,800002400.000000,800002900.000000,800002400.000000,800003181.022419,1454161652.950000,1454161652.950000,3.464440,3.582202,173.259438,187.790093,122613,1360639,300.000000,150,5,0,GUROBI,1
