instanceIndex,vpcGenerator,terms,lpBound,disjunctiveDualBound,lpBoundPostVpc,rootDualBound,dualBound,primalBound,vpcGenerationTime,rootDualBoundTime,bestSolutionTime,terminationTime,nodes,iterations,maxTime,actualTerms,numCuts,cutLimit,mipSolver,providePrimalBound
0,New,16,800002400.000000,800002400.000000,800002400.000000,800002405.289550,1200000619.939601,1500013100.000000,3.408381,3.571293,165.556703,317.682800,176956,1226157,1654.840000,29,5,72,GUROBI,1
1,Farkas,16,800002400.000000,800002400.000000,800002400.000000,800003741.012801,850637956.622756,850645788.827049,0.597770,0.868575,2.483135,2.486473,724,6848,1654.840000,29,5,0,GUROBI,1
