instanceIndex,vpcGenerator,terms,lpBound,disjunctiveDualBound,lpBoundPostVpc,rootDualBound,dualBound,primalBound,vpcGenerationTime,rootDualBoundTime,bestSolutionTime,terminationTime,nodes,iterations,maxTime,actualTerms,numCuts,cutLimit,mipSolver,providePrimalBound
0,None,4,800002400.000000,800002400.000000,800002400.000000,800002400.892857,1200000628.253224,1500013000.000006,0.000002,0.085164,1007.830409,2315.933290,1961785,14479873,3600.000000,0,0,0,GUROBI,1
1,None,4,800002375.231825,800002375.231825,800002375.231825,800002403.533775,1200001342.682655,1500012095.000000,0.000003,0.081417,666.469825,666.469981,261725,5213975,3600.000000,0,0,0,GUROBI,1
2,None,4,800001573.197024,800001573.197024,800001573.197024,800001875.448209,1200000320.972300,1400010693.000000,0.000003,0.112533,289.518879,293.547386,245472,2340686,3600.000000,0,0,0,GUROBI,1
3,None,4,800001528.864358,800001528.864358,800001528.864358,800001946.033309,1200001345.717251,1500009983.000000,0.000003,0.100404,377.954948,417.476916,328611,3786358,3600.000000,0,0,0,GUROBI,1
4,None,4,800001769.966667,800001769.966667,800001769.966667,800002269.035935,1200001082.085979,1450011041.000000,0.000005,0.117186,257.812602,284.724192,224973,2625529,3600.000000,0,0,0,GUROBI,1
