instanceIndex,vpcGenerator,terms,lpBound,disjunctiveDualBound,lpBoundPostVpc,rootDualBound,dualBound,primalBound,vpcGenerationTime,rootDualBoundTime,bestSolutionTime,terminationTime,nodes,iterations,maxTime,actualTerms,numCuts,cutLimit,mipSolver,providePrimalBound
0,None,4,-2406943.556343,-2406943.556343,-2406943.556343,-2406922.133264,-2406861.061545,-2405763.066800,0.000003,0.307998,133.871660,300.002031,230463,1508269,300.000000,0,0,0,GUROBI,1
1,None,4,-2409677.319366,-2409677.319366,-2409677.319366,-2409644.493846,-2409518.942823,-2408717.074700,0.000003,0.365175,300.001771,300.001970,220101,1741051,300.000000,0,0,0,GUROBI,1
2,None,4,-2407530.498476,-2407530.498476,-2407530.498476,-2407508.559490,-2407374.233817,-2406413.302400,0.000007,0.441223,300.001677,300.001875,217946,1806919,300.000000,0,0,0,GUROBI,1
3,None,4,-2408840.448860,-2408840.448860,-2408840.448860,-2408810.821375,-2408678.139404,-2408046.174900,0.000003,0.328326,300.001671,300.001868,206384,1854464,300.000000,0,0,0,GUROBI,1
4,None,4,-2402610.808658,-2402610.808658,-2402610.808658,-2402578.026470,-2402461.457938,-2401068.193000,0.000003,0.316502,300.001605,300.001793,285862,2013875,300.000000,0,0,0,GUROBI,1
