instanceIndex,vpcGenerator,terms,lpBound,disjunctiveDualBound,lpBoundPostVpc,rootDualBound,dualBound,primalBound,vpcGenerationTime,rootDualBoundTime,bestSolutionTime,terminationTime,nodes,iterations,maxTime,actualTerms,numCuts,cutLimit,mipSolver,providePrimalBound
0,New,64,4310.000000,4310.000000,4310.000000,4502.000000,7118.380688,7118.500000,86.827609,87.097140,161.932025,191.293044,33438,951684,3600.000000,197,42,66,GUROBI,1
1,New,64,4310.000000,4310.000000,4310.000000,4502.000000,6465.500000,6465.500000,16.875566,17.225591,28.356600,28.356710,7480,170132,3600.000000,228,2,61,GUROBI,1
2,New,64,4310.000000,4359.435484,4310.000000,4502.000000,7118.425494,7118.500000,14.383720,14.760272,107.677152,109.259701,36075,990601,3600.000000,194,1,64,GUROBI,1
3,New,64,4310.000000,4310.000000,4310.000000,4502.000000,7117.876321,7118.500000,14.020891,14.328612,102.654022,102.654170,35341,909711,3600.000000,207,1,65,GUROBI,1
4,New,64,4310.000000,4310.000000,4310.000000,4470.000000,6828.104744,6828.500000,17.889376,18.198223,56.151686,89.011714,24418,677739,3600.000000,223,2,65,GUROBI,1
