instanceIndex,vpcGenerator,terms,lpBound,disjunctiveDualBound,lpBoundPostVpc,rootDualBound,dualBound,primalBound,vpcGenerationTime,rootDualBoundTime,bestSolutionTime,terminationTime,nodes,iterations,maxTime,actualTerms,numCuts,cutLimit,mipSolver,providePrimalBound
0,New,64,4310.000000,4310.000000,4310.000000,4502.000000,7118.380688,7118.500000,86.649798,86.921514,161.238380,189.611495,33438,951684,3600.000000,197,42,66,GUROBI,1
1,Farkas,64,4679.548387,4682.854839,4679.548387,6104.017099,7890.500000,7890.500000,7.031777,7.358452,13.488099,13.488226,3999,72779,3600.000000,197,42,0,GUROBI,1
2,Farkas,64,4438.000000,4440.887097,4438.000000,5020.056561,7669.500000,7669.500000,7.233458,7.551962,13.478185,13.623407,4269,73007,3600.000000,197,42,0,GUROBI,1
