instanceIndex,vpcGenerator,terms,lpBound,disjunctiveDualBound,lpBoundPostVpc,rootDualBound,dualBound,primalBound,vpcGenerationTime,rootDualBoundTime,bestSolutionTime,terminationTime,nodes,iterations,maxTime,actualTerms,numCuts,cutLimit,mipSolver,providePrimalBound
0,New,4,4310.000000,4310.000000,4310.000000,4502.000000,7118.380688,7118.500000,1.064629,1.331279,76.228841,105.608007,33438,951684,3600.000000,4,10,66,GUROBI,1
4,Old,4,4309.564516,4309.564516,4309.564516,4502.991803,7118.015281,7118.500000,0.189323,0.523479,67.883197,96.879726,35098,924020,3600.000000,4,4,0,GUROBI,1
