instanceIndex,vpcGenerator,terms,lpBound,disjunctiveDualBound,lpBoundPostVpc,rootDualBound,dualBound,primalBound,vpcGenerationTime,rootDualBoundTime,bestSolutionTime,terminationTime,nodes,iterations,maxTime,actualTerms,numCuts,cutLimit,mipSolver,providePrimalBound
0,New,4,20146.761297,20163.257804,20163.257804,20872.310921,21166.000000,10000000000000000159028911097599180468360808563945281389781327557747838772170381060813469985856815104.000000,0.297945,0.344155,0.297945,0.344792,2,236,1.000000,4,3,14,GUROBI,1
1,Farkas,4,112775.527119,112775.527119,112775.527119,117394.777778,117754.000000,117757.999936,0.026659,0.062401,0.658887,0.659375,877,3524,1.000000,4,3,0,GUROBI,1
2,Farkas,4,19137.783704,19141.791529,19141.791529,20145.022035,21166.000000,10000000000000000159028911097599180468360808563945281389781327557747838772170381060813469985856815104.000000,0.018876,0.102341,0.018876,0.106409,6,426,1.000000,4,3,0,GUROBI,1
