instanceIndex,vpcGenerator,terms,lpBound,disjunctiveDualBound,lpBoundPostVpc,rootDualBound,dualBound,primalBound,vpcGenerationTime,rootDualBoundTime,bestSolutionTime,terminationTime,nodes,iterations,maxTime,actualTerms,numCuts,cutLimit,mipSolver,providePrimalBound
0,New,4,20146.761297,20163.257804,20163.257804,20872.310921,21166.000000,10000000000000000159028911097599180468360808563945281389781327557747838772170381060813469985856815104.000000,1.422838,1.466965,1.422838,1.467591,2,236,3600.000000,4,3,14,GUROBI,1
1,Farkas,4,20130.842976,20145.509318,20145.509318,21118.307775,21119.000000,21119.000000,0.016978,0.049885,0.103879,0.104320,204,772,3600.000000,4,3,0,GUROBI,1
2,Farkas,4,20098.782899,20111.999357,20111.999357,21067.134086,21095.000000,21097.000000,0.018533,0.050350,0.058775,0.059093,26,218,3600.000000,4,3,0,GUROBI,1
3,Farkas,4,20096.311204,20111.434285,20111.434285,20849.264441,21108.000000,21110.000000,0.019783,0.052010,0.079059,0.080306,97,491,3600.000000,4,3,0,GUROBI,1
4,Farkas,4,20111.210789,20126.348584,20126.348584,21103.500000,21105.000000,10000000000000000159028911097599180468360808563945281389781327557747838772170381060813469985856815104.000000,0.019314,0.045292,0.019314,0.045712,1,108,3600.000000,4,3,0,GUROBI,1
