instanceIndex,vpcGenerator,terms,lpBound,disjunctiveDualBound,lpBoundPostVpc,rootDualBound,dualBound,primalBound,vpcGenerationTime,rootDualBoundTime,bestSolutionTime,terminationTime,nodes,iterations,maxTime,actualTerms,numCuts,cutLimit,mipSolver,providePrimalBound
0,New,256,20146.761297,20167.547956,20159.983803,20872.310921,21166.000000,10000000000000000159028911097599180468360808563945281389781327557747838772170381060813469985856815104.000000,101.213541,101.263198,101.213541,101.263867,2,236,300.000000,929,12,14,GUROBI,1
1,Farkas,256,15920.701062,15952.874317,15920.701062,16800.241694,17862.000000,10000000000000000159028911097599180468360808563945281389781327557747838772170381060813469985856815104.000000,10.403332,10.432378,10.403332,10.433742,1,152,300.000000,929,12,0,GUROBI,1
