instanceIndex,vpcGenerator,terms,lpBound,disjunctiveDualBound,lpBoundPostVpc,rootDualBound,dualBound,primalBound,vpcGenerationTime,rootDualBoundTime,bestSolutionTime,terminationTime,nodes,iterations,maxTime,actualTerms,numCuts,cutLimit,mipSolver,providePrimalBound
0,None,4,20146.761297,20146.761297,20146.761297,20872.310921,21166.000000,10000000000000000159028911097599180468360808563945281389781327557747838772170381060813469985856815104.000000,0.000004,0.048371,0.000004,0.048720,2,260,3600.000000,0,0,0,GUROBI,1
1,None,4,27504.768952,27504.768952,27504.768952,31331.400000,31841.000000,10000000000000000159028911097599180468360808563945281389781327557747838772170381060813469985856815104.000000,0.000005,0.020777,0.000005,0.021231,1,89,3600.000000,0,0,0,GUROBI,1
2,None,4,19099.829942,19099.829942,19099.829942,19912.875093,21166.000000,21166.000000,0.000004,0.060324,0.066498,0.068100,20,477,3600.000000,0,0,0,GUROBI,1
