instanceIndex,vpcGenerator,terms,lpBound,disjunctiveDualBound,lpBoundPostVpc,rootDualBound,dualBound,primalBound,vpcGenerationTime,rootDualBoundTime,bestSolutionTime,terminationTime,nodes,iterations,maxTime,actualTerms,numCuts,cutLimit,mipSolver,providePrimalBound
0,New,4,20146.761297,20163.257804,20163.257804,20872.310921,21166.000000,10000000000000000159028911097599180468360808563945281389781327557747838772170381060813469985856815104.000000,1.110662,1.158207,1.110662,1.158859,2,236,3600.000000,4,3,14,GUROBI,1
2,Old,4,20040.432480,20055.755748,20055.755748,20589.236522,21166.000000,10000000000000000159028911097599180468360808563945281389781327557747838772170381060813469985856815104.000000,0.167917,0.187756,0.167917,0.188549,1,108,3600.000000,4,1,0,GUROBI,1
3,Old,4,20153.355750,20170.765107,20170.765107,21027.743333,21166.000000,10000000000000000159028911097599180468360808563945281389781327557747838772170381060813469985856815104.000000,0.190787,0.211888,0.190787,0.212839,1,100,3600.000000,4,5,0,GUROBI,1
4,Old,4,20092.924465,20109.669578,20109.669578,21123.600186,21166.000000,10000000000000000159028911097599180468360808563945281389781327557747838772170381060813469985856815104.000000,0.177252,0.223254,0.177252,0.223460,1,136,3600.000000,4,3,0,GUROBI,1
