instanceIndex,vpcGenerator,terms,lpBound,disjunctiveDualBound,lpBoundPostVpc,rootDualBound,dualBound,primalBound,vpcGenerationTime,rootDualBoundTime,bestSolutionTime,terminationTime,nodes,iterations,maxTime,actualTerms,numCuts,cutLimit,mipSolver,providePrimalBound
0,None,4,22640.366278,22640.366278,22640.366278,32102.763971,32906.705402,35658.313877,0.000004,2.426491,5.120670,24.788645,639,15906,3600.000000,0,0,0,GUROBI,1
1,None,4,22643.535356,22643.535356,22643.535356,32154.431663,32696.881005,32696.881005,0.000003,2.440597,10.286810,10.310489,581,11031,3600.000000,0,0,0,GUROBI,1
2,None,4,22607.762406,22607.762406,22607.762406,32279.946543,32894.503922,32894.503922,0.000003,2.720703,17.637414,17.651932,679,21512,3600.000000,0,0,0,GUROBI,1
3,None,4,22589.626508,22589.626508,22589.626508,32384.010019,32899.503922,32899.503922,0.000003,2.493721,15.781454,15.789807,625,15087,3600.000000,0,0,0,GUROBI,1
4,None,4,22698.843860,22698.843860,22698.843860,32384.906134,33114.503922,33114.503922,0.000004,2.535911,13.673275,13.769838,622,15567,3600.000000,0,0,0,GUROBI,1
5,None,4,22649.452920,22649.452920,22649.452920,32248.977731,32919.881005,32919.881005,0.000004,2.259810,12.265569,12.269205,606,13103,3600.000000,0,0,0,GUROBI,1
