instanceIndex,vpcGenerator,terms,lpBound,disjunctiveDualBound,lpBoundPostVpc,rootDualBound,dualBound,primalBound,vpcGenerationTime,rootDualBoundTime,bestSolutionTime,terminationTime,nodes,iterations,maxTime,actualTerms,numCuts,cutLimit,mipSolver,providePrimalBound
0,New,4,22640.366278,23277.272207,23205.755025,32226.608286,32906.881005,32906.881005,24.121441,26.886404,38.464657,38.584702,612,16222,3600.000000,7,4,63,GUROBI,1
1,New,4,18097.907517,20003.116931,18275.103247,23947.559205,24561.397830,24561.397830,508.448381,509.822715,512.028111,512.127126,410,3855,3600.000000,620,2,74,GUROBI,1
2,New,4,17579.971207,18191.892016,17586.449888,24777.705700,25101.996978,25101.996978,872.621061,873.836081,875.560063,875.560482,285,2014,3600.000000,831,2,69,GUROBI,1
