instanceIndex,vpcGenerator,terms,lpBound,disjunctiveDualBound,lpBoundPostVpc,rootDualBound,dualBound,primalBound,vpcGenerationTime,rootDualBoundTime,bestSolutionTime,terminationTime,nodes,iterations,maxTime,actualTerms,numCuts,cutLimit,mipSolver,providePrimalBound
0,New,64,3666028.211736,3666053.393176,3666035.187737,3673280.681685,3673280.681685,10000000000000000159028911097599180468360808563945281389781327557747838772170381060813469985856815104.000000,88.085657,88.149615,88.085657,88.162671,1,705,300.000000,645,1,254,GUROBI,1
1,Farkas,64,2023808.211107,2023808.211107,2023808.211107,2029597.076583,2033732.105978,2033913.886724,99.526335,99.685826,101.036208,101.124462,907,4915,300.000000,645,1,0,GUROBI,1
