instanceIndex,vpcGenerator,terms,lpBound,disjunctiveDualBound,lpBoundPostVpc,rootDualBound,dualBound,primalBound,vpcGenerationTime,rootDualBoundTime,bestSolutionTime,terminationTime,nodes,iterations,maxTime,actualTerms,numCuts,cutLimit,mipSolver,providePrimalBound
0,None,64,3666028.211736,3666028.211736,3666028.211736,3673280.681685,3673280.681685,10000000000000000159028911097599180468360808563945281389781327557747838772170381060813469985856815104.000000,0.000003,0.062801,0.000003,0.067144,1,705,300.000000,0,0,0,GUROBI,1
1,None,64,2893632.866912,2893632.866912,2893632.866912,2903511.225839,2905447.527901,2905730.620040,0.000003,0.201126,0.434524,0.454271,277,2005,300.000000,0,0,0,GUROBI,1
2,None,64,2446682.226081,2446682.226081,2446682.226081,2454143.618842,2454880.221143,2455124.631218,0.000002,0.135673,1.804382,1.915992,677,4586,300.000000,0,0,0,GUROBI,1
3,None,64,3479686.171625,3479686.171625,3479686.171625,3485472.808537,3486005.965525,10000000000000000159028911097599180468360808563945281389781327557747838772170381060813469985856815104.000000,0.000002,0.116549,0.000002,0.118106,2,696,300.000000,0,0,0,GUROBI,1
4,None,64,3450011.924201,3450011.924201,3450011.924201,3456488.248385,3457209.110003,3457545.511479,0.000002,0.200581,0.690541,0.692613,457,2387,300.000000,0,0,0,GUROBI,1
5,None,64,2117611.439745,2117611.439745,2117611.439745,2128027.946697,2128934.468679,2129144.245300,0.000002,0.133781,0.247914,0.387140,186,1986,300.000000,0,0,0,GUROBI,1
6,None,64,3175404.157973,3175404.157973,3175404.157973,3181631.695998,3182193.138347,3182496.084216,0.000003,0.115905,0.245196,0.245738,91,1063,300.000000,0,0,0,GUROBI,1
7,None,64,3024716.478275,3024716.478275,3024716.478275,3028257.477549,3029133.818502,3029417.750182,0.000002,0.166316,0.688800,0.696827,520,3019,300.000000,0,0,0,GUROBI,1
