instanceIndex,vpcGenerator,terms,lpBound,disjunctiveDualBound,lpBoundPostVpc,rootDualBound,dualBound,primalBound,vpcGenerationTime,rootDualBoundTime,bestSolutionTime,terminationTime,nodes,iterations,maxTime,actualTerms,numCuts,cutLimit,mipSolver,providePrimalBound
0,New,64,-74325169.345138,-74259204.711495,-74286463.982366,-74161764.663304,-73902581.059393,-73895193.000000,369.391406,369.571944,447.649177,447.829604,34848,613203,3600.000000,604,27,27,GUROBI,1
1,Old,64,-74325175.302329,-74259208.554564,-74279436.300228,-74161417.085231,-73904780.898622,-73899336.000000,95.347119,95.530399,151.051606,151.053095,28836,475485,3600.000000,604,27,0,GUROBI,1
