instanceIndex,vpcGenerator,terms,lpBound,disjunctiveDualBound,lpBoundPostVpc,rootDualBound,dualBound,primalBound,vpcGenerationTime,rootDualBoundTime,bestSolutionTime,terminationTime,nodes,iterations,maxTime,actualTerms,numCuts,cutLimit,mipSolver,providePrimalBound
0,None,64,-74325169.345138,-74325169.345138,-74325169.345138,-74161764.663304,-73903698.973149,-73898856.000000,0.000034,0.161543,58.450405,58.450581,25958,466986,3600.000000,0,0,0,GUROBI,1
1,None,64,-121326309.059343,-121326309.059343,-121326309.059343,-120580940.233014,-120155590.828509,-120143666.000000,0.000003,0.199839,24.418828,26.347843,9975,290059,3600.000000,0,0,0,GUROBI,1
2,None,64,-435722253.125090,-435722253.125090,-435722253.125090,-427811829.130567,-426495350.124618,-426452739.000000,0.000002,0.214920,623.422530,623.422745,82875,4544804,3600.000000,0,0,0,GUROBI,1
3,None,64,-408648670.593340,-408648670.593340,-408648670.593340,-399393640.191086,-398621894.576071,-398582068.000000,0.000002,0.257748,41.935489,63.865909,19872,676743,3600.000000,0,0,0,GUROBI,1
