instanceIndex,vpcGenerator,terms,lpBound,disjunctiveDualBound,lpBoundPostVpc,rootDualBound,dualBound,primalBound,vpcGenerationTime,rootDualBoundTime,bestSolutionTime,terminationTime,nodes,iterations,maxTime,actualTerms,numCuts,cutLimit,mipSolver,providePrimalBound
0,New,16,-74325169.345138,-74289399.613335,-74302741.456995,-74161764.663304,-73903699.509340,-73896881.000000,69.651144,69.822602,131.480766,131.481911,30156,513600,3600.000000,92,27,27,GUROBI,1
1,Farkas,16,-74325175.302329,-74289405.180531,-74302747.948582,-74161820.152778,-73906527.672896,-73899138.000000,2.686217,2.871399,64.228454,69.149922,31201,517711,3600.000000,92,27,0,GUROBI,1
2,Farkas,16,-74325168.848591,-74289398.339520,-74302740.467959,-74164811.015074,-73904345.114605,-73898200.000000,2.676313,2.873851,95.006260,95.011350,42719,840657,3600.000000,92,27,0,GUROBI,1
3,Farkas,16,-74325169.327839,-74289398.958314,-74302742.336650,-74171901.235227,-73904347.423102,-73899515.000000,2.684026,2.875817,49.330309,49.331449,22455,354405,3600.000000,92,27,0,GUROBI,1
4,Farkas,16,-74325170.738522,-74289399.686871,-74302741.838490,-74162387.457709,-73903971.039550,-73896596.000000,2.673983,2.880776,69.973240,72.099270,30877,531181,3600.000000,92,27,0,GUROBI,1
5,Farkas,16,-74325167.955136,-74289399.242886,-74302740.014391,-74162717.132317,-73904043.143882,-73896658.000000,2.663622,2.847281,122.535213,122.931773,48454,931797,3600.000000,92,27,0,GUROBI,1
