instanceIndex,vpcGenerator,terms,lpBound,disjunctiveDualBound,lpBoundPostVpc,rootDualBound,dualBound,primalBound,vpcGenerationTime,rootDualBoundTime,bestSolutionTime,terminationTime,nodes,iterations,maxTime,actualTerms,numCuts,cutLimit,mipSolver,providePrimalBound
0,New,64,6302.000000,6302.000000,6302.000000,6356.594444,6374.364263,6375.000000,93.309826,94.967395,746.223910,746.224903,94749,2570330,8206.200000,69,3,668,GUROBI,1
1,Farkas,64,6302.000000,6302.000000,6302.000000,6355.256258,6376.363015,6377.000000,4.267495,5.643645,479.327404,700.608161,92708,2422073,8206.200000,69,3,0,GUROBI,1
2,Farkas,64,6308.000000,6308.000000,6308.000000,6363.291070,6379.368421,6380.000000,4.379563,5.460152,2293.185111,2907.371183,512557,12623305,8206.200000,69,3,0,GUROBI,1
3,Farkas,64,6302.000000,6302.000000,6302.000000,6353.713092,6373.363636,6374.000000,4.312406,5.434404,883.505542,943.313519,109136,3043320,8206.200000,69,3,0,GUROBI,1
4,Farkas,64,6305.000000,6305.000000,6305.000000,6366.807285,6385.361446,6386.000000,4.346991,5.925127,2685.673468,2966.281437,316146,9313994,8206.200000,69,3,0,GUROBI,1
5,Farkas,64,6303.000000,6303.000000,6303.000000,6359.325397,6377.362598,6378.000000,4.330032,5.966964,1570.258588,1701.923247,182688,5212216,8206.200000,69,3,0,GUROBI,1
