instanceIndex,vpcGenerator,terms,lpBound,disjunctiveDualBound,lpBoundPostVpc,rootDualBound,dualBound,primalBound,vpcGenerationTime,rootDualBoundTime,bestSolutionTime,terminationTime,nodes,iterations,maxTime,actualTerms,numCuts,cutLimit,mipSolver,providePrimalBound
0,New,16,16.666667,19.650046,19.632332,19.638130,29.000000,29.000000,2972.116012,2976.745336,2981.144760,5759.565699,133940,7412492,3600.000000,16,100,100,GUROBI,1
1,Farkas,16,16.666667,19.644115,19.208140,19.294173,29.000000,29.000000,13.248172,17.960174,22.274059,3045.653718,152828,8178611,3600.000000,16,100,0,GUROBI,1
2,Farkas,16,16.666667,19.650046,19.104766,19.163107,29.000000,29.000000,17.763910,22.201939,26.520554,2197.972016,118167,7925608,3600.000000,16,100,0,GUROBI,1
3,Farkas,16,16.666667,19.650046,18.878907,19.067465,29.000000,29.000000,15.945999,20.870187,25.509361,2586.114411,119603,6601668,3600.000000,16,100,0,GUROBI,1
4,Farkas,16,16.666667,19.650046,19.351852,19.407800,29.000000,29.000000,14.629254,19.289229,23.700023,2309.006491,120165,6405220,3600.000000,16,100,0,GUROBI,1
