instanceIndex,vpcGenerator,terms,lpBound,disjunctiveDualBound,lpBoundPostVpc,rootDualBound,dualBound,primalBound,vpcGenerationTime,rootDualBoundTime,bestSolutionTime,terminationTime,nodes,iterations,maxTime,actualTerms,numCuts,cutLimit,mipSolver,providePrimalBound
0,New,4,2769.838000,3551.400000,3071.878000,9091.279680,10672.934761,10674.000000,1.924702,2.194729,1192.401622,1430.200386,185228,4605146,6261.900000,4,11,14,GUROBI,1
1,New,4,2038.152712,2265.749865,2219.568983,4080.521501,4449.470667,4449.470667,12.907106,13.335499,13.705888,13.706302,151,1935,6261.900000,39,9,9,GUROBI,1
2,New,4,943.236881,1182.824452,1143.980882,1488.792721,1490.657917,10000000000000000159028911097599180468360808563945281389781327557747838772170381060813469985856815104.000000,18.917217,18.982990,18.917217,18.983817,1,80,6261.900000,85,6,6,GUROBI,1
3,New,4,2076.051281,2319.277871,2274.182054,5568.838487,5750.083333,5750.083333,13.938348,14.569738,15.145289,15.179686,107,2171,6261.900000,31,13,13,GUROBI,1
4,New,4,2405.478115,2924.478115,2924.478115,6514.254864,6946.777778,6946.777778,9.606871,10.160545,16.832384,16.840160,630,12550,6261.900000,19,14,14,GUROBI,1
5,New,4,2522.835001,2904.839787,2904.839787,7218.347724,7661.926971,7662.000000,7.321628,8.228471,21.833877,21.895326,1735,35231,6261.900000,14,14,14,GUROBI,1
