instanceIndex,vpcGenerator,terms,lpBound,disjunctiveDualBound,lpBoundPostVpc,rootDualBound,dualBound,primalBound,vpcGenerationTime,rootDualBoundTime,bestSolutionTime,terminationTime,nodes,iterations,maxTime,actualTerms,numCuts,cutLimit,mipSolver,providePrimalBound
0,New,64,3320.771000,5011.751000,4733.633889,9902.817977,11392.027490,11393.000000,41.460681,41.873969,486.673940,486.674093,68586,3138883,5121.300000,64,15,15,GUROBI,1
2,Old,64,1770.109692,1931.325613,1909.662151,4450.024200,4606.845833,4606.845833,6.500618,6.659607,6.727152,6.734748,54,1026,5121.300000,64,12,0,GUROBI,1
3,Old,64,1658.253923,2255.886291,2255.886291,4165.099318,4203.487130,4203.487130,7.328998,7.469664,7.490040,7.492412,21,542,5121.300000,64,14,0,GUROBI,1
4,Old,64,1412.538918,1422.350815,1422.350815,2476.136153,2476.494302,10000000000000000159028911097599180468360808563945281389781327557747838772170381060813469985856815104.000000,6.926643,6.954289,6.926643,6.954590,1,78,5121.300000,64,9,0,GUROBI,1
5,Old,64,1683.468217,2283.079287,2264.615653,5346.503251,5420.437500,5420.437500,8.713364,8.919515,9.106919,9.108266,116,1965,5121.300000,64,13,0,GUROBI,1
