instanceIndex,vpcGenerator,terms,lpBound,disjunctiveDualBound,lpBoundPostVpc,rootDualBound,dualBound,primalBound,vpcGenerationTime,rootDualBoundTime,bestSolutionTime,terminationTime,nodes,iterations,maxTime,actualTerms,numCuts,cutLimit,mipSolver,providePrimalBound
0,New,4,3320.771000,3939.428000,3891.698182,9962.250867,11391.975301,11393.000000,2.353810,2.739515,186.994094,286.558065,48392,1940215,3600.000000,4,14,15,GUROBI,1
1,New,4,2932.094500,3544.094500,3517.790850,9297.701332,10978.403821,10979.500000,2.552706,2.923158,1310.552864,1346.571448,306165,9160358,3600.000000,6,10,16,GUROBI,1
2,New,4,3312.880500,3679.571000,3679.571000,9874.510533,11391.864000,11393.000000,1.906174,2.288917,466.455949,466.456101,75513,2952238,3600.000000,4,11,16,GUROBI,1
3,New,4,2994.201429,3377.485726,3377.029183,7900.182701,8925.673535,8926.500000,6.310002,6.607265,18.577584,28.696609,8249,188351,3600.000000,12,14,14,GUROBI,1
4,New,4,3065.027558,3589.840872,3536.123039,9240.876616,10801.967777,11683.000000,3.290760,3.741291,2435.922074,3603.291914,883442,29516356,3600.000000,5,16,16,GUROBI,1
5,New,4,3057.736700,3821.736700,3620.287821,9584.661401,11019.955267,11021.000000,3.283300,3.756162,525.022384,525.022536,50285,2332191,3600.000000,5,16,16,GUROBI,1
