instanceIndex,vpcGenerator,terms,lpBound,disjunctiveDualBound,lpBoundPostVpc,rootDualBound,dualBound,primalBound,vpcGenerationTime,rootDualBoundTime,bestSolutionTime,terminationTime,nodes,iterations,maxTime,actualTerms,numCuts,cutLimit,mipSolver,providePrimalBound
0,New,256,95919464.000000,104331738.000000,97766531.733871,106920712.985292,106932242.082178,106940226.000000,166.182948,166.317842,166.326302,166.326421,8,369,300.000000,256,2,19,GUROBI,1
1,Farkas,256,86581569.234754,89394921.000736,86581569.234754,94144764.786197,94732115.221269,94734524.340278,7.474689,7.649909,7.665011,7.683857,23,755,300.000000,256,2,0,GUROBI,1
2,Farkas,256,73782616.063087,74807018.902437,73782616.063087,76960885.421765,77366940.194444,77366940.194444,8.917516,9.068821,9.083295,9.090062,17,522,300.000000,256,2,0,GUROBI,1
3,Farkas,256,76277325.445017,77691262.267570,76277325.445017,81842607.692025,82298596.342593,82298596.342593,9.322174,9.469255,9.487587,9.498962,24,588,300.000000,256,2,0,GUROBI,1
4,Farkas,256,78167193.594611,78791475.567285,78167193.594611,82236341.918023,82266889.122377,10000000000000000159028911097599180468360808563945281389781327557747838772170381060813469985856815104.000000,8.377702,8.512927,8.377702,8.521771,8,312,300.000000,256,2,0,GUROBI,1
