instanceIndex,vpcGenerator,terms,lpBound,disjunctiveDualBound,lpBoundPostVpc,rootDualBound,dualBound,primalBound,vpcGenerationTime,rootDualBoundTime,bestSolutionTime,terminationTime,nodes,iterations,maxTime,actualTerms,numCuts,cutLimit,mipSolver,providePrimalBound
0,New,4,95919464.000000,97834834.000000,97308834.000000,106929598.956037,106939359.869194,10000000000000000159028911097599180468360808563945281389781327557747838772170381060813469985856815104.000000,8.612264,8.746025,8.612264,8.751632,5,329,3600.000000,4,14,19,GUROBI,1
1,Farkas,4,95244875.748450,96225382.980396,95696206.253649,104825307.994774,105214785.875000,105214785.875000,0.110382,0.250165,0.276826,0.305402,35,767,3600.000000,4,14,0,GUROBI,1
2,Farkas,4,75975229.721306,77421845.221306,77354729.721306,87256996.621140,87390590.500000,87390590.500000,0.122504,0.338402,0.370032,0.373454,23,738,3600.000000,4,14,0,GUROBI,1
3,Farkas,4,97635257.226068,98745190.866773,98581261.850584,107475740.326648,107621779.500000,107621779.500000,0.118305,0.286539,0.292177,0.298744,15,463,3600.000000,4,14,0,GUROBI,1
4,Farkas,4,88902677.557471,90760600.546069,90226677.557471,98605379.836353,99095240.639312,99105005.500000,0.108667,0.279351,0.340606,0.341195,38,862,3600.000000,4,14,0,GUROBI,1
5,Farkas,4,66835790.469401,67158673.802734,66835790.469401,72484610.614788,72835269.804134,72840901.898551,0.133088,0.252629,0.264597,0.273960,19,417,3600.000000,4,14,0,GUROBI,1
