instanceIndex,vpcGenerator,terms,lpBound,disjunctiveDualBound,lpBoundPostVpc,rootDualBound,dualBound,primalBound,vpcGenerationTime,rootDualBoundTime,bestSolutionTime,terminationTime,nodes,iterations,maxTime,actualTerms,numCuts,cutLimit,mipSolver,providePrimalBound
0,None,16,95919464.000000,95919464.000000,95919464.000000,106929683.664870,106940226.000000,106940226.000000,0.000002,0.323266,0.329632,0.329753,7,361,23.880000,0,0,0,GUROBI,1
1,None,16,75780834.568904,75780834.568904,75780834.568904,81709108.180790,81936079.300000,81936079.300000,0.000003,0.510716,0.571830,0.575858,29,871,23.880000,0,0,0,GUROBI,1
2,None,16,41347015.087966,41347015.087966,41347015.087966,42417129.182744,42681848.942680,42681848.942680,0.000002,0.104606,0.106336,0.107097,3,130,23.880000,0,0,0,GUROBI,1
3,None,16,55081604.087068,55081604.087068,55081604.087068,56861975.156395,56866516.271845,10000000000000000159028911097599180468360808563945281389781327557747838772170381060813469985856815104.000000,0.000002,0.070728,0.000002,0.072041,1,186,23.880000,0,0,0,GUROBI,1
4,None,16,38849852.647589,38849852.647589,38849852.647589,40196742.956876,40437265.062762,10000000000000000159028911097599180468360808563945281389781327557747838772170381060813469985856815104.000000,0.000002,0.220846,0.000002,0.224102,4,253,23.880000,0,0,0,GUROBI,1
5,None,16,37526446.880186,37526446.880186,37526446.880186,38127747.999248,38141176.229646,38141176.229646,0.000002,0.150837,0.152574,0.153573,4,185,23.880000,0,0,0,GUROBI,1
