instanceIndex,vpcGenerator,terms,lpBound,disjunctiveDualBound,lpBoundPostVpc,rootDualBound,dualBound,primalBound,vpcGenerationTime,rootDualBoundTime,bestSolutionTime,terminationTime,nodes,iterations,maxTime,actualTerms,numCuts,cutLimit,mipSolver,providePrimalBound
0,New,16,95919464.000000,100601267.000000,97404113.204199,106929598.956037,106939359.869194,10000000000000000159028911097599180468360808563945281389781327557747838772170381060813469985856815104.000000,22.522689,22.655670,22.522689,22.661330,5,329,23.880000,16,8,19,GUROBI,1
1,Farkas,16,75780834.568904,76744958.810831,75780834.568904,81586627.161681,81936079.300000,81936079.300000,0.523932,0.725870,0.754736,0.765958,28,902,23.880000,16,8,0,GUROBI,1
2,Farkas,16,41347015.087966,41347015.087966,41347015.087966,42417129.182744,42681848.942680,42681848.942680,0.906586,0.958497,0.960260,0.961082,3,131,23.880000,16,8,0,GUROBI,1
3,Farkas,16,55081604.087068,55226594.546956,55081604.087068,56858187.296648,56866516.271845,10000000000000000159028911097599180468360808563945281389781327557747838772170381060813469985856815104.000000,0.777367,0.832639,0.777367,0.833979,1,181,23.880000,16,8,0,GUROBI,1
4,Farkas,16,38849852.647589,38862270.512912,38849852.647589,40196742.956876,40437265.062762,10000000000000000159028911097599180468360808563945281389781327557747838772170381060813469985856815104.000000,0.789265,0.921192,0.789265,0.924577,4,250,23.880000,16,8,0,GUROBI,1
5,Farkas,16,37526446.880186,37533614.345771,37526446.880186,38127747.999248,38141176.229646,38141176.229646,0.921827,1.011590,1.014615,1.014733,4,189,23.880000,16,8,0,GUROBI,1
