instanceIndex,vpcGenerator,terms,lpBound,disjunctiveDualBound,lpBoundPostVpc,rootDualBound,dualBound,primalBound,vpcGenerationTime,rootDualBoundTime,bestSolutionTime,terminationTime,nodes,iterations,maxTime,actualTerms,numCuts,cutLimit,mipSolver,providePrimalBound
0,New,64,95919464.000000,102291675.000000,99118571.662651,106920712.985292,106932242.082178,106940226.000000,55.367904,55.503228,55.511665,55.511776,8,369,110.280000,64,4,19,GUROBI,1
1,New,64,75780834.568904,79558756.217123,76710161.093907,81586627.161681,81936079.300000,81936079.300000,129.367041,129.756086,129.820202,129.845605,28,902,110.280000,64,2,16,GUROBI,1
