instanceIndex,vpcGenerator,terms,lpBound,disjunctiveDualBound,lpBoundPostVpc,rootDualBound,dualBound,primalBound,vpcGenerationTime,rootDualBoundTime,bestSolutionTime,terminationTime,nodes,iterations,maxTime,actualTerms,numCuts,cutLimit,mipSolver,providePrimalBound
0,New,16,3.000000,3.000000,3.000000,4.000000,4.000000,10000000000000000159028911097599180468360808563945281389781327557747838772170381060813469985856815104.000000,44.811076,45.099008,44.811076,45.108380,1,1366,3600.000000,46,2,456,GUROBI,1
1,Farkas,16,3.000000,3.000000,3.000000,6.000000,7.000000,7.000000,6.972412,8.435134,8.565924,8.945553,30,2563,3600.000000,46,2,0,GUROBI,1
