instanceIndex,vpcGenerator,terms,lpBound,disjunctiveDualBound,lpBoundPostVpc,rootDualBound,dualBound,primalBound,vpcGenerationTime,rootDualBoundTime,bestSolutionTime,terminationTime,nodes,iterations,maxTime,actualTerms,numCuts,cutLimit,mipSolver,providePrimalBound
0,New,64,348385.346551,372551.681387,350277.271684,1286851.089831,1470667.298716,1485866.000000,172.312891,187.092071,2079.647764,3772.327229,15625,2030151,3600.000000,176,5,527,GUROBI,1
1,New,64,-3628897.015165,-3616871.152997,-3617904.319964,-2195986.000922,-2112200.000000,-2112200.000000,1486.256895,1492.247141,1644.285081,1644.296478,805,74690,3600.000000,68,107,389,GUROBI,1
2,New,64,228245.235252,246691.016539,230306.519500,1227034.829697,1385389.879384,1404161.000000,157.318832,170.083036,1687.186717,3757.322798,20719,1969969,3600.000000,144,3,492,GUROBI,1
3,New,64,-404451.640202,-397652.684486,-404162.412726,666698.886214,827034.508363,841298.000000,129.606410,142.183463,3672.073860,3729.608137,30105,4840918,3600.000000,72,2,487,GUROBI,1
4,New,64,-132704.462735,-106919.210828,-131972.511301,878641.713840,1103556.798719,1122782.000000,142.516552,152.719556,2235.996616,3742.520929,36240,4440967,3600.000000,136,2,484,GUROBI,1
