instanceIndex,vpcGenerator,terms,lpBound,disjunctiveDualBound,lpBoundPostVpc,rootDualBound,dualBound,primalBound,vpcGenerationTime,rootDualBoundTime,bestSolutionTime,terminationTime,nodes,iterations,maxTime,actualTerms,numCuts,cutLimit,mipSolver,providePrimalBound
0,New,16,947.957237,971.153846,964.633188,1055.003125,1120.000000,1120.000000,2.736680,2.819308,2.927236,2.959174,494,3260,3600.000000,25,8,8,GUROBI,1
2,Old,16,949.959211,973.153846,966.138815,1062.264283,1120.000000,1120.000000,0.340524,0.430177,0.754887,0.754958,763,3887,3600.000000,25,8,0,GUROBI,1
3,Old,16,947.957237,971.153846,967.078877,1055.797147,1120.000000,1120.000000,0.350626,0.427540,0.506271,0.520262,369,2409,3600.000000,25,8,0,GUROBI,1
