instanceIndex,vpcGenerator,terms,lpBound,disjunctiveDualBound,lpBoundPostVpc,rootDualBound,dualBound,primalBound,vpcGenerationTime,rootDualBoundTime,bestSolutionTime,terminationTime,nodes,iterations,maxTime,actualTerms,numCuts,cutLimit,mipSolver,providePrimalBound
0,None,64,55.000000,55.000000,55.000000,372.150000,374.000000,375.000000,0.000004,1.070954,1.532865,1.859684,71,10953,3600.000000,0,0,0,GUROBI,1
1,None,64,55.500000,55.500000,55.500000,372.894737,374.000000,376.000000,0.000003,1.185961,1.463443,1.482901,33,8183,3600.000000,0,0,0,GUROBI,1
2,None,64,56.000000,56.000000,56.000000,372.088235,374.000000,10000000000000000159028911097599180468360808563945281389781327557747838772170381060813469985856815104.000000,0.000004,0.856476,0.000004,0.931907,1,4942,3600.000000,0,0,0,GUROBI,1
3,None,64,55.500000,55.500000,55.500000,371.777778,374.000000,374.000000,0.000003,1.105935,1.609789,1.747703,70,10243,3600.000000,0,0,0,GUROBI,1
4,None,64,55.000000,55.000000,55.000000,372.150000,374.000000,375.000000,0.000005,1.069177,1.526236,1.851104,71,10953,3600.000000,0,0,0,GUROBI,1
