instanceIndex,vpcGenerator,terms,lpBound,disjunctiveDualBound,lpBoundPostVpc,rootDualBound,dualBound,primalBound,vpcGenerationTime,rootDualBoundTime,bestSolutionTime,terminationTime,nodes,iterations,maxTime,actualTerms,numCuts,cutLimit,mipSolver,providePrimalBound
0,New,4,38893.903641,38924.292248,38910.357848,39029.457292,40001.056920,40005.053810,1.852980,2.058589,10.558726,101.682188,641086,3119695,7200.000000,4,7,11,GUROBI,1
1,Old,4,38893.197130,38923.606810,38909.658423,39027.778847,40000.068988,40004.053810,0.342684,0.607596,69.302028,77.350130,401426,1851859,7200.000000,4,7,0,GUROBI,1
2,Old,4,38893.012377,38923.421695,38914.715180,39021.252173,40001.142579,40005.142150,0.352427,0.522436,1.786377,76.648044,433401,2163117,7200.000000,4,7,0,GUROBI,1
3,Old,4,17947.610514,17947.610514,17947.610514,10000000000000000159028911097599180468360808563945281389781327557747838772170381060813469985856815104.000000,17947.610330,10000000000000000159028911097599180468360808563945281389781327557747838772170381060813469985856815104.000000,0.189849,0.196519,0.189849,0.196519,0,0,7200.000000,4,11,0,GUROBI,1
4,Old,4,32669.695646,32674.628529,32674.628529,32847.761975,33685.786608,33689.142160,0.374700,0.733943,3.567429,25.675754,143218,751886,7200.000000,4,4,0,GUROBI,1
