instanceIndex,vpcGenerator,terms,lpBound,disjunctiveDualBound,lpBoundPostVpc,rootDualBound,dualBound,primalBound,vpcGenerationTime,rootDualBoundTime,bestSolutionTime,terminationTime,nodes,iterations,maxTime,actualTerms,numCuts,cutLimit,mipSolver,providePrimalBound
0,New,4,10482.795280,10573.334266,10542.265672,10584.579590,11800.007512,11801.185350,2.350299,2.553975,467.339268,1051.906259,4292454,24947429,3600.000000,4,12,12,GUROBI,1
1,Farkas,4,10482.803093,10573.342078,10542.273484,10584.587402,11800.013192,11801.193163,0.035757,0.238542,686.819599,686.819745,2828206,16885156,3600.000000,4,12,0,GUROBI,1
2,Farkas,4,10482.795280,10573.334266,10542.265672,10584.579591,11800.005466,11801.185350,0.035861,0.248293,2.992920,884.073286,4458071,25937580,3600.000000,4,12,0,GUROBI,1
3,Farkas,4,10482.795280,10573.334266,10542.265672,10584.578463,11800.005282,11801.185350,0.036029,0.239982,7.536065,698.989154,2926732,17566544,3600.000000,4,12,0,GUROBI,1
4,Farkas,4,10482.797352,10573.334266,10542.271798,10584.584011,11800.013862,11801.185350,0.035283,0.236442,21.558983,909.206727,3635427,22221423,3600.000000,4,12,0,GUROBI,1
