instanceIndex,vpcGenerator,terms,lpBound,disjunctiveDualBound,lpBoundPostVpc,rootDualBound,dualBound,primalBound,vpcGenerationTime,rootDualBoundTime,bestSolutionTime,terminationTime,nodes,iterations,maxTime,actualTerms,numCuts,cutLimit,mipSolver,providePrimalBound
0,New,64,38893.903641,39041.736508,39028.895865,39034.615583,40001.061295,40005.053810,32.315335,32.400333,49.950258,225.306949,267429,1905454,7200.000000,64,11,11,GUROBI,1
1,Farkas,64,17947.610508,17947.610507,17947.610508,10000000000000000159028911097599180468360808563945281389781327557747838772170381060813469985856815104.000000,17947.610330,10000000000000000159028911097599180468360808563945281389781327557747838772170381060813469985856815104.000000,1.198770,1.208455,1.198770,1.208455,0,0,7200.000000,64,11,0,GUROBI,1
2,Farkas,64,17947.610517,17947.610517,17947.610517,10000000000000000159028911097599180468360808563945281389781327557747838772170381060813469985856815104.000000,17947.610330,10000000000000000159028911097599180468360808563945281389781327557747838772170381060813469985856815104.000000,1.116509,1.126849,1.116509,1.126849,0,0,7200.000000,64,11,0,GUROBI,1
3,Farkas,64,17947.610545,17947.610545,17947.610545,10000000000000000159028911097599180468360808563945281389781327557747838772170381060813469985856815104.000000,17947.610330,10000000000000000159028911097599180468360808563945281389781327557747838772170381060813469985856815104.000000,1.064537,1.073578,1.064537,1.073578,0,0,7200.000000,64,11,0,GUROBI,1
4,Farkas,64,17947.610523,17947.610523,17947.610523,10000000000000000159028911097599180468360808563945281389781327557747838772170381060813469985856815104.000000,17947.610330,10000000000000000159028911097599180468360808563945281389781327557747838772170381060813469985856815104.000000,1.147786,1.157779,1.147786,1.157779,0,0,7200.000000,64,11,0,GUROBI,1
5,Farkas,64,17947.610510,17947.610509,17947.610510,10000000000000000159028911097599180468360808563945281389781327557747838772170381060813469985856815104.000000,17947.610330,10000000000000000159028911097599180468360808563945281389781327557747838772170381060813469985856815104.000000,1.093284,1.100456,1.093284,1.100456,0,0,7200.000000,64,11,0,GUROBI,1
