instanceIndex,vpcGenerator,terms,lpBound,disjunctiveDualBound,lpBoundPostVpc,rootDualBound,dualBound,primalBound,vpcGenerationTime,rootDualBoundTime,bestSolutionTime,terminationTime,nodes,iterations,maxTime,actualTerms,numCuts,cutLimit,mipSolver,providePrimalBound
0,New,64,10482.795280,10660.962990,10658.955923,10659.863088,11800.005741,11801.185350,34.869020,34.934027,2779.389021,2779.389183,4324254,25793578,3600.000000,64,12,12,GUROBI,1
1,New,64,10482.803566,10660.994240,10658.987173,10659.883610,11800.015160,11801.185350,34.478408,34.544071,48.251044,1859.437132,2628220,15891556,3600.000000,64,12,12,GUROBI,1
2,New,64,10482.795280,10660.962990,10658.955923,10659.863089,11800.005347,11801.185350,34.502501,34.566882,42.771063,3552.506401,5515999,32752909,3600.000000,64,12,12,GUROBI,1
3,New,64,10482.795280,10660.962990,10658.955923,10659.861284,11800.005503,11801.185350,34.418977,34.484552,2686.507874,2686.508010,3824294,22418418,3600.000000,64,12,12,GUROBI,1
4,New,64,10482.826530,10660.993072,10658.987173,10659.451678,11800.005733,11801.185350,34.230570,34.297777,39.633397,2880.445126,4185478,24343109,3600.000000,64,12,12,GUROBI,1
