instanceIndex,vpcGenerator,terms,lpBound,disjunctiveDualBound,lpBoundPostVpc,rootDualBound,dualBound,primalBound,vpcGenerationTime,rootDualBoundTime,bestSolutionTime,terminationTime,nodes,iterations,maxTime,actualTerms,numCuts,cutLimit,mipSolver,providePrimalBound
0,None,16,608.844340,608.844340,608.844340,11369.417306,11689.000000,16451.000000,0.000005,1.938753,6.668445,24.597371,695,44759,3600.000000,0,0,0,GUROBI,1
1,None,16,610.325472,610.325472,610.325472,11700.461338,11896.000000,16167.000000,0.000002,1.867202,5.311272,20.434801,617,41233,3600.000000,0,0,0,GUROBI,1
2,None,16,609.858491,609.858491,609.858491,11464.290150,11864.000000,16137.000000,0.000003,1.815459,6.009598,13.351847,567,31497,3600.000000,0,0,0,GUROBI,1
3,None,16,608.382075,608.382075,608.382075,11250.129492,11662.000000,16558.000000,0.000003,1.749007,6.259445,22.086998,660,42002,3600.000000,0,0,0,GUROBI,1
