instanceIndex,vpcGenerator,terms,lpBound,disjunctiveDualBound,lpBoundPostVpc,rootDualBound,dualBound,primalBound,vpcGenerationTime,rootDualBoundTime,bestSolutionTime,terminationTime,nodes,iterations,maxTime,actualTerms,numCuts,cutLimit,mipSolver,providePrimalBound
0,New,4,608.844340,631.665094,612.690893,11377.146694,11689.000000,16236.000000,29.114552,31.385683,51.435998,51.436318,648,45831,300.000000,4,22,363,GUROBI,1
2,Old,4,-34931.132075,-34931.018868,-34931.018868,-30314.239798,-29964.127223,-28938.000000,6.647471,7.683191,294.725559,300.002117,7211,446714,300.000000,4,2,0,GUROBI,1
3,Old,4,-37816.528302,-37816.094340,-37816.415094,-33111.661334,-32742.390671,-31641.000000,6.468616,7.984267,267.194588,300.001032,6616,431525,300.000000,4,5,0,GUROBI,1
6,Old,4,-65959.632075,-65959.179245,-65959.179245,-62986.662119,-62641.906169,-61626.000000,6.979612,8.432611,244.549955,300.004113,5278,503420,300.000000,4,3,0,GUROBI,1
8,Old,4,-53625.938679,-53625.419811,-53625.419811,-49862.579814,-49576.211164,-48449.000000,6.690169,8.383436,275.356398,300.001178,4027,394296,300.000000,4,3,0,GUROBI,1
9,Old,4,-25132.707547,-25128.259434,-25130.202830,-19001.198210,-18728.866297,-17795.000000,6.425319,8.181010,240.255686,300.001178,6350,400849,300.000000,4,10,0,GUROBI,1
