instanceIndex,vpcGenerator,terms,lpBound,disjunctiveDualBound,lpBoundPostVpc,rootDualBound,dualBound,primalBound,vpcGenerationTime,rootDualBoundTime,bestSolutionTime,terminationTime,nodes,iterations,maxTime,actualTerms,numCuts,cutLimit,mipSolver,providePrimalBound
0,New,16,608.844340,649.830189,632.024075,11478.216390,11689.000000,15249.000000,1120.743871,1123.423438,1126.989820,1135.613215,565,38227,3600.000000,16,266,363,GUROBI,1
1,New,16,610.325472,971.754717,658.084906,11558.297249,11896.000000,16942.000000,36.731409,38.649725,43.377761,53.776573,664,39597,3600.000000,20,2,366,GUROBI,1
2,New,16,609.858491,881.976415,836.783019,11473.173492,11864.000000,17696.000000,32.867688,34.902470,39.764064,45.858831,603,32332,3600.000000,17,1,364,GUROBI,1
3,New,16,608.382075,685.627358,651.098102,11248.080224,11662.000000,15696.000000,96.567127,98.591809,103.844833,118.899728,649,43525,3600.000000,17,18,361,GUROBI,1
