instanceIndex,vpcGenerator,terms,lpBound,disjunctiveDualBound,lpBoundPostVpc,rootDualBound,dualBound,primalBound,vpcGenerationTime,rootDualBoundTime,bestSolutionTime,terminationTime,nodes,iterations,maxTime,actualTerms,numCuts,cutLimit,mipSolver,providePrimalBound
0,New,16,91.764706,99.604278,94.396421,1531.478303,1566.000000,1566.000000,153.179551,156.208443,212.126039,214.042532,1343,142561,3600.000000,16,31,363,GUROBI,1
1,Old,16,65.793656,66.786973,66.770892,1458.498095,1483.000000,1485.000000,30.275392,32.176041,43.305311,43.808304,608,39492,3600.000000,16,31,0,GUROBI,1
2,Old,16,57.753439,57.898916,57.891502,1436.634060,1484.000000,1484.000000,28.654997,30.359627,87.837959,87.868653,5166,233400,3600.000000,16,23,0,GUROBI,1
