instanceIndex,vpcGenerator,terms,lpBound,disjunctiveDualBound,lpBoundPostVpc,rootDualBound,dualBound,primalBound,vpcGenerationTime,rootDualBoundTime,bestSolutionTime,terminationTime,nodes,iterations,maxTime,actualTerms,numCuts,cutLimit,mipSolver,providePrimalBound
0,New,4,91.764706,95.064171,91.961015,1517.879096,1566.000000,1566.000000,24.448558,27.048830,88.866283,89.461312,1342,115743,300.000000,4,17,363,GUROBI,1
1,Farkas,4,43.044021,43.117231,43.052044,1360.547654,1404.000000,1404.000000,0.708808,2.164125,33.173806,33.400439,1784,79727,300.000000,4,17,0,GUROBI,1
2,Farkas,4,28.204991,28.204990,28.204990,1433.570211,1465.000000,1485.000000,0.702068,2.359226,25.604141,25.604457,951,53717,300.000000,4,17,0,GUROBI,1
3,Farkas,4,29.667941,29.667941,29.667941,1204.793860,1224.000000,1422.000000,0.716692,2.152363,18.428993,18.429296,651,39158,300.000000,4,17,0,GUROBI,1
4,Farkas,4,25.810276,25.810276,25.810276,1399.447821,1423.000000,1424.000000,0.716776,2.224091,23.097644,23.097967,1349,59095,300.000000,4,17,0,GUROBI,1
5,Farkas,4,19.751033,19.751033,19.751033,1100.397201,1121.000000,1121.000000,0.711981,2.412556,28.763961,28.773654,2218,76845,300.000000,4,17,0,GUROBI,1
6,Farkas,4,28.280979,28.280979,28.280979,1022.543099,1076.000000,1076.000000,0.749907,1.992509,29.321514,34.152899,3256,98941,300.000000,4,17,0,GUROBI,1
7,Farkas,4,42.080422,42.080422,42.080422,814.525924,833.000000,871.000000,0.820774,1.803411,12.591932,12.592234,664,23256,300.000000,4,17,0,GUROBI,1
