instanceIndex,vpcGenerator,terms,lpBound,disjunctiveDualBound,lpBoundPostVpc,rootDualBound,dualBound,primalBound,vpcGenerationTime,rootDualBoundTime,bestSolutionTime,terminationTime,nodes,iterations,maxTime,actualTerms,numCuts,cutLimit,mipSolver,providePrimalBound
0,New,4,193774.753707,193797.803826,193793.842082,193830.920723,211892.000000,211913.000000,133.605848,136.838572,754.343705,785.225862,32052,2654733,4263.250000,4,96,1224,GUROBI,1
1,New,4,193749.327089,193771.184254,193751.091611,193827.938941,211876.000000,211892.000000,443.730935,446.906611,727.715334,728.925482,19818,1500876,4263.250000,4,174,1200,GUROBI,1
2,New,4,193786.104874,193799.895525,193791.878957,193844.998771,211899.000000,211918.000000,80.728634,84.355073,237.379143,296.542605,18331,1419184,4263.250000,4,83,1197,GUROBI,1
3,New,4,193782.312385,193816.074313,193798.242285,193872.808927,211888.000000,211908.000000,619.861463,624.124493,805.581882,806.691623,15154,1177338,4263.250000,4,48,1194,GUROBI,1
4,New,4,193783.814010,193798.290741,193794.829206,193852.867945,211886.000000,211902.000000,71.751579,75.086173,319.007191,343.213553,17991,1417710,4263.250000,4,79,1194,GUROBI,1
