instanceIndex,vpcGenerator,terms,lpBound,disjunctiveDualBound,lpBoundPostVpc,rootDualBound,dualBound,primalBound,vpcGenerationTime,rootDualBoundTime,bestSolutionTime,terminationTime,nodes,iterations,maxTime,actualTerms,numCuts,cutLimit,mipSolver,providePrimalBound
0,New,16,-60670.366638,-59740.283142,-60275.053697,-53999.324465,-52242.000000,-52242.000000,64.000239,64.262888,64.355639,65.286708,623,4436,45.700000,18,24,75,GUROBI,1
1,Old,16,-60784.708277,-59769.533767,-60337.997100,-54124.428463,-52303.000000,-52303.000000,2.954569,3.216658,4.948574,4.948716,686,5866,45.700000,18,25,0,GUROBI,1
2,Old,16,-60661.028396,-59730.824801,-60249.243690,-53857.131964,-52131.000000,-52131.000000,2.931106,3.201226,3.285226,4.173290,640,5016,45.700000,18,25,0,GUROBI,1
3,Old,16,-60667.219383,-59729.043762,-60253.913206,-53716.666620,-52258.000000,-52258.000000,2.924980,3.243685,4.916079,4.930982,860,9975,45.700000,18,25,0,GUROBI,1
4,Old,16,-60704.586967,-59835.359549,-60380.454320,-53975.427094,-52115.000000,-52115.000000,2.975700,3.244128,3.317825,4.283201,792,8228,45.700000,18,25,0,GUROBI,1
