instanceIndex,vpcGenerator,terms,lpBound,disjunctiveDualBound,lpBoundPostVpc,rootDualBound,dualBound,primalBound,vpcGenerationTime,rootDualBoundTime,bestSolutionTime,terminationTime,nodes,iterations,maxTime,actualTerms,numCuts,cutLimit,mipSolver,providePrimalBound
0,New,16,-59156.757374,-58274.377668,-58416.090609,-51651.622818,-49716.000000,-49716.000000,200.154339,200.312512,202.075163,202.075306,732,6481,3600.000000,27,75,75,GUROBI,1
1,Old,16,-59168.198569,-58286.028896,-58427.741837,-51209.071446,-49514.027522,-49514.000000,6.019351,6.326822,7.991503,8.036673,870,8762,3600.000000,27,75,0,GUROBI,1
2,Old,16,-59066.469223,-58183.192295,-58324.905237,-51182.360762,-49558.000000,-49558.000000,5.575373,5.851939,6.006695,7.521679,679,7166,3600.000000,27,75,0,GUROBI,1
3,Old,16,-59265.801245,-58386.423369,-58527.543369,-51829.221684,-49814.000000,-49814.000000,5.935794,6.090228,7.404358,7.404502,664,4542,3600.000000,27,75,0,GUROBI,1
4,Old,16,-59143.204697,-58260.468782,-58401.984076,-51239.135886,-49616.000000,-49616.000000,5.933288,6.212672,8.518759,8.669319,991,12122,3600.000000,27,75,0,GUROBI,1
