instanceIndex,vpcGenerator,terms,lpBound,disjunctiveDualBound,lpBoundPostVpc,rootDualBound,dualBound,primalBound,vpcGenerationTime,rootDualBoundTime,bestSolutionTime,terminationTime,nodes,iterations,maxTime,actualTerms,numCuts,cutLimit,mipSolver,providePrimalBound
0,None,4,-61651.227098,-61651.227098,-61651.227098,-54592.363314,-52301.000000,-52301.000000,0.000002,0.203276,1.931749,2.323183,1128,19078,3600.000000,0,0,0,GUROBI,1
1,None,4,-61646.212249,-61646.212249,-61646.212249,-54588.659755,-52298.000000,-52298.000000,0.000002,0.200444,1.094419,1.535483,1044,14596,3600.000000,0,0,0,GUROBI,1
2,None,4,-61646.949027,-61646.949027,-61646.949027,-54582.734674,-52290.000000,-52290.000000,0.000002,0.202273,2.379312,2.379454,1101,15527,3600.000000,0,0,0,GUROBI,1
3,None,4,-61648.444012,-61648.444012,-61648.444012,-54568.514229,-52276.000000,-52276.000000,0.000002,0.200299,1.408072,1.539185,813,8504,3600.000000,0,0,0,GUROBI,1
4,None,4,-61653.117763,-61653.117763,-61653.117763,-54596.049028,-52305.000000,-52305.000000,0.000002,0.199994,1.072207,1.646607,1055,14958,3600.000000,0,0,0,GUROBI,1
