instanceIndex,vpcGenerator,terms,lpBound,disjunctiveDualBound,lpBoundPostVpc,rootDualBound,dualBound,primalBound,vpcGenerationTime,rootDualBoundTime,bestSolutionTime,terminationTime,nodes,iterations,maxTime,actualTerms,numCuts,cutLimit,mipSolver,providePrimalBound
0,New,256,-60670.366638,-58230.536708,-60330.053697,-54131.400944,-52625.142020,-52242.000000,957.122164,957.378827,957.556121,958.124652,583,3503,300.000000,608,15,75,GUROBI,1
1,New,256,-60666.882465,-58227.052534,-60325.654584,-54124.339899,-52741.112020,-52150.000000,997.046878,997.312829,997.425250,998.047742,566,3624,300.000000,605,16,75,GUROBI,1
2,New,256,-60672.918694,-58233.434580,-60332.605752,-54108.505302,-53022.057611,-52242.000000,955.202110,955.453474,955.853534,956.204867,541,2571,300.000000,608,15,75,GUROBI,1
