instanceIndex,vpcGenerator,terms,lpBound,disjunctiveDualBound,lpBoundPostVpc,rootDualBound,dualBound,primalBound,vpcGenerationTime,rootDualBoundTime,bestSolutionTime,terminationTime,nodes,iterations,maxTime,actualTerms,numCuts,cutLimit,mipSolver,providePrimalBound
0,New,4,-61651.227098,-61298.095431,-61298.095431,-54591.195880,-52301.000000,-52301.000000,1.740821,1.949207,3.575164,3.837790,1300,16216,3600.000000,4,2,75,GUROBI,1
1,New,4,-61651.723847,-61298.592180,-61298.592180,-55271.852199,-52734.000000,-52734.000000,1.747777,1.931307,4.030033,4.943974,1753,30698,3600.000000,4,2,75,GUROBI,1
2,New,4,-61652.297189,-61307.175423,-61307.175423,-55589.697338,-54039.000000,-54039.000000,1.747252,1.955307,1.994858,2.725416,619,3918,3600.000000,4,2,75,GUROBI,1
3,New,4,-61651.725338,-61298.593671,-61298.593671,-54633.208890,-52401.000000,-52401.000000,1.745445,1.956902,3.522199,3.532145,861,8622,3600.000000,4,2,75,GUROBI,1
4,New,4,-61941.123386,-61603.651719,-61603.651719,-55814.416890,-54699.000000,-54699.000000,1.753878,2.031427,2.299300,2.597969,847,10273,3600.000000,4,2,75,GUROBI,1
