instanceIndex,vpcGenerator,terms,lpBound,disjunctiveDualBound,lpBoundPostVpc,rootDualBound,dualBound,primalBound,vpcGenerationTime,rootDualBoundTime,bestSolutionTime,terminationTime,nodes,iterations,maxTime,actualTerms,numCuts,cutLimit,mipSolver,providePrimalBound
0,None,4,-59987.196374,-59987.196374,-59987.196374,-52300.663526,-50768.000000,-50768.000000,0.000003,0.399226,1.377244,1.377404,600,4452,3600.000000,0,0,0,GUROBI,1
1,None,4,-59866.995545,-59866.995545,-59866.995545,-52216.783520,-50369.000000,-50369.000000,0.000002,0.194708,1.920560,1.934932,862,8991,3600.000000,0,0,0,GUROBI,1
2,None,4,-60250.971628,-60250.971628,-60250.971628,-52620.291905,-51166.000000,-51166.000000,0.000003,0.256276,1.480582,1.480734,629,5630,3600.000000,0,0,0,GUROBI,1
3,None,4,-60034.970362,-60034.970362,-60034.970362,-52436.420965,-50668.000000,-50668.000000,0.000004,0.351946,1.513727,1.565283,651,5297,3600.000000,0,0,0,GUROBI,1
4,None,4,-60000.341949,-60000.341949,-60000.341949,-52325.015400,-50535.000000,-50535.000000,0.000003,0.203141,1.974389,1.974536,679,5861,3600.000000,0,0,0,GUROBI,1
