instanceIndex,vpcGenerator,terms,lpBound,disjunctiveDualBound,lpBoundPostVpc,rootDualBound,dualBound,primalBound,vpcGenerationTime,rootDualBoundTime,bestSolutionTime,terminationTime,nodes,iterations,maxTime,actualTerms,numCuts,cutLimit,mipSolver,providePrimalBound
0,New,64,-60527.437212,-58904.954009,-59987.712576,-53545.460998,-51532.000000,-51532.000000,940.790706,940.947143,942.454349,942.454513,745,6080,3600.000000,373,75,75,GUROBI,1
1,Old,64,-60528.408968,-58905.925765,-59991.307143,-53607.483565,-51532.000000,-51532.000000,78.822812,79.019170,80.766939,80.767094,1087,11760,3600.000000,373,75,0,GUROBI,1
2,Old,64,-60524.993330,-58909.745676,-59991.757040,-53665.672999,-51432.000000,-51432.000000,72.821912,72.973244,74.537373,74.537518,741,6718,3600.000000,373,75,0,GUROBI,1
