instanceIndex,vpcGenerator,terms,lpBound,disjunctiveDualBound,lpBoundPostVpc,rootDualBound,dualBound,primalBound,vpcGenerationTime,rootDualBoundTime,bestSolutionTime,terminationTime,nodes,iterations,maxTime,actualTerms,numCuts,cutLimit,mipSolver,providePrimalBound
0,None,4,-61651.227098,-61651.227098,-61651.227098,-54592.363314,-52301.000000,-52301.000000,0.000002,0.207559,1.931845,2.321892,1128,19078,20.000000,0,0,0,GUROBI,1
1,None,4,-61650.786171,-61650.786171,-61650.786171,-54573.882419,-52290.000000,-52290.000000,0.000002,0.206343,2.008494,2.134055,874,9193,20.000000,0,0,0,GUROBI,1
2,None,4,-61652.641502,-61652.641502,-61652.641502,-54569.134878,-52277.000000,-52277.000000,0.000003,0.204560,1.814236,1.814378,899,10630,20.000000,0,0,0,GUROBI,1
3,None,4,-61651.297595,-61651.297595,-61651.297595,-54603.865497,-52346.000000,-52346.000000,0.000003,0.196257,2.292003,2.779912,1590,24094,20.000000,0,0,0,GUROBI,1
4,None,4,-61658.314321,-61658.314321,-61658.314321,-54576.262940,-52287.540849,-52284.000000,0.000003,0.206700,2.273623,2.404408,1071,14565,20.000000,0,0,0,GUROBI,1
