instanceIndex,vpcGenerator,terms,lpBound,disjunctiveDualBound,lpBoundPostVpc,rootDualBound,dualBound,primalBound,vpcGenerationTime,rootDualBoundTime,bestSolutionTime,terminationTime,nodes,iterations,maxTime,actualTerms,numCuts,cutLimit,mipSolver,providePrimalBound
0,New,16,-59987.196374,-59058.381374,-59416.655539,-52112.966444,-50768.000000,-50768.000000,114.735613,115.379251,115.709857,116.742551,617,5835,15.500000,216,30,75,GUROBI,1
1,New,16,-59995.405903,-59066.590903,-59418.667001,-52235.775817,-50726.000000,-50726.000000,114.369605,114.708732,116.345355,116.345490,658,6037,15.500000,216,30,75,GUROBI,1
2,New,16,-60017.788506,-59059.052395,-59381.814890,-52411.245446,-50916.000000,-50916.000000,226.134484,226.566468,226.786925,228.763047,635,5465,15.500000,119,75,75,GUROBI,1
3,New,16,-59971.967844,-59153.813530,-59314.927167,-52095.603788,-50804.000000,-50804.000000,232.041339,232.552848,234.342547,234.342685,648,6437,15.500000,117,75,75,GUROBI,1
4,New,16,-59990.535517,-59051.311629,-59436.107063,-52228.618199,-50701.000000,-50701.000000,59.417620,59.930351,61.796874,61.797017,645,6089,15.500000,122,18,75,GUROBI,1
