instanceIndex,vpcGenerator,terms,lpBound,disjunctiveDualBound,lpBoundPostVpc,rootDualBound,dualBound,primalBound,vpcGenerationTime,rootDualBoundTime,bestSolutionTime,terminationTime,nodes,iterations,maxTime,actualTerms,numCuts,cutLimit,mipSolver,providePrimalBound
0,New,4,-60670.366638,-60412.463697,-60412.463697,-54016.221114,-52242.000000,-52242.000000,16.003719,16.257896,16.335557,17.638869,654,6209,3600.000000,4,24,75,GUROBI,1
1,New,4,-60670.756980,-60412.415804,-60412.415804,-54042.837054,-52268.000000,-52268.000000,15.979489,16.223784,16.370539,17.305886,625,4895,3600.000000,4,24,75,GUROBI,1
2,New,4,-60671.692450,-60413.789509,-60413.789509,-54016.835533,-52235.000000,-52235.000000,15.986509,16.236515,16.319055,17.435387,632,5090,3600.000000,4,24,75,GUROBI,1
3,New,4,-60667.259524,-60409.356583,-60409.356583,-54064.756585,-52183.000000,-52183.000000,15.961436,16.214589,16.285205,17.231751,618,4676,3600.000000,4,24,75,GUROBI,1
4,New,4,-60669.583402,-60411.680461,-60411.680461,-54025.339246,-52251.000000,-52251.000000,15.978264,16.237228,16.320179,17.290012,623,5360,3600.000000,4,24,75,GUROBI,1
