instanceIndex,vpcGenerator,terms,lpBound,disjunctiveDualBound,lpBoundPostVpc,rootDualBound,dualBound,primalBound,vpcGenerationTime,rootDualBoundTime,bestSolutionTime,terminationTime,nodes,iterations,maxTime,actualTerms,numCuts,cutLimit,mipSolver,providePrimalBound
0,New,64,-60527.437212,-58904.954009,-59987.712576,-53545.460998,-52123.851614,-50636.000000,967.114770,967.268839,967.467545,968.117213,580,2709,300.000000,373,75,75,GUROBI,1
1,New,64,-61427.614462,-60184.170483,-60951.867496,-56103.388229,-55721.169016,-55057.000000,714.140611,714.611755,714.845893,715.141223,534,4565,300.000000,296,69,69,GUROBI,1
2,New,64,-60525.805998,-58903.366919,-59813.908916,-53872.150240,-52806.874512,-51598.000000,479.592999,479.826646,479.900484,480.594877,566,3992,300.000000,373,32,75,GUROBI,1
3,New,64,-60526.836267,-59001.460767,-59403.263527,-54191.234867,-52634.603646,-51719.000000,847.172620,847.340652,847.506741,848.174375,584,2615,300.000000,108,75,75,GUROBI,1
