instanceIndex,vpcGenerator,terms,lpBound,disjunctiveDualBound,lpBoundPostVpc,rootDualBound,dualBound,primalBound,vpcGenerationTime,rootDualBoundTime,bestSolutionTime,terminationTime,nodes,iterations,maxTime,actualTerms,numCuts,cutLimit,mipSolver,providePrimalBound
0,New,256,-60670.366638,-58230.536708,-60330.153832,-54131.400944,-52625.142020,-52242.000000,933.755761,934.009995,934.189080,934.756197,583,3503,300.000000,608,14,75,GUROBI,1
1,New,256,-60666.521790,-58262.863767,-60327.122250,-54163.194181,-52725.427952,-52225.000000,1005.950917,1006.216042,1006.336883,1006.955717,579,3643,300.000000,607,16,75,GUROBI,1
2,New,256,-60669.470138,-58216.178242,-60290.162156,-54135.844683,-52774.857662,-52140.000000,831.801345,832.064808,832.193315,832.803712,570,3472,300.000000,608,12,75,GUROBI,1
