instanceIndex,vpcGenerator,terms,lpBound,disjunctiveDualBound,lpBoundPostVpc,rootDualBound,dualBound,primalBound,vpcGenerationTime,rootDualBoundTime,bestSolutionTime,terminationTime,nodes,iterations,maxTime,actualTerms,numCuts,cutLimit,mipSolver,providePrimalBound
0,New,64,-60670.366638,-58938.426083,-60275.053697,-54016.221114,-52242.000000,-52242.000000,349.628322,349.890145,349.968617,351.094785,639,5732,66.690000,107,30,75,GUROBI,1
1,Farkas,64,-60675.892246,-58954.879926,-60297.397540,-54279.707739,-52278.000000,-52278.000000,3.062860,3.215952,4.605392,4.605535,788,8633,66.690000,107,30,0,GUROBI,1
2,Farkas,64,-60668.412696,-58936.472141,-60273.099755,-54028.527201,-52235.000000,-52235.000000,3.041919,3.294276,3.452579,4.415716,627,4446,66.690000,107,30,0,GUROBI,1
