instanceIndex,vpcGenerator,terms,lpBound,disjunctiveDualBound,lpBoundPostVpc,rootDualBound,dualBound,primalBound,vpcGenerationTime,rootDualBoundTime,bestSolutionTime,terminationTime,nodes,iterations,maxTime,actualTerms,numCuts,cutLimit,mipSolver,providePrimalBound
0,New,16,-61651.227098,-60663.667915,-60968.766738,-54351.013087,-52301.000000,-52301.000000,132.277027,132.626976,134.326493,134.326666,699,5707,22.000000,22,49,75,GUROBI,1
1,Old,16,-61711.391966,-60724.013437,-61029.112260,-54640.011851,-52433.000000,-52433.000000,7.193868,7.531000,9.530717,9.537527,1245,22185,22.000000,22,49,0,GUROBI,1
2,Old,16,-61710.625581,-60722.863424,-61027.757542,-54626.689616,-52430.000000,-52430.000000,7.199896,7.505576,9.092775,9.092927,1147,16008,22.000000,22,49,0,GUROBI,1
3,Old,16,-61655.110597,-60667.346708,-60972.650237,-54545.177861,-52302.752720,-52301.000000,7.178870,7.482823,9.637115,9.902811,1592,26661,22.000000,22,49,0,GUROBI,1
4,Old,16,-61647.494345,-60659.534607,-60964.633430,-54344.041490,-52301.000000,-52301.000000,7.180914,7.522027,8.760123,9.206133,1267,20486,22.000000,22,50,0,GUROBI,1
