instanceIndex,vpcGenerator,terms,lpBound,disjunctiveDualBound,lpBoundPostVpc,rootDualBound,dualBound,primalBound,vpcGenerationTime,rootDualBoundTime,bestSolutionTime,terminationTime,nodes,iterations,maxTime,actualTerms,numCuts,cutLimit,mipSolver,providePrimalBound
0,New,64,-60670.366638,-58938.426083,-60275.053697,-54016.221114,-52242.000000,-52242.000000,348.525535,348.786811,348.865249,349.990065,639,5732,66.690000,107,30,75,GUROBI,1
1,Old,64,-60675.892246,-58954.879926,-60297.397540,-53825.624088,-52278.000000,-52278.000000,45.272186,45.613954,45.691043,46.612594,659,7041,66.690000,107,25,0,GUROBI,1
2,Old,64,-60668.412696,-58936.472141,-60273.099755,-53971.257717,-52235.000000,-52235.000000,45.838188,46.109934,47.305484,47.319655,624,4911,66.690000,107,30,0,GUROBI,1
