instanceIndex,vpcGenerator,terms,lpBound,disjunctiveDualBound,lpBoundPostVpc,rootDualBound,dualBound,primalBound,vpcGenerationTime,rootDualBoundTime,bestSolutionTime,terminationTime,nodes,iterations,maxTime,actualTerms,numCuts,cutLimit,mipSolver,providePrimalBound
0,New,16,-60527.437212,-59536.560480,-60017.104042,-53554.789691,-51532.000000,-51532.000000,228.418741,228.570736,230.451356,230.455672,757,6524,23.670000,115,75,75,GUROBI,1
1,Old,16,-61375.805677,-60678.472749,-60961.902880,-55275.327199,-53743.000000,-53743.000000,10.859392,11.151635,12.105799,12.200163,640,6746,23.670000,115,73,0,GUROBI,1
2,Old,16,-61620.361174,-61049.463964,-61138.886414,-55005.881971,-54076.155047,-54073.000000,9.056136,9.290450,9.707078,9.707221,675,5167,23.670000,115,73,0,GUROBI,1
