instanceIndex,vpcGenerator,terms,lpBound,disjunctiveDualBound,lpBoundPostVpc,rootDualBound,dualBound,primalBound,vpcGenerationTime,rootDualBoundTime,bestSolutionTime,terminationTime,nodes,iterations,maxTime,actualTerms,numCuts,cutLimit,mipSolver,providePrimalBound
0,New,4,1415.000000,1425.000000,1422.656250,1535.000000,2810.000000,2810.000000,3.650474,4.124548,9.678006,15.955285,7599,87358,3600.000000,4,16,16,GUROBI,1
1,Farkas,4,1412.000000,1421.500000,1420.022727,1532.045727,2804.000000,2804.000000,0.130924,1.100459,14.056963,44.823503,25519,313213,3600.000000,4,16,0,GUROBI,1
2,Farkas,4,1407.750000,1418.000000,1416.419643,1514.920000,2799.000000,2799.000000,0.135694,0.825787,14.752785,43.936846,23113,322769,3600.000000,4,16,0,GUROBI,1
3,Farkas,4,1412.500000,1422.500000,1420.705882,1518.126829,2805.000000,2805.000000,0.137859,0.800577,36.424589,55.116939,29791,424796,3600.000000,4,16,0,GUROBI,1
4,Farkas,4,1403.000000,1411.000000,1411.000000,1531.346297,2789.000000,2789.000000,0.128558,0.691304,23.313755,44.276533,28537,345687,3600.000000,4,16,0,GUROBI,1
5,Farkas,4,1405.000000,1414.500000,1413.543478,1525.804233,2797.000000,2797.000000,0.130501,0.870634,10.085975,45.044609,25839,344206,3600.000000,4,16,0,GUROBI,1
