instanceIndex,vpcGenerator,terms,lpBound,disjunctiveDualBound,lpBoundPostVpc,rootDualBound,dualBound,primalBound,vpcGenerationTime,rootDualBoundTime,bestSolutionTime,terminationTime,nodes,iterations,maxTime,actualTerms,numCuts,cutLimit,mipSolver,providePrimalBound
0,New,16,256.016667,263.402381,258.957417,275.083562,280.950000,280.950000,1.288774,1.389215,1.542261,1.544246,116,1159,3600.000000,16,5,5,GUROBI,1
1,New,16,256.016667,262.647619,260.201587,275.921186,280.950000,280.950000,0.787269,0.982185,1.110013,1.118973,109,1139,3600.000000,16,5,5,GUROBI,1
2,New,16,256.016667,263.402381,258.957417,275.083562,280.950000,280.950000,0.784414,0.897131,1.017682,1.031370,116,1159,3600.000000,16,5,5,GUROBI,1
3,New,16,256.016667,263.402381,258.957417,275.083562,280.950000,280.950000,0.787228,0.876548,0.954213,0.966409,116,1159,3600.000000,16,5,5,GUROBI,1
4,New,16,256.016667,263.402381,258.957417,275.083562,280.950000,280.950000,0.781885,0.863153,0.941395,0.943372,116,1159,3600.000000,16,5,5,GUROBI,1
5,New,16,256.016667,263.402381,259.455405,277.181643,280.950000,280.950000,0.790020,0.967370,1.045674,1.048455,55,805,3600.000000,16,5,5,GUROBI,1
