instanceIndex,vpcGenerator,terms,lpBound,disjunctiveDualBound,lpBoundPostVpc,rootDualBound,dualBound,primalBound,vpcGenerationTime,rootDualBoundTime,bestSolutionTime,terminationTime,nodes,iterations,maxTime,actualTerms,numCuts,cutLimit,mipSolver,providePrimalBound
0,None,4,291.089439,291.089439,291.089439,303.666682,307.000000,307.000000,0.000033,0.125546,0.147807,0.149644,23,366,1.000000,0,0,0,GUROBI,1
1,None,4,275.956664,275.956664,275.956664,291.664960,297.000000,330.000000,0.000004,0.152046,0.997510,1.000351,709,3789,1.000000,0,0,0,GUROBI,1
2,None,4,298.764174,298.764174,298.764174,308.283391,311.000000,10000000000000000159028911097599180468360808563945281389781327557747838772170381060813469985856815104.000000,0.000006,0.148425,0.000006,0.155464,10,229,1.000000,0,0,0,GUROBI,1
