instanceIndex,vpcGenerator,terms,lpBound,disjunctiveDualBound,lpBoundPostVpc,rootDualBound,dualBound,primalBound,vpcGenerationTime,rootDualBoundTime,bestSolutionTime,terminationTime,nodes,iterations,maxTime,actualTerms,numCuts,cutLimit,mipSolver,providePrimalBound
0,None,4,291.089439,291.089439,291.089439,303.666682,307.000000,307.000000,0.000004,0.129758,0.152051,0.153873,23,366,1.000000,0,0,0,GUROBI,1
1,None,4,278.036409,278.036409,278.036409,290.257053,293.000000,293.000000,0.000006,0.093254,0.103537,0.103627,12,154,1.000000,0,0,0,GUROBI,1
2,None,4,283.546841,283.546841,283.546841,296.559301,298.000000,10000000000000000159028911097599180468360808563945281389781327557747838772170381060813469985856815104.000000,0.000003,0.101110,0.000003,0.105405,3,183,1.000000,0,0,0,GUROBI,1
3,None,4,287.138216,287.138216,287.138216,300.014897,304.000000,304.000000,0.000002,0.112905,0.120472,0.124083,15,214,1.000000,0,0,0,GUROBI,1
4,None,4,282.094115,282.094115,282.094115,295.814633,297.000000,10000000000000000159028911097599180468360808563945281389781327557747838772170381060813469985856815104.000000,0.000003,0.121064,0.000003,0.122429,1,176,1.000000,0,0,0,GUROBI,1
