instanceIndex,vpcGenerator,terms,lpBound,disjunctiveDualBound,lpBoundPostVpc,rootDualBound,dualBound,primalBound,vpcGenerationTime,rootDualBoundTime,bestSolutionTime,terminationTime,nodes,iterations,maxTime,actualTerms,numCuts,cutLimit,mipSolver,providePrimalBound
0,New,4,20430947.618854,20440452.078832,20435722.003258,20731272.625885,20740044.565756,20740496.768779,1.468340,1.616348,1.639482,1.640753,34,763,3600.000000,4,10,30,GUROBI,1
1,New,4,5658581.738527,5663887.086183,5663887.086183,5875619.659390,5877663.711781,5878096.083512,1.213187,1.329867,1.346125,1.346217,30,515,3600.000000,8,4,35,GUROBI,1
2,New,4,3732963.147137,3736558.396405,3736558.396405,3954795.970818,3963921.490464,3963921.490464,1.466909,1.584562,1.595565,1.597091,19,383,3600.000000,7,6,32,GUROBI,1
3,New,4,10161205.666258,10184905.482310,10167853.110837,10432258.396300,10435524.764097,10443139.005607,0.889163,1.023737,1.028348,1.042063,34,442,3600.000000,4,6,40,GUROBI,1
4,New,4,240169.595007,249822.492542,249822.492542,485626.262236,486805.952449,486805.952449,1.977094,2.063551,2.068746,2.069234,11,296,3600.000000,7,9,34,GUROBI,1
