instanceIndex,vpcGenerator,terms,lpBound,disjunctiveDualBound,lpBoundPostVpc,rootDualBound,dualBound,primalBound,vpcGenerationTime,rootDualBoundTime,bestSolutionTime,terminationTime,nodes,iterations,maxTime,actualTerms,numCuts,cutLimit,mipSolver,providePrimalBound
0,New,16,39794.745138,40473.153827,39953.438347,52104.297738,52148.000000,52148.000000,305.441086,306.390258,306.436581,306.439936,9,1299,58.350000,65,95,125,GUROBI,1
1,Old,16,-182053.495075,-181840.088154,-181841.805780,-170621.353398,-154796.589034,-111209.000000,19.979501,21.081011,78.330075,78.330291,6258,276004,58.350000,65,37,0,GUROBI,1
2,Old,16,9863.406668,9992.994443,9977.784524,21495.030180,21865.000000,21865.000000,21.448413,22.682961,23.673384,23.743116,175,4629,58.350000,65,58,0,GUROBI,1
3,Old,16,-77393.369538,-76974.947714,-77214.718982,-68308.188115,-50480.485010,-42907.000000,21.744642,22.687791,59.613283,80.096545,7530,265961,58.350000,65,58,0,GUROBI,1
4,Old,16,-60547.213185,-60493.466279,-60493.466279,-49770.862651,-36117.011112,-31573.000000,18.614952,19.983182,65.667137,76.965783,5817,215086,58.350000,65,26,0,GUROBI,1
