instanceIndex,vpcGenerator,terms,lpBound,disjunctiveDualBound,lpBoundPostVpc,rootDualBound,dualBound,primalBound,vpcGenerationTime,rootDualBoundTime,bestSolutionTime,terminationTime,nodes,iterations,maxTime,actualTerms,numCuts,cutLimit,mipSolver,providePrimalBound
0,None,4,39794.745138,39794.745138,39794.745138,52012.519535,52148.000000,52148.000000,0.000004,0.724231,0.817548,0.827517,24,1043,3600.000000,0,0,0,GUROBI,1
1,None,4,37812.264966,37812.264966,37812.264966,49744.138308,49883.000000,49883.000000,0.000003,0.791031,0.880435,0.887324,25,1124,3600.000000,0,0,0,GUROBI,1
2,None,4,35125.612276,35125.612276,35125.612276,48288.665498,48461.000000,48461.000000,0.000004,1.005233,1.089215,1.089587,17,1341,3600.000000,0,0,0,GUROBI,1
3,None,4,37415.399596,37415.399596,37415.399596,50072.568369,50148.000000,50148.000000,0.000003,0.783921,0.811741,0.817848,11,1137,3600.000000,0,0,0,GUROBI,1
4,None,4,40313.035110,40313.035110,40313.035110,52570.268080,52636.250256,52640.000000,0.000004,0.774745,0.803985,0.807319,10,1041,3600.000000,0,0,0,GUROBI,1
5,None,4,40403.653195,40403.653195,40403.653195,52626.639236,52637.000000,10000000000000000159028911097599180468360808563945281389781327557747838772170381060813469985856815104.000000,0.000003,0.831087,0.000003,0.861779,6,1129,3600.000000,0,0,0,GUROBI,1
