instanceIndex,vpcGenerator,terms,lpBound,disjunctiveDualBound,lpBoundPostVpc,rootDualBound,dualBound,primalBound,vpcGenerationTime,rootDualBoundTime,bestSolutionTime,terminationTime,nodes,iterations,maxTime,actualTerms,numCuts,cutLimit,mipSolver,providePrimalBound
0,New,256,10552.352941,12325.370019,10970.000000,13154.256649,13383.828612,13385.000000,75.901476,76.102001,76.455204,76.458499,233,4406,300.000000,256,3,16,GUROBI,1
3,Old,256,14158.087407,14802.362595,14438.952258,15982.987843,16646.116721,17360.438366,310.623560,310.841498,311.623795,311.623900,477,6891,300.000000,256,8,0,GUROBI,1
