instanceIndex,vpcGenerator,terms,lpBound,disjunctiveDualBound,lpBoundPostVpc,rootDualBound,dualBound,primalBound,vpcGenerationTime,rootDualBoundTime,bestSolutionTime,terminationTime,nodes,iterations,maxTime,actualTerms,numCuts,cutLimit,mipSolver,providePrimalBound
0,New,4,19608.410661,19670.396949,19670.396949,31068.070699,32735.000000,34930.000000,318.143744,337.812407,340.562305,341.300102,48,82259,3600.000000,4,50,195,GUROBI,1
1,New,4,-5790238.399277,-5789126.827025,-5789126.827025,-5779362.308049,-5779184.509614,-5779045.350000,10.800509,11.480201,11.514205,11.517760,11,1027,3600.000000,4,3,35,GUROBI,1
2,New,4,-5859238.501340,-5858773.551960,-5859235.028273,-5849502.059496,-5848593.870990,-5848474.420000,14.134022,14.677791,14.724346,14.729246,11,992,3600.000000,4,6,48,GUROBI,1
3,New,4,-5014264.698321,-5013401.273348,-5013830.299152,-5002911.459129,-5002631.061982,-5002477.420000,32.800840,33.568270,33.754173,33.754572,43,1556,3600.000000,4,23,51,GUROBI,1
4,New,4,-3882933.282792,-3882930.016534,-3882931.287842,-3873575.126982,-3872978.160888,-3872592.990000,11.042022,11.711167,11.753581,11.764943,15,1223,3600.000000,4,3,49,GUROBI,1
