instanceIndex,vpcGenerator,terms,lpBound,disjunctiveDualBound,lpBoundPostVpc,rootDualBound,dualBound,primalBound,vpcGenerationTime,rootDualBoundTime,bestSolutionTime,terminationTime,nodes,iterations,maxTime,actualTerms,numCuts,cutLimit,mipSolver,providePrimalBound
0,New,16,32734.114782,34516.207374,33791.054841,66033.827736,74326.033939,74333.343340,8.466321,8.698694,197.000984,197.196404,52822,1103398,3600.000000,16,8,130,GUROBI,1
1,Farkas,16,30725.373040,32172.647314,31782.313099,62914.364464,67878.334853,67882.038036,0.338534,0.617612,12.643870,12.744595,4613,63832,3600.000000,16,8,0,GUROBI,1
2,Farkas,16,32215.410077,33317.595262,32967.604237,65185.326664,72334.888609,72341.962377,0.339226,0.584662,100.977363,101.054670,33614,633300,3600.000000,16,8,0,GUROBI,1
3,Farkas,16,32198.020687,33966.294962,33254.960747,65413.774083,71878.688735,71885.676675,0.343111,0.631218,25.204595,75.221646,24985,453118,3600.000000,16,8,0,GUROBI,1
4,Farkas,16,30759.118786,31684.271939,31367.578106,63255.012863,67664.143698,67666.166081,0.347980,0.570069,6.333306,6.333450,2400,30553,3600.000000,16,8,0,GUROBI,1
