instanceIndex,vpcGenerator,terms,lpBound,disjunctiveDualBound,lpBoundPostVpc,rootDualBound,dualBound,primalBound,vpcGenerationTime,rootDualBoundTime,bestSolutionTime,terminationTime,nodes,iterations,maxTime,actualTerms,numCuts,cutLimit,mipSolver,providePrimalBound
0,New,64,6519541.944917,6528589.381052,6519892.961004,11486166.666274,11490583.921280,11507166.666274,279.841358,280.613443,281.561048,285.865728,580,52171,300.000000,138,3,202,GUROBI,1
1,Old,64,8737260.593359,8737925.420830,8737925.420830,12987019.455042,12987187.654060,10000000000000000159028911097599180468360808563945281389781327557747838772170381060813469985856815104.000000,312.205959,312.739028,312.205959,313.206588,144,7330,300.000000,138,2,0,GUROBI,1
4,Old,64,6250381.999976,6252198.051214,6252198.051214,10842175.537956,10883456.202509,10884528.657120,155.835048,156.404561,162.254450,162.254657,1949,44891,300.000000,138,3,0,GUROBI,1
