instanceIndex,vpcGenerator,terms,lpBound,disjunctiveDualBound,lpBoundPostVpc,rootDualBound,dualBound,primalBound,vpcGenerationTime,rootDualBoundTime,bestSolutionTime,terminationTime,nodes,iterations,maxTime,actualTerms,numCuts,cutLimit,mipSolver,providePrimalBound
0,New,64,60224.082818,60612.960210,60277.356393,64722.742415,64722.742415,10000000000000000159028911097599180468360808563945281389781327557747838772170381060813469985856815104.000000,357.524350,358.506195,357.524350,358.525482,1,2386,300.000000,64,1,47,GUROBI,1
2,New,64,60213.709157,60609.686913,60316.449473,64743.650563,64836.468443,64842.190000,293.060779,294.843479,296.155314,296.290792,245,7618,300.000000,64,2,49,GUROBI,1
5,New,64,60177.315024,60639.391219,60230.588599,64528.768056,64529.483457,10000000000000000159028911097599180468360808563945281389781327557747838772170381060813469985856815104.000000,346.571165,347.421356,346.571165,347.577877,1,2226,300.000000,64,1,47,GUROBI,1
7,New,64,60232.584523,60649.121830,60285.858098,64624.533446,64624.640147,10000000000000000159028911097599180468360808563945281389781327557747838772170381060813469985856815104.000000,370.159620,370.943545,370.159620,371.164243,1,2225,300.000000,88,2,47,GUROBI,1
8,New,64,60188.248647,60568.494685,60241.522222,64631.303003,64631.303003,10000000000000000159028911097599180468360808563945281389781327557747838772170381060813469985856815104.000000,346.770856,347.766369,346.770856,347.771241,1,2397,300.000000,64,1,47,GUROBI,1
9,New,64,60181.342507,60575.979024,60234.616082,64649.958876,64649.958876,10000000000000000159028911097599180468360808563945281389781327557747838772170381060813469985856815104.000000,335.086447,336.077236,335.086447,336.086851,1,2624,300.000000,145,1,46,GUROBI,1
