instanceIndex,vpcGenerator,terms,lpBound,disjunctiveDualBound,lpBoundPostVpc,rootDualBound,dualBound,primalBound,vpcGenerationTime,rootDualBoundTime,bestSolutionTime,terminationTime,nodes,iterations,maxTime,actualTerms,numCuts,cutLimit,mipSolver,providePrimalBound
0,None,4,-632.858549,-632.858549,-632.858549,12.577699,59.884856,59.885000,0.000003,0.528390,65.434610,65.984208,11355,164233,1858.000000,0,0,0,GUROBI,1
1,None,4,-631.090017,-631.090017,-631.090017,12.517904,58.879555,58.885000,0.000003,0.501619,133.568228,133.568646,35041,722298,1858.000000,0,0,0,GUROBI,1
2,None,4,-663.027848,-663.027848,-663.027848,-5.258260,44.087406,44.090000,0.000003,0.610367,66.197815,66.198017,13256,212444,1858.000000,0,0,0,GUROBI,1
3,None,4,-631.571400,-631.571400,-631.571400,12.610934,58.279223,58.285000,0.000004,0.506539,41.354915,175.434590,45133,959383,1858.000000,0,0,0,GUROBI,1
4,None,4,-1132.858549,-1132.858549,-1132.858549,-487.328072,-440.115000,-440.115000,0.000003,0.528480,69.811694,69.811903,10403,171170,1858.000000,0,0,0,GUROBI,1
5,None,4,-632.540377,-632.540377,-632.540377,12.779345,66.981998,66.985000,0.000002,0.516911,93.446297,93.446486,13914,232875,1858.000000,0,0,0,GUROBI,1
6,None,4,-632.858549,-632.858549,-632.858549,12.767202,59.880000,59.885000,0.000003,0.513755,143.519427,143.519887,31197,812692,1858.000000,0,0,0,GUROBI,1
7,None,4,-633.178022,-633.178022,-633.178022,9.629135,57.110000,57.115000,0.000003,0.565164,118.118320,118.118694,29603,564849,1858.000000,0,0,0,GUROBI,1
8,None,4,-632.858549,-632.858549,-632.858549,10.909465,56.485000,56.485000,0.000002,0.468006,48.872242,48.953986,10276,160967,1858.000000,0,0,0,GUROBI,1
9,None,4,-633.095204,-633.095204,-633.095204,9.409825,57.045000,57.045000,0.000003,0.623478,49.212540,49.212731,10301,164446,1858.000000,0,0,0,GUROBI,1
