instanceIndex,vpcGenerator,terms,lpBound,disjunctiveDualBound,lpBoundPostVpc,rootDualBound,dualBound,primalBound,vpcGenerationTime,rootDualBoundTime,bestSolutionTime,terminationTime,nodes,iterations,maxTime,actualTerms,numCuts,cutLimit,mipSolver,providePrimalBound
0,None,16,124.317810,124.317810,124.317810,140.353647,210.300000,210.300000,0.000003,0.291973,2.801082,6.919722,4095,25410,3600.000000,0,0,0,GUROBI,1
1,None,16,127.082828,127.082828,127.082828,144.784267,213.700000,213.700000,0.000003,0.500304,1.558192,3.183060,1720,10494,3600.000000,0,0,0,GUROBI,1
2,None,16,124.317810,124.317810,124.317810,140.242490,210.300000,210.300000,0.000003,0.309450,1.753317,6.338348,3559,23857,3600.000000,0,0,0,GUROBI,1
3,None,16,124.986906,124.986906,124.986906,146.463841,210.300000,210.300000,0.000003,0.580322,1.625889,4.262021,2219,15554,3600.000000,0,0,0,GUROBI,1
4,None,16,124.725057,124.725057,124.725057,141.250548,210.300000,210.300000,0.000003,0.315900,0.706034,4.770944,2769,18181,3600.000000,0,0,0,GUROBI,1
