instanceIndex,vpcGenerator,terms,lpBound,disjunctiveDualBound,lpBoundPostVpc,rootDualBound,dualBound,primalBound,vpcGenerationTime,rootDualBoundTime,bestSolutionTime,terminationTime,nodes,iterations,maxTime,actualTerms,numCuts,cutLimit,mipSolver,providePrimalBound
0,New,64,51585.969145,51621.062395,51592.363351,51942.887678,51944.528128,51949.711749,39.415228,39.504940,39.630989,39.649402,215,980,3600.000000,64,18,30,GUROBI,1
1,New,64,51657.862644,51673.838468,51658.628026,51945.130282,51946.442608,51951.477490,26.177059,26.279525,26.415681,26.415783,376,1219,3600.000000,64,11,31,GUROBI,1
2,New,64,51629.268378,51670.428232,51654.694407,52029.722982,52044.790583,52049.994495,34.134295,34.225318,38.573266,38.573381,6813,43033,3600.000000,64,16,31,GUROBI,1
