instanceIndex,vpcGenerator,terms,lpBound,disjunctiveDualBound,lpBoundPostVpc,rootDualBound,dualBound,primalBound,vpcGenerationTime,rootDualBoundTime,bestSolutionTime,terminationTime,nodes,iterations,maxTime,actualTerms,numCuts,cutLimit,mipSolver,providePrimalBound
0,None,4,1.000000,1.000000,1.000000,3.000000,3.000000,10000000000000000159028911097599180468360808563945281389781327557747838772170381060813469985856815104.000000,0.000004,23.319371,0.000004,25.022623,1,15111,300.000000,0,0,0,GUROBI,1
1,None,4,1.000000,1.000000,1.000000,3.000000,3.000000,10000000000000000159028911097599180468360808563945281389781327557747838772170381060813469985856815104.000000,0.000018,22.768697,0.000018,24.600853,1,15271,300.000000,0,0,0,GUROBI,1
2,None,4,1.000000,1.000000,1.000000,3.000000,13.000000,10000000000000000159028911097599180468360808563945281389781327557747838772170381060813469985856815104.000000,0.000004,55.547811,0.000004,300.281158,516,260805,300.000000,0,0,0,GUROBI,1
3,None,4,1.000000,1.000000,1.000000,3.000000,3.000000,13.000000,0.000003,188.659245,300.013487,300.015107,191,162447,300.000000,0,0,0,GUROBI,1
