instanceIndex,vpcGenerator,terms,lpBound,disjunctiveDualBound,lpBoundPostVpc,rootDualBound,dualBound,primalBound,vpcGenerationTime,rootDualBoundTime,bestSolutionTime,terminationTime,nodes,iterations,maxTime,actualTerms,numCuts,cutLimit,mipSolver,providePrimalBound
0,None,16,0.000000,0.000000,0.000000,10000000000000000159028911097599180468360808563945281389781327557747838772170381060813469985856815104.000000,0.000000,10000000000000000159028911097599180468360808563945281389781327557747838772170381060813469985856815104.000000,0.000003,0.109518,0.000003,0.109518,0,0,3600.000000,0,0,0,GUROBI,1
1,None,16,0.000000,0.000000,0.000000,0.250000,10.000000,10.000000,0.000004,5.322921,82.346380,82.735786,8245,690457,3600.000000,0,0,0,GUROBI,1
2,None,16,0.000000,0.000000,0.000000,2.000000,8.499782,8.500000,0.000004,3.720635,140.850831,141.079052,7834,874289,3600.000000,0,0,0,GUROBI,1
3,None,16,0.000000,0.000000,0.000000,1.562500,7.500000,7.500000,0.000004,6.055513,157.456341,158.452007,9917,1025170,3600.000000,0,0,0,GUROBI,1
4,None,16,0.000000,0.000000,0.000000,3.000000,11.000000,11.000000,0.000004,5.915243,113.290220,122.886125,8384,849137,3600.000000,0,0,0,GUROBI,1
