instanceIndex,vpcGenerator,terms,lpBound,disjunctiveDualBound,lpBoundPostVpc,rootDualBound,dualBound,primalBound,vpcGenerationTime,rootDualBoundTime,bestSolutionTime,terminationTime,nodes,iterations,maxTime,actualTerms,numCuts,cutLimit,mipSolver,providePrimalBound
0,None,4,60224.082818,60224.082818,60224.082818,64731.645824,64824.143624,64829.590000,0.000004,1.419434,2.357273,2.421308,114,4976,10.000000,0,0,0,GUROBI,1
1,None,4,59853.711690,59853.711690,59853.711690,64721.996626,64839.038585,64843.854000,0.000004,1.994638,5.266756,5.955006,448,16368,10.000000,0,0,0,GUROBI,1
2,None,4,58117.918810,58117.918810,58117.918810,63572.122707,63628.498041,63655.626667,0.000004,2.718500,9.655064,10.009534,510,27802,10.000000,0,0,0,GUROBI,1
3,None,4,59823.251091,59823.251091,59823.251091,64691.736441,64785.336412,64790.416000,0.000004,1.578664,2.945791,3.204256,169,6990,10.000000,0,0,0,GUROBI,1
4,None,4,59598.859521,59598.859521,59598.859521,64475.886070,64638.488526,64643.760000,0.000003,1.939803,5.018224,6.651168,557,22593,10.000000,0,0,0,GUROBI,1
5,None,4,56891.239756,56891.239756,56891.239756,62476.477322,62659.937482,62665.396664,0.000004,2.528540,9.537523,9.537827,692,33572,10.000000,0,0,0,GUROBI,1
