instanceIndex,vpcGenerator,terms,lpBound,disjunctiveDualBound,lpBoundPostVpc,rootDualBound,dualBound,primalBound,vpcGenerationTime,rootDualBoundTime,bestSolutionTime,terminationTime,nodes,iterations,maxTime,actualTerms,numCuts,cutLimit,mipSolver,providePrimalBound
0,None,16,0.000000,0.000000,0.000000,4.000000,5.000000,10000000000000000159028911097599180468360808563945281389781327557747838772170381060813469985856815104.000000,0.000003,2.904515,0.000003,3.469789,1,13170,3600.000000,0,0,0,GUROBI,1
1,None,16,0.000000,0.000000,0.000000,4.000000,5.000000,10000000000000000159028911097599180468360808563945281389781327557747838772170381060813469985856815104.000000,0.000002,3.894791,0.000002,4.484279,1,17538,3600.000000,0,0,0,GUROBI,1
2,None,16,-0.062500,-0.062500,-0.062500,2.937500,4.937500,10000000000000000159028911097599180468360808563945281389781327557747838772170381060813469985856815104.000000,0.000002,1.086123,0.000002,1.128477,1,3250,3600.000000,0,0,0,GUROBI,1
3,None,16,-0.062500,-0.062500,-0.062500,3.937500,4.937500,4.937500,0.000002,6.417084,7.666000,15.171247,726,84482,3600.000000,0,0,0,GUROBI,1
4,None,16,-0.062500,-0.062500,-0.062500,3.968750,4.937500,10000000000000000159028911097599180468360808563945281389781327557747838772170381060813469985856815104.000000,0.000003,1.436682,0.000003,1.477479,1,3952,3600.000000,0,0,0,GUROBI,1
5,None,16,-0.062500,-0.062500,-0.062500,1.937500,4.937500,4.937500,0.000002,5.154277,7.815079,12.579590,517,54752,3600.000000,0,0,0,GUROBI,1
