instanceIndex,vpcGenerator,terms,lpBound,disjunctiveDualBound,lpBoundPostVpc,rootDualBound,dualBound,primalBound,vpcGenerationTime,rootDualBoundTime,bestSolutionTime,terminationTime,nodes,iterations,maxTime,actualTerms,numCuts,cutLimit,mipSolver,providePrimalBound
0,None,16,-17.000000,-17.000000,-17.000000,-13.000000,-13.000000,-13.000000,0.000004,2.930996,5.008797,5.008986,103,20150,3600.000000,0,0,0,GUROBI,1
1,None,16,-17.000000,-17.000000,-17.000000,-17.000000,-13.000000,-13.000000,0.000002,1.943733,9.649340,9.650376,526,61111,3600.000000,0,0,0,GUROBI,1
2,None,16,-16.500000,-16.500000,-16.500000,-13.000000,-13.000000,-13.000000,0.000002,2.557365,2.628798,2.629390,1,12262,3600.000000,0,0,0,GUROBI,1
3,None,16,-17.000000,-17.000000,-17.000000,-13.000000,-13.000000,-13.000000,0.000002,3.141541,3.186462,3.187251,1,15362,3600.000000,0,0,0,GUROBI,1
