instanceIndex,vpcGenerator,terms,lpBound,disjunctiveDualBound,lpBoundPostVpc,rootDualBound,dualBound,primalBound,vpcGenerationTime,rootDualBoundTime,bestSolutionTime,terminationTime,nodes,iterations,maxTime,actualTerms,numCuts,cutLimit,mipSolver,providePrimalBound
0,None,4,286.534383,286.534383,286.534383,315.521667,2270.780000,2270.850000,0.000004,1.273337,678.155868,983.404657,117419,4590949,2065.000000,0,0,0,GUROBI,1
1,None,4,286.341992,286.341992,286.341992,312.288393,2270.850000,2270.850000,0.000003,1.408307,206.914724,652.222880,77224,3820377,2065.000000,0,0,0,GUROBI,1
2,None,4,286.534383,286.534383,286.534383,315.521667,2270.850000,2270.850000,0.000004,1.295911,1108.114251,1108.114534,126861,6577169,2065.000000,0,0,0,GUROBI,1
3,None,4,286.534383,286.534383,286.534383,332.012821,2270.744103,2270.850000,0.000003,1.255402,785.464826,785.465130,131688,5029868,2065.000000,0,0,0,GUROBI,1
