instanceIndex,vpcGenerator,terms,lpBound,disjunctiveDualBound,lpBoundPostVpc,rootDualBound,dualBound,primalBound,vpcGenerationTime,rootDualBoundTime,bestSolutionTime,terminationTime,nodes,iterations,maxTime,actualTerms,numCuts,cutLimit,mipSolver,providePrimalBound
0,None,64,0.000000,0.000000,0.000000,0.000000,2.000000,10000000000000000159028911097599180468360808563945281389781327557747838772170381060813469985856815104.000000,0.000003,8.458187,0.000003,26.218292,513,93683,3600.000000,0,0,0,GUROBI,1
1,None,64,0.000000,0.000000,0.000000,0.000000,2.000000,2.000000,0.000003,11.259502,128.006019,129.536798,2762,362512,3600.000000,0,0,0,GUROBI,1
2,None,64,0.000000,0.000000,0.000000,0.000000,2.000000,2.000000,0.000004,7.642646,18.460437,41.441270,595,138881,3600.000000,0,0,0,GUROBI,1
3,None,64,0.000000,0.000000,0.000000,0.000000,2.000000,8.000000,0.000003,8.129633,21.361438,25.465024,513,84560,3600.000000,0,0,0,GUROBI,1
