instanceIndex,vpcGenerator,terms,lpBound,disjunctiveDualBound,lpBoundPostVpc,rootDualBound,dualBound,primalBound,vpcGenerationTime,rootDualBoundTime,bestSolutionTime,terminationTime,nodes,iterations,maxTime,actualTerms,numCuts,cutLimit,mipSolver,providePrimalBound
0,None,16,42.000000,42.000000,42.000000,42.000000,134.000000,134.000000,0.000003,0.363152,6.245213,16.079825,3805,94113,3600.000000,0,0,0,GUROBI,1
1,None,16,18.971429,18.971429,18.971429,52.585355,117.000000,117.000000,0.000003,1.490838,36.811733,37.540995,3502,200976,3600.000000,0,0,0,GUROBI,1
2,None,16,25.000000,25.000000,25.000000,50.900777,128.000000,128.000000,0.000004,1.042599,35.850931,37.763206,3600,165988,3600.000000,0,0,0,GUROBI,1
3,None,16,21.800000,21.800000,21.800000,56.942306,128.000000,128.000000,0.000002,1.350299,41.156115,41.156278,4115,233727,3600.000000,0,0,0,GUROBI,1
4,None,16,24.500000,24.500000,24.500000,61.506488,120.000000,120.000000,0.000003,2.023555,120.603028,120.603194,5984,611228,3600.000000,0,0,0,GUROBI,1
