instanceIndex,vpcGenerator,terms,lpBound,disjunctiveDualBound,lpBoundPostVpc,rootDualBound,dualBound,primalBound,vpcGenerationTime,rootDualBoundTime,bestSolutionTime,terminationTime,nodes,iterations,maxTime,actualTerms,numCuts,cutLimit,mipSolver,providePrimalBound
0,None,64,6.150735,6.150735,6.150735,10.000000,12.000000,10000000000000000159028911097599180468360808563945281389781327557747838772170381060813469985856815104.000000,0.000056,17.297950,0.000056,17.637399,1,22263,3600.000000,0,0,0,GUROBI,1
1,None,64,5.403509,5.403509,5.403509,9.333333,10.000000,10000000000000000159028911097599180468360808563945281389781327557747838772170381060813469985856815104.000000,0.000003,18.096532,0.000003,18.428539,1,23251,3600.000000,0,0,0,GUROBI,1
2,None,64,6.974359,6.974359,6.974359,12.636364,13.000000,60.000000,0.000003,59.464497,186.111571,227.943735,515,342046,3600.000000,0,0,0,GUROBI,1
