instanceIndex,vpcGenerator,terms,lpBound,disjunctiveDualBound,lpBoundPostVpc,rootDualBound,dualBound,primalBound,vpcGenerationTime,rootDualBoundTime,bestSolutionTime,terminationTime,nodes,iterations,maxTime,actualTerms,numCuts,cutLimit,mipSolver,providePrimalBound
0,New,4,12.000000,12.000000,12.000000,14.000000,16.000000,16.000000,77.985904,80.150188,125.959654,2134.714299,159947,14054383,3600.000000,4,2,263,GUROBI,1
1,Farkas,4,12.000000,12.000000,12.000000,14.000000,16.000000,16.000000,0.380211,2.338381,616.607309,616.607573,49038,3304889,3600.000000,4,2,0,GUROBI,1
2,Farkas,4,12.000000,12.000000,12.000000,14.000000,16.000000,16.000000,0.418754,2.732172,64.576397,1222.125196,96358,8203385,3600.000000,4,2,0,GUROBI,1
3,Farkas,4,12.000000,12.000000,12.000000,14.000000,16.000000,16.000000,0.368728,4.023295,52.429401,1077.086415,71961,7372064,3600.000000,4,2,0,GUROBI,1
4,Farkas,4,12.000000,12.000000,12.000000,14.000000,16.000000,16.000000,0.278180,2.938198,56.605432,1937.660637,160347,13115973,3600.000000,4,2,0,GUROBI,1
