instanceIndex,vpcGenerator,terms,lpBound,disjunctiveDualBound,lpBoundPostVpc,rootDualBound,dualBound,primalBound,vpcGenerationTime,rootDualBoundTime,bestSolutionTime,terminationTime,nodes,iterations,maxTime,actualTerms,numCuts,cutLimit,mipSolver,providePrimalBound
0,None,16,6519541.944917,6519541.944917,6519541.944917,11486166.665992,11490666.666274,11490666.666274,0.000003,0.730344,5.331577,28.426257,10216,238360,3600.000000,0,0,0,GUROBI,1
1,None,16,6463828.376967,6463828.376967,6463828.376967,11391566.696319,11396172.656162,11396720.263804,0.000003,0.646845,2648.995644,2649.031041,350855,14695172,3600.000000,0,0,0,GUROBI,1
2,None,16,6440505.921528,6440505.921528,6440505.921528,11388228.376443,11392713.267618,11393602.332410,0.000003,0.758902,47.987519,47.989398,7575,280739,3600.000000,0,0,0,GUROBI,1
3,None,16,6508689.639703,6508689.639703,6508689.639703,11475193.633771,11479695.630809,11480515.380941,0.000004,0.755618,152.579976,152.580206,61071,1102852,3600.000000,0,0,0,GUROBI,1
4,None,16,6513217.611583,6513217.611583,6513217.611583,11477923.999310,11482423.999365,11483543.999637,0.000003,0.723191,90.774056,90.774269,37215,777184,3600.000000,0,0,0,GUROBI,1
