instanceIndex,vpcGenerator,terms,lpBound,disjunctiveDualBound,lpBoundPostVpc,rootDualBound,dualBound,primalBound,vpcGenerationTime,rootDualBoundTime,bestSolutionTime,terminationTime,nodes,iterations,maxTime,actualTerms,numCuts,cutLimit,mipSolver,providePrimalBound
0,None,4,200000000.000000,200000000.000000,200000000.000000,1218684793.839757,1231065191.850000,1231065191.850000,0.000003,0.332564,0.503591,0.534880,35,2616,3600.000000,0,0,0,GUROBI,1
1,None,4,199873156.059804,199873156.059804,199873156.059804,1221047309.285528,1230080253.250000,1230080253.250000,0.000002,0.506435,0.657800,0.658330,36,3217,3600.000000,0,0,0,GUROBI,1
2,None,4,199642651.159606,199642651.159606,199642651.159606,1217457292.142654,1228806545.110000,1229750805.810000,0.000002,0.359549,0.526678,0.557022,44,2299,3600.000000,0,0,0,GUROBI,1
3,None,4,200210318.166923,200210318.166923,200210318.166923,1219364825.676026,1230016253.710440,1230130322.130000,0.000002,0.359698,0.594000,0.616473,49,3092,3600.000000,0,0,0,GUROBI,1
4,None,4,199907394.001851,199907394.001851,199907394.001851,1222576027.408265,1231159801.110000,1231159801.110000,0.000002,0.446521,0.515130,0.522362,22,2024,3600.000000,0,0,0,GUROBI,1
