instanceIndex,vpcGenerator,terms,lpBound,disjunctiveDualBound,lpBoundPostVpc,rootDualBound,dualBound,primalBound,vpcGenerationTime,rootDualBoundTime,bestSolutionTime,terminationTime,nodes,iterations,maxTime,actualTerms,numCuts,cutLimit,mipSolver,providePrimalBound
0,New,16,7345804.855333,7738865.423918,7520522.490910,9556681.175070,15464481.421623,15465800.718000,242.716433,250.689860,979.947932,979.948379,13040,2481207,3600.000000,79,11,265,GUROBI,1
1,Old,16,-72178.810985,516216.512088,136928.741065,4300375.547999,10187033.044127,10187610.479000,3676.874606,3684.437487,3913.584898,3913.585344,5099,685933,3600.000000,79,32,0,GUROBI,1
