instanceIndex,vpcGenerator,terms,lpBound,disjunctiveDualBound,lpBoundPostVpc,rootDualBound,dualBound,primalBound,vpcGenerationTime,rootDualBoundTime,bestSolutionTime,terminationTime,nodes,iterations,maxTime,actualTerms,numCuts,cutLimit,mipSolver,providePrimalBound
0,New,4,-2501.144925,-2501.144925,-2501.144925,-1922.114422,454.864703,454.864703,18.180980,19.093191,20.559031,20.559209,726,14812,3600.000000,4,20,20,GUROBI,1
1,Old,4,-7525.931641,-7525.931641,-7525.931641,-4575.562516,-4032.670113,-4032.670113,3.131487,3.712747,3.993119,4.213228,281,5664,3600.000000,4,30,0,GUROBI,1
4,Old,4,-3324.610062,-3324.610062,-3324.610062,-2952.322838,-2180.867600,-2180.867600,8.975467,9.864591,11.564938,12.144887,1712,16290,3600.000000,4,20,0,GUROBI,1
