instanceIndex,vpcGenerator,terms,lpBound,disjunctiveDualBound,lpBoundPostVpc,rootDualBound,dualBound,primalBound,vpcGenerationTime,rootDualBoundTime,bestSolutionTime,terminationTime,nodes,iterations,maxTime,actualTerms,numCuts,cutLimit,mipSolver,providePrimalBound
0,New,64,34.289167,34.891875,34.891875,35.679713,37.000000,37.000000,34.160531,34.284558,34.406804,34.432001,220,2299,300.000000,85,2,25,GUROBI,1
1,Old,64,35.558563,35.984407,35.983668,37.535691,40.000000,40.000000,20.847863,20.951038,22.072110,22.123499,799,7705,300.000000,85,30,0,GUROBI,1
2,Old,64,33.775391,33.806135,33.791759,35.978952,37.000000,10000000000000000159028911097599180468360808563945281389781327557747838772170381060813469985856815104.000000,26.539288,26.616011,26.539288,26.617098,1,248,300.000000,85,31,0,GUROBI,1
3,Old,64,32.301149,32.551270,32.484009,33.310842,35.000000,36.000000,32.814910,32.979163,33.002372,33.263468,404,4310,300.000000,85,26,0,GUROBI,1
4,Old,64,34.040825,34.723996,34.652489,37.233287,39.000000,39.000000,75.022972,75.165181,75.223914,75.278983,149,1923,300.000000,85,28,0,GUROBI,1
5,Old,64,34.682397,34.824586,34.756129,38.972905,40.000000,10000000000000000159028911097599180468360808563945281389781327557747838772170381060813469985856815104.000000,19.020923,19.081553,19.020923,19.082701,1,202,300.000000,85,35,0,GUROBI,1
6,Old,64,34.112626,34.318050,34.299418,34.852488,36.000000,10000000000000000159028911097599180468360808563945281389781327557747838772170381060813469985856815104.000000,55.189416,55.272324,55.189416,55.273800,1,392,300.000000,85,29,0,GUROBI,1
7,Old,64,33.627227,33.633525,33.633525,37.000000,37.000000,10000000000000000159028911097599180468360808563945281389781327557747838772170381060813469985856815104.000000,20.044621,20.074766,20.044621,20.080351,1,241,300.000000,85,26,0,GUROBI,1
8,Old,64,35.863563,36.167568,36.116310,38.753904,40.000000,42.000000,41.146489,41.272603,41.331509,41.349836,108,973,300.000000,85,32,0,GUROBI,1
