instanceIndex,vpcGenerator,terms,lpBound,disjunctiveDualBound,lpBoundPostVpc,rootDualBound,dualBound,primalBound,vpcGenerationTime,rootDualBoundTime,bestSolutionTime,terminationTime,nodes,iterations,maxTime,actualTerms,numCuts,cutLimit,mipSolver,providePrimalBound
0,New,64,6519541.944917,6528589.381052,6519892.961004,11486166.666274,11490583.921280,11507166.666274,286.673457,287.586752,288.535484,293.360129,580,52171,300.000000,138,3,202,GUROBI,1
1,Old,64,2395964.949041,2395970.541486,2395964.949041,10615582.625745,10623616.503265,10628574.166275,175.411487,175.982468,265.190008,300.000473,12056,766407,300.000000,138,1,0,GUROBI,1
2,Old,64,459052.565008,584788.887256,470109.164471,7907190.445852,7971101.596465,7971895.390519,46.020461,46.308163,51.988848,51.989251,1544,34229,300.000000,138,2,0,GUROBI,1
3,Old,64,4485611.896533,4513446.675946,4498888.492277,10933553.332943,10938053.332973,10938053.332973,259.086257,259.839107,295.731281,295.731439,10874,268123,300.000000,138,2,0,GUROBI,1
4,Old,64,409751.812435,410783.097610,409751.812435,9495293.523094,9533056.105811,9533957.342440,259.035884,259.291422,259.826182,259.826373,457,5864,300.000000,138,2,0,GUROBI,1
