instanceIndex,vpcGenerator,terms,lpBound,disjunctiveDualBound,lpBoundPostVpc,rootDualBound,dualBound,primalBound,vpcGenerationTime,rootDualBoundTime,bestSolutionTime,terminationTime,nodes,iterations,maxTime,actualTerms,numCuts,cutLimit,mipSolver,providePrimalBound
0,None,64,1160625.000000,1160625.000000,1160625.000000,1210625.000000,1210625.000000,10000000000000000159028911097599180468360808563945281389781327557747838772170381060813469985856815104.000000,0.000003,0.091228,0.000003,0.094664,1,1514,22.000000,0,0,0,GUROBI,1
1,None,64,1160106.666667,1160106.666667,1160106.666667,1210062.855556,1210062.855556,10000000000000000159028911097599180468360808563945281389781327557747838772170381060813469985856815104.000000,0.000003,0.093517,0.000003,0.100525,1,1363,22.000000,0,0,0,GUROBI,1
