instanceIndex,vpcGenerator,terms,lpBound,disjunctiveDualBound,lpBoundPostVpc,rootDualBound,dualBound,primalBound,vpcGenerationTime,rootDualBoundTime,bestSolutionTime,terminationTime,nodes,iterations,maxTime,actualTerms,numCuts,cutLimit,mipSolver,providePrimalBound
0,New,16,6519541.944917,6528425.806386,6519541.944917,11486166.666274,11490583.921280,11507166.666274,23.024615,23.783574,24.735549,29.052541,580,52171,3600.000000,33,2,202,GUROBI,1
1,Old,16,6264677.041958,6276305.803271,6266026.568118,11219155.701903,11226481.001534,11226546.187433,12.635498,13.355211,1485.374753,1485.375011,227569,8620325,3600.000000,33,5,0,GUROBI,1
2,Old,16,6235110.930678,6248334.706466,6235114.033071,11187533.875580,11192452.397303,11207720.234778,17.315314,17.964699,26.021040,26.021227,621,25700,3600.000000,33,5,0,GUROBI,1
3,Old,16,6171118.629493,6180672.491566,6171831.473729,10873264.087276,10882916.201736,10882962.660467,10.993090,11.638237,453.982101,453.982353,59229,2333806,3600.000000,33,3,0,GUROBI,1
4,Old,16,6165409.651931,6178345.286975,6167087.579301,10927244.438619,10932103.630065,10933023.998742,16.764906,17.425594,59.279688,59.280794,5495,204384,3600.000000,33,5,0,GUROBI,1
5,Old,16,6329762.262475,6338543.050322,6333012.501828,11153745.190051,11163828.497965,11164382.928809,11.451142,12.414446,2192.345058,2192.469297,234222,12439562,3600.000000,33,4,0,GUROBI,1
