instanceIndex,vpcGenerator,terms,lpBound,disjunctiveDualBound,lpBoundPostVpc,rootDualBound,dualBound,primalBound,vpcGenerationTime,rootDualBoundTime,bestSolutionTime,terminationTime,nodes,iterations,maxTime,actualTerms,numCuts,cutLimit,mipSolver,providePrimalBound
0,None,64,499999999913.192444,499999999913.192444,499999999913.192444,533930930050.444519,564975283913.045532,565031773676.896118,0.000002,0.811430,166.707504,169.979348,15233,369361,3600.000000,0,0,0,GUROBI,1
1,None,64,499996649403.354248,499996649403.354248,499996649403.354248,533305598359.950073,565012327798.138184,565202671933.557007,0.000003,0.775512,55.900830,55.902077,1284,88006,3600.000000,0,0,0,GUROBI,1
2,None,64,500001349663.100403,500001349663.100403,500001349663.100403,533297540841.699097,564970762977.597168,565027183922.607300,0.000003,0.744024,2253.578685,2300.672853,184716,6047747,3600.000000,0,0,0,GUROBI,1
3,None,64,500000053226.731628,500000053226.731628,500000053226.731628,534027096704.027710,564979018408.757690,565033768530.896118,0.000002,0.766885,57.857105,57.921388,2210,108449,3600.000000,0,0,0,GUROBI,1
4,None,64,500002167489.658875,500002167489.658875,500002167489.658875,533244876902.832397,564967250354.722778,565023642788.540405,0.000002,0.734621,310.370785,310.371376,40248,840217,3600.000000,0,0,0,GUROBI,1
