instanceIndex,vpcGenerator,terms,lpBound,disjunctiveDualBound,lpBoundPostVpc,rootDualBound,dualBound,primalBound,vpcGenerationTime,rootDualBoundTime,bestSolutionTime,terminationTime,nodes,iterations,maxTime,actualTerms,numCuts,cutLimit,mipSolver,providePrimalBound
0,None,4,-11670000.000000,-11670000.000000,-11670000.000000,-11670000.000000,-11670000.000000,-11670000.000000,0.000024,0.000024,0.001714,0.001896,1,18,7200.000000,0,0,0,GUROBI,1
1,None,4,-11999999.000000,-11999999.000000,-11999999.000000,-11999999.000000,-11999999.000000,-11999999.000000,0.000027,0.000027,0.001181,0.001308,1,18,7200.000000,0,0,0,GUROBI,1
2,None,4,-11720001.000000,-11720001.000000,-11720001.000000,-11720001.000000,-11720001.000000,-11720001.000000,0.000017,0.000017,0.001154,0.001302,1,9,7200.000000,0,0,0,GUROBI,1
3,None,4,-11609998.000000,-11609998.000000,-11609998.000000,-11609998.000000,-11609998.000000,-11609998.000000,0.000026,0.000026,0.001134,0.001256,1,21,7200.000000,0,0,0,GUROBI,1
4,None,4,-11800003.600000,-11800003.600000,-11800003.600000,-11770003.000000,-11770003.000000,-11770003.000000,0.000005,0.001698,0.001879,0.002053,1,21,7200.000000,0,0,0,GUROBI,1
