instanceIndex,vpcGenerator,terms,lpBound,disjunctiveDualBound,lpBoundPostVpc,rootDualBound,dualBound,primalBound,vpcGenerationTime,rootDualBoundTime,bestSolutionTime,terminationTime,nodes,iterations,maxTime,actualTerms,numCuts,cutLimit,mipSolver,providePrimalBound
0,New,64,236.644257,300.750295,270.608081,317.117921,513.570821,513.570821,2133.768583,2135.101074,2161.392069,2162.046311,3503,183100,3600.000000,113,48,143,GUROBI,1
1,Farkas,64,249.622053,285.457574,249.622053,398.395265,593.719773,593.719773,21.590334,22.638771,42.439808,42.439955,2579,133475,3600.000000,113,48,0,GUROBI,1
2,Farkas,64,239.163085,267.918448,239.163085,592.725872,725.623886,725.633769,22.226838,23.076875,25.194411,25.194581,815,21254,3600.000000,113,48,0,GUROBI,1
3,Farkas,64,266.371294,334.427487,266.371294,651.283218,715.027547,715.027547,25.443085,26.381720,27.241414,27.288906,201,7902,3600.000000,113,48,0,GUROBI,1
4,Farkas,64,226.437258,243.635368,226.437258,447.906883,605.604474,605.604474,19.068908,19.952457,33.139171,33.139393,2350,85085,3600.000000,113,48,0,GUROBI,1
