instanceIndex,vpcGenerator,terms,lpBound,disjunctiveDualBound,lpBoundPostVpc,rootDualBound,dualBound,primalBound,vpcGenerationTime,rootDualBoundTime,bestSolutionTime,terminationTime,nodes,iterations,maxTime,actualTerms,numCuts,cutLimit,mipSolver,providePrimalBound
0,New,16,200000000.000000,236559955.282137,221391828.698506,1222080998.077135,1231065191.850000,1231065191.850000,17.828085,18.372310,18.446261,18.483618,43,2915,8.000000,16,6,25,GUROBI,1
1,Farkas,16,200550646.254341,237070907.462167,221214441.105289,1221378243.229792,1231752674.202910,1231768729.330000,0.546747,0.949034,1.053089,1.069039,19,2393,8.000000,16,6,0,GUROBI,1
2,Farkas,16,199038670.923506,235581434.599200,221373741.458120,1216750257.210562,1224434220.790000,1224434220.790000,0.569344,0.965563,1.018705,1.020284,15,2187,8.000000,16,6,0,GUROBI,1
3,Farkas,16,200543506.941938,237702958.444912,222004629.371101,1220182624.466734,1223800188.250000,1223800188.250000,0.574452,0.969070,1.004971,1.021679,11,1736,8.000000,16,6,0,GUROBI,1
4,Farkas,16,200736985.255334,237225640.225701,221620371.638337,1216547055.976415,1226106592.130000,1226106592.130000,0.549668,0.874685,0.905359,0.905913,7,1629,8.000000,16,6,0,GUROBI,1
