instanceIndex,vpcGenerator,terms,lpBound,disjunctiveDualBound,lpBoundPostVpc,rootDualBound,dualBound,primalBound,vpcGenerationTime,rootDualBoundTime,bestSolutionTime,terminationTime,nodes,iterations,maxTime,actualTerms,numCuts,cutLimit,mipSolver,providePrimalBound
0,None,16,10593526.000000,10593526.000000,10593526.000000,11455005.055579,11806517.478123,11807698.000000,0.000029,0.631787,229.577714,262.097880,87749,1587428,3600.000000,0,0,0,GUROBI,1
1,None,16,10593526.000000,10593526.000000,10593526.000000,12623579.543317,12922049.000000,12922049.000000,0.000003,0.871506,1.201409,1.217890,44,3404,3600.000000,0,0,0,GUROBI,1
