instanceIndex,vpcGenerator,terms,lpBound,disjunctiveDualBound,lpBoundPostVpc,rootDualBound,dualBound,primalBound,vpcGenerationTime,rootDualBoundTime,bestSolutionTime,terminationTime,nodes,iterations,maxTime,actualTerms,numCuts,cutLimit,mipSolver,providePrimalBound
0,New,4,-18902.810023,-18809.259984,-18834.606823,-18120.532593,-17905.000000,-17905.000000,6532.334649,6546.637555,6547.385460,6551.023628,69,20221,3600.000000,4,137,850,GUROBI,1
1,Old,4,-18901.743967,-18807.144554,-18827.714036,-18117.266593,-17904.000000,-17904.000000,3607.214333,3617.785639,3618.434541,3620.716852,49,18869,3600.000000,4,151,0,GUROBI,1
2,Old,4,-18902.432481,-18809.884802,-18879.119309,-18138.011195,-17906.000000,-17906.000000,3600.832919,3610.635211,3611.242367,3614.594583,68,21265,3600.000000,4,134,0,GUROBI,1
3,Old,4,-18909.648624,-18815.986575,-18843.569392,-18116.394573,-17904.000000,-17904.000000,3621.110605,3631.306394,3631.938122,3633.919361,40,17778,3600.000000,4,135,0,GUROBI,1
4,Old,4,-18906.196468,-18812.591142,-18841.701755,-18135.596037,-17907.000000,-17907.000000,3626.863544,3637.285852,3637.712568,3640.338935,33,19806,3600.000000,4,130,0,GUROBI,1
5,Old,4,-18906.147465,-18813.387053,-18841.123761,-18112.416006,-17910.000000,-17910.000000,3612.371213,3624.020332,3627.094524,3627.094967,57,19426,3600.000000,4,147,0,GUROBI,1
