instanceIndex,vpcGenerator,terms,lpBound,disjunctiveDualBound,lpBoundPostVpc,rootDualBound,dualBound,primalBound,vpcGenerationTime,rootDualBoundTime,bestSolutionTime,terminationTime,nodes,iterations,maxTime,actualTerms,numCuts,cutLimit,mipSolver,providePrimalBound
0,New,16,56.670000,56.670000,56.670000,71.499464,108.670000,109.000000,11.991411,12.302507,12.574875,12.579855,392,8364,3600.000000,38,2,48,GUROBI,1
1,Farkas,16,60.211875,60.211875,60.211875,75.634576,115.461875,10000000000000000159028911097599180468360808563945281389781327557747838772170381060813469985856815104.000000,0.689226,0.947797,0.689226,1.203349,441,7074,3600.000000,38,2,0,GUROBI,1
2,Farkas,16,56.662729,56.663248,56.662729,84.530843,108.670000,108.670000,0.766171,1.162167,1.197599,1.238277,121,2599,3600.000000,38,2,0,GUROBI,1
3,Farkas,16,56.670000,56.670000,56.670000,87.770889,108.670000,10000000000000000159028911097599180468360808563945281389781327557747838772170381060813469985856815104.000000,0.650344,1.038625,0.650344,1.078747,66,2067,3600.000000,38,2,0,GUROBI,1
4,Farkas,16,56.671420,56.671420,56.671420,89.540809,108.670000,108.670000,0.695989,1.007792,1.090027,1.090108,143,2463,3600.000000,38,2,0,GUROBI,1
5,Farkas,16,56.670000,56.670000,56.670000,80.830000,108.670000,108.670000,0.649657,0.789658,0.800080,0.800348,1,804,3600.000000,38,2,0,GUROBI,1
6,Farkas,16,56.670000,56.670000,56.670000,85.767788,108.670000,108.670000,0.642025,0.977777,1.007539,1.034477,89,2252,3600.000000,38,2,0,GUROBI,1
7,Farkas,16,56.670000,56.670000,56.670000,85.790745,108.670000,108.670000,0.651053,0.983933,1.009749,1.034101,84,2309,3600.000000,38,2,0,GUROBI,1
8,Farkas,16,56.671395,56.671395,56.671395,80.830000,108.670000,108.670000,0.654961,0.817900,0.828360,0.828591,1,1072,3600.000000,38,2,0,GUROBI,1
