instanceIndex,vpcGenerator,terms,lpBound,disjunctiveDualBound,lpBoundPostVpc,rootDualBound,dualBound,primalBound,vpcGenerationTime,rootDualBoundTime,bestSolutionTime,terminationTime,nodes,iterations,maxTime,actualTerms,numCuts,cutLimit,mipSolver,providePrimalBound
0,New,64,8877.000000,10186.285714,10168.357465,10490.282975,13506.000000,14393.000000,97.628686,98.045768,2627.668014,3697.630136,3036113,19435847,3600.000000,696,24,24,GUROBI,1
1,Old,64,8877.000000,10186.285714,9741.907292,10192.904576,13988.000000,14393.000000,24.996049,25.439571,947.872321,3625.001111,4198875,25238653,3600.000000,696,24,0,GUROBI,1
