instanceIndex,vpcGenerator,terms,lpBound,disjunctiveDualBound,lpBoundPostVpc,rootDualBound,dualBound,primalBound,vpcGenerationTime,rootDualBoundTime,bestSolutionTime,terminationTime,nodes,iterations,maxTime,actualTerms,numCuts,cutLimit,mipSolver,providePrimalBound
0,None,4,4.500000,4.500000,4.500000,4.500000,7.000000,8.000000,0.000004,6.593116,8.489105,3600.005630,692957,36032241,3600.000000,0,0,0,GUROBI,1
1,None,4,4.500000,4.500000,4.500000,4.500000,7.000000,8.000000,0.000004,6.316100,8.878454,3600.011790,698754,42258104,3600.000000,0,0,0,GUROBI,1
2,None,4,4.500000,4.500000,4.500000,4.500000,8.000000,8.000000,0.000003,7.040628,9.856996,2605.899001,366928,27267666,3600.000000,0,0,0,GUROBI,1
3,None,4,4.500000,4.500000,4.500000,4.500000,7.000000,8.000000,0.000004,5.970614,9.521586,3600.015874,165416,14581441,3600.000000,0,0,0,GUROBI,1
4,None,4,4.500000,4.500000,4.500000,4.500000,7.000000,8.000000,0.000004,19.926740,26.887533,3600.006602,308426,28349255,3600.000000,0,0,0,GUROBI,1
