instanceIndex,vpcGenerator,terms,lpBound,disjunctiveDualBound,lpBoundPostVpc,rootDualBound,dualBound,primalBound,vpcGenerationTime,rootDualBoundTime,bestSolutionTime,terminationTime,nodes,iterations,maxTime,actualTerms,numCuts,cutLimit,mipSolver,providePrimalBound
0,New,64,479.138796,481.642865,480.303144,480.672429,492.473163,492.514449,474.521939,476.843917,512.614605,512.614870,8616,196536,3600.000000,83,22,22,GUROBI,1
1,Farkas,64,-1830.252932,-1829.022379,-1830.252932,-1827.323127,-1817.287474,-1817.195053,24.538042,26.518467,32.965416,32.965657,1262,21061,3600.000000,83,22,0,GUROBI,1
2,Farkas,64,614.527674,614.665336,614.527674,621.096063,631.001782,631.061529,22.897465,25.096426,25.814609,26.041972,372,6068,3600.000000,83,22,0,GUROBI,1
3,Farkas,64,473.424014,476.039553,474.229083,476.796740,486.546599,486.595118,10.750895,14.908591,38.079913,40.052029,4926,127226,3600.000000,83,22,0,GUROBI,1
4,Farkas,64,473.705825,475.843460,474.381859,474.863340,488.923848,488.972228,10.951452,13.399720,41.052319,62.115957,13237,285702,3600.000000,83,22,0,GUROBI,1
5,Farkas,64,-1973.822848,-1970.723827,-1973.822848,-1968.625277,-1955.153442,-1955.049368,25.028550,28.105860,35.498768,36.480143,1138,21447,3600.000000,83,22,0,GUROBI,1
