instanceIndex,vpcGenerator,terms,lpBound,disjunctiveDualBound,lpBoundPostVpc,rootDualBound,dualBound,primalBound,vpcGenerationTime,rootDualBoundTime,bestSolutionTime,terminationTime,nodes,iterations,maxTime,actualTerms,numCuts,cutLimit,mipSolver,providePrimalBound
0,None,4,-3883988306.366686,-3883988306.366686,-3883988306.366686,-3883988306.374952,-3883988306.374952,-3883988306.374949,0.000004,0.000004,0.053898,0.054862,1,708,3600.000000,0,0,0,GUROBI,1
1,None,4,-3883988306.366686,-3883988306.366686,-3883988306.366686,-3883988306.374952,-3883988306.374952,-3883988306.374949,0.000004,0.000004,0.053243,0.054123,1,708,3600.000000,0,0,0,GUROBI,1
2,None,4,-3883988306.366686,-3883988306.366686,-3883988306.366686,-3883988306.374952,-3883988306.374952,-3883988306.374949,0.000004,0.000004,0.053939,0.054821,1,708,3600.000000,0,0,0,GUROBI,1
3,None,4,-3883988306.366686,-3883988306.366686,-3883988306.366686,-3883988306.374952,-3883988306.374952,-3883988306.374949,0.000004,0.000004,0.052244,0.053105,1,708,3600.000000,0,0,0,GUROBI,1
4,None,4,-3883988306.366687,-3883988306.366687,-3883988306.366687,-3883988306.374952,-3883988306.374952,-3883988306.374949,0.000004,0.000004,0.053103,0.053979,1,708,3600.000000,0,0,0,GUROBI,1
