instanceIndex,vpcGenerator,terms,lpBound,disjunctiveDualBound,lpBoundPostVpc,rootDualBound,dualBound,primalBound,vpcGenerationTime,rootDualBoundTime,bestSolutionTime,terminationTime,nodes,iterations,maxTime,actualTerms,numCuts,cutLimit,mipSolver,providePrimalBound
0,New,4,-17.000000,-17.000000,-17.000000,-13.000000,-13.000000,-13.000000,431.545870,434.358857,434.423942,434.424665,1,13261,3600.000000,4,1,138,GUROBI,1
1,Old,4,-17.000000,-17.000000,-17.000000,-17.000000,-13.000000,-13.000000,758.041980,759.775384,774.562911,774.563972,551,71377,3600.000000,4,1,0,GUROBI,1
2,Old,4,-17.000000,-17.000000,-17.000000,-13.000000,-13.000000,-13.000000,3619.643732,3623.490189,3626.609283,3626.610072,200,33080,3600.000000,4,8,0,GUROBI,1
3,Old,4,-17.000000,-17.000000,-17.000000,-13.000000,-13.000000,-13.000000,3619.951621,3622.617324,3623.188959,3623.189579,20,12952,3600.000000,4,54,0,GUROBI,1
4,Old,4,-17.000000,-17.000000,-17.000000,-17.000000,-13.000000,-13.000000,3614.806300,3616.799440,3625.933995,3625.935351,523,67970,3600.000000,4,60,0,GUROBI,1
