instanceIndex,vpcGenerator,terms,lpBound,disjunctiveDualBound,lpBoundPostVpc,rootDualBound,dualBound,primalBound,vpcGenerationTime,rootDualBoundTime,bestSolutionTime,terminationTime,nodes,iterations,maxTime,actualTerms,numCuts,cutLimit,mipSolver,providePrimalBound
0,New,64,51585.969145,51621.062395,51592.363351,51942.887678,51944.528128,51949.711749,39.193280,39.368022,39.839544,39.914305,215,980,3600.000000,64,18,30,GUROBI,1
1,Farkas,64,51266.597041,51305.030622,51272.997227,51604.782776,51606.335374,51609.807998,1.112616,1.375775,1.464656,1.465259,34,400,3600.000000,64,18,0,GUROBI,1
2,Farkas,64,51701.613673,51732.392573,51704.167464,52088.749896,52089.023587,52093.507992,1.101172,1.359165,1.517276,1.517397,38,339,3600.000000,64,18,0,GUROBI,1
3,Farkas,64,52640.407763,52676.048013,52646.187399,52989.473672,52990.526993,52995.337498,1.086740,1.296723,1.544376,1.544819,174,678,3600.000000,64,18,0,GUROBI,1
4,Farkas,64,52128.781035,52156.077092,52131.616635,52366.648589,52369.058123,52374.262163,1.148533,1.340137,1.387181,1.513070,78,418,3600.000000,64,18,0,GUROBI,1
