instanceIndex,vpcGenerator,terms,lpBound,disjunctiveDualBound,lpBoundPostVpc,rootDualBound,dualBound,primalBound,vpcGenerationTime,rootDualBoundTime,bestSolutionTime,terminationTime,nodes,iterations,maxTime,actualTerms,numCuts,cutLimit,mipSolver,providePrimalBound
0,New,4,0.000000,0.000000,0.000000,0.000985,0.421842,0.421842,8.232014,8.917776,9.796723,11.862183,536,46884,3600.000000,4,5,7,GUROBI,1
1,Farkas,4,-2960.063714,-2960.063714,-2960.063714,-2828.156250,-2828.156250,-2828.156250,1.070424,1.362149,1.363648,1.364091,2,1093,3600.000000,4,5,0,GUROBI,1
2,Farkas,4,0.000000,0.000000,0.000000,0.000000,0.421841,0.421841,0.143867,0.387424,7.665550,8.131167,2336,99408,3600.000000,4,5,0,GUROBI,1
3,Farkas,4,-3.150824,-3.150824,-3.150824,0.000000,0.421842,0.680095,0.547700,0.884155,1.696260,2.143698,515,16456,3600.000000,4,5,0,GUROBI,1
4,Farkas,4,0.000000,0.000000,0.000000,0.018800,0.421842,0.421842,0.193569,0.702232,1.386227,6.025086,1020,86137,3600.000000,4,5,0,GUROBI,1
5,Farkas,4,-5.966233,-5.966233,-5.966233,0.000000,0.321692,0.321692,0.718002,1.009354,2.585651,2.586591,522,19123,3600.000000,4,5,0,GUROBI,1
