instanceIndex,vpcGenerator,terms,lpBound,disjunctiveDualBound,lpBoundPostVpc,rootDualBound,dualBound,primalBound,vpcGenerationTime,rootDualBoundTime,bestSolutionTime,terminationTime,nodes,iterations,maxTime,actualTerms,numCuts,cutLimit,mipSolver,providePrimalBound
0,New,4,51585.969145,51593.836850,51593.248448,51942.887678,51944.528128,51949.711749,1.411437,1.498698,1.744605,1.797579,215,977,3600.000000,4,10,30,GUROBI,1
1,Old,4,51657.862644,51659.411394,51659.411394,51945.130282,51946.442608,51951.477490,0.232838,0.404467,0.712595,0.712697,396,1206,3600.000000,4,5,0,GUROBI,1
2,Old,4,51629.268378,51637.267128,51637.267128,52029.658744,52044.795847,52049.994476,0.284904,0.391256,13.109361,14.480848,12493,48808,3600.000000,4,8,0,GUROBI,1
3,Old,4,51623.221519,51630.379922,51630.379922,51970.631995,51970.687516,51974.195996,0.217199,0.340999,0.828824,0.828929,356,1499,3600.000000,4,6,0,GUROBI,1
4,Old,4,51508.120699,51517.298489,51509.895330,51875.174915,51878.747570,51883.801749,0.255011,0.429709,0.630888,0.632854,180,543,3600.000000,4,7,0,GUROBI,1
5,Old,4,51588.642951,51589.047951,51589.047951,51960.148458,51963.295049,51968.115868,0.361002,0.451860,0.735665,0.836910,519,1914,3600.000000,4,8,0,GUROBI,1
