instanceIndex,vpcGenerator,terms,lpBound,disjunctiveDualBound,lpBoundPostVpc,rootDualBound,dualBound,primalBound,vpcGenerationTime,rootDualBoundTime,bestSolutionTime,terminationTime,nodes,iterations,maxTime,actualTerms,numCuts,cutLimit,mipSolver,providePrimalBound
0,New,4,103.403157,104.425461,103.708530,113.134636,119.000000,120.000000,2.888003,3.032844,4.633792,4.770084,1139,15900,3600.000000,4,12,28,GUROBI,1
1,Old,4,103.208975,103.888172,103.306189,112.962295,119.000000,119.000000,0.960567,1.167352,2.270414,2.683456,896,14171,3600.000000,4,17,0,GUROBI,1
2,Old,4,109.746469,110.337500,109.774543,121.299213,124.000000,124.000000,0.354033,0.540229,0.614489,0.634238,120,2084,3600.000000,4,3,0,GUROBI,1
