instanceIndex,vpcGenerator,terms,lpBound,disjunctiveDualBound,lpBoundPostVpc,rootDualBound,dualBound,primalBound,vpcGenerationTime,rootDualBoundTime,bestSolutionTime,terminationTime,nodes,iterations,maxTime,actualTerms,numCuts,cutLimit,mipSolver,providePrimalBound
0,None,64,-894629.642840,-894629.642840,-894629.642840,-887668.858433,-887667.304302,-887666.892868,0.000002,0.813809,0.833286,0.833619,9,2040,3600.000000,0,0,0,GUROBI,1
1,None,64,-900943.140786,-900943.140786,-900943.140786,-893987.941428,-893987.893275,-893986.071330,0.000003,0.857581,1.212735,1.214451,41,2302,3600.000000,0,0,0,GUROBI,1
2,None,64,-898075.242472,-898075.242472,-898075.242472,-891119.019190,-891118.099413,-891117.449371,0.000003,0.921370,0.955974,0.956203,10,1978,3600.000000,0,0,0,GUROBI,1
3,None,64,-925388.931370,-925388.931370,-925388.931370,-918435.506439,-918434.707886,-918433.887424,0.000003,1.363970,1.516559,1.516785,25,2122,3600.000000,0,0,0,GUROBI,1
4,None,64,-898014.393323,-898014.393323,-898014.393323,-891057.702579,-891056.142533,-891055.736628,0.000003,0.846047,1.015631,1.017270,21,2150,3600.000000,0,0,0,GUROBI,1
5,None,64,-896914.801495,-896914.801495,-896914.801495,-889957.388490,-889957.334699,-889953.722671,0.000003,0.820018,0.847241,0.848771,13,1996,3600.000000,0,0,0,GUROBI,1
