instanceIndex,vpcGenerator,terms,lpBound,disjunctiveDualBound,lpBoundPostVpc,rootDualBound,dualBound,primalBound,vpcGenerationTime,rootDualBoundTime,bestSolutionTime,terminationTime,nodes,iterations,maxTime,actualTerms,numCuts,cutLimit,mipSolver,providePrimalBound
0,New,16,125.796555,144.922240,135.868094,144.657591,195.400000,195.400000,48.959499,49.286807,57.143058,62.176727,7604,44784,3600.000000,95,20,20,GUROBI,1
1,New,16,73.816582,103.387202,94.513645,105.459552,137.904251,137.904251,42.128641,42.684594,44.049630,44.049926,866,6411,3600.000000,99,16,16,GUROBI,1
2,New,16,118.048466,145.603917,130.621747,141.746406,181.713843,181.713843,36.340417,36.836396,37.933489,37.933608,761,4845,3600.000000,72,16,16,GUROBI,1
3,New,16,74.925062,104.161473,96.871736,104.252231,140.762783,140.762783,35.577096,36.114746,37.044883,37.575860,1027,6350,3600.000000,65,16,16,GUROBI,1
4,New,16,132.450983,150.594582,148.870763,153.240928,194.916667,194.916667,42.008555,42.556103,44.536714,45.679710,2086,12161,3600.000000,75,18,18,GUROBI,1
