instanceIndex,vpcGenerator,terms,lpBound,disjunctiveDualBound,lpBoundPostVpc,rootDualBound,dualBound,primalBound,vpcGenerationTime,rootDualBoundTime,bestSolutionTime,terminationTime,nodes,iterations,maxTime,actualTerms,numCuts,cutLimit,mipSolver,providePrimalBound
0,New,4,-17.000000,-17.000000,-17.000000,-13.000000,-13.000000,-13.000000,419.229010,422.015765,422.080370,422.081043,1,13261,3600.000000,4,1,138,GUROBI,1
1,New,4,-17.000000,-17.000000,-17.000000,-13.000000,-13.000000,-13.000000,5223.687876,5225.047066,5228.495116,5228.501251,472,40250,3600.000000,4,1,154,GUROBI,1
2,New,4,-17.500000,-17.000000,-17.214286,-13.500000,-13.500000,-13.500000,2394.761501,2396.945646,2397.380422,2397.381075,56,11423,3600.000000,4,44,134,GUROBI,1
3,New,4,-17.000000,-17.000000,-17.000000,-13.500000,-13.500000,-13.500000,3635.492748,3638.338364,3639.256701,3639.257468,40,15612,3600.000000,4,22,146,GUROBI,1
4,New,4,-17.000000,-17.000000,-17.000000,-13.000000,-13.000000,-13.000000,4787.128069,4789.129137,4789.532403,4789.533302,49,13066,3600.000000,4,1,139,GUROBI,1
