instanceIndex,vpcGenerator,terms,lpBound,disjunctiveDualBound,lpBoundPostVpc,rootDualBound,dualBound,primalBound,vpcGenerationTime,rootDualBoundTime,bestSolutionTime,terminationTime,nodes,iterations,maxTime,actualTerms,numCuts,cutLimit,mipSolver,providePrimalBound
0,None,64,23.260000,23.260000,23.260000,23.260000,54.760000,54.760000,0.000004,0.430960,54.568415,201.048634,326131,2106182,300.000000,0,0,0,GUROBI,1
1,None,64,17.490000,17.490000,17.490000,45.127981,47.180000,47.180000,0.000003,0.476756,14.199248,14.199400,6899,115709,300.000000,0,0,0,GUROBI,1
2,None,64,12.078543,12.078543,12.078543,14.300000,19.030000,19.130000,0.000002,0.185978,0.284241,0.302361,98,2057,300.000000,0,0,0,GUROBI,1
3,None,64,25.920000,25.920000,25.920000,25.920000,56.990000,57.020000,0.000002,0.255089,30.814806,300.002718,235999,2806383,300.000000,0,0,0,GUROBI,1
