instanceIndex,vpcGenerator,terms,lpBound,disjunctiveDualBound,lpBoundPostVpc,rootDualBound,dualBound,primalBound,vpcGenerationTime,rootDualBoundTime,bestSolutionTime,terminationTime,nodes,iterations,maxTime,actualTerms,numCuts,cutLimit,mipSolver,providePrimalBound
0,None,64,33.773826,33.773826,33.773826,44.978310,68.000000,68.000000,0.000004,2.390854,33.116085,34.487202,1080,99906,3600.000000,0,0,0,GUROBI,1
1,None,64,33.773826,33.773826,33.773826,44.978310,68.000000,68.000000,0.000004,2.356760,33.064064,34.437962,1080,99906,3600.000000,0,0,0,GUROBI,1
2,None,64,33.773826,33.773826,33.773826,45.304538,68.000000,68.000000,0.000003,2.275748,34.434826,37.233558,990,94742,3600.000000,0,0,0,GUROBI,1
3,None,64,33.773826,33.773826,33.773826,44.569360,68.000000,68.000000,0.000003,2.777981,26.473010,32.133990,849,87581,3600.000000,0,0,0,GUROBI,1
4,None,64,33.773826,33.773826,33.773826,44.581938,68.000000,68.000000,0.000004,2.658623,35.708741,39.062924,1072,107475,3600.000000,0,0,0,GUROBI,1
5,None,64,33.773826,33.773826,33.773826,45.353120,68.000000,68.000000,0.000004,2.502210,32.680496,35.317579,886,91924,3600.000000,0,0,0,GUROBI,1
