instanceIndex,vpcGenerator,terms,lpBound,disjunctiveDualBound,lpBoundPostVpc,rootDualBound,dualBound,primalBound,vpcGenerationTime,rootDualBoundTime,bestSolutionTime,terminationTime,nodes,iterations,maxTime,actualTerms,numCuts,cutLimit,mipSolver,providePrimalBound
0,New,4,5136.205301,5441.169355,5318.211404,5396.859860,6730.000000,6730.000000,1075.787351,1079.370974,1123.092964,1144.231133,4863,121571,3600.000000,4,96,96,GUROBI,1
1,Farkas,4,5122.412284,5426.318284,5302.863249,5362.613445,6710.000000,6710.000000,2.303446,6.180050,77.755605,80.373217,6615,158101,3600.000000,4,96,0,GUROBI,1
2,Farkas,4,5089.916429,5392.555840,5266.597426,5367.843744,6683.000000,6683.000000,2.346161,6.253876,122.665771,126.875574,9623,242633,3600.000000,4,96,0,GUROBI,1
3,Farkas,4,5099.814815,5402.880648,5278.854435,5359.461874,6686.000000,6686.000000,2.340670,6.170937,42.686537,58.681064,3884,93426,3600.000000,4,96,0,GUROBI,1
4,Farkas,4,5027.678324,5326.873333,5198.377457,5280.545201,6635.000000,6635.000000,2.454089,6.162614,156.290963,160.166816,12175,300048,3600.000000,4,96,0,GUROBI,1
5,Farkas,4,5120.841397,5424.872558,5301.870665,5352.963412,6728.000000,6728.000000,2.349313,5.778013,24.084293,58.142388,4717,98261,3600.000000,4,96,0,GUROBI,1
