instanceIndex,vpcGenerator,terms,lpBound,disjunctiveDualBound,lpBoundPostVpc,rootDualBound,dualBound,primalBound,vpcGenerationTime,rootDualBoundTime,bestSolutionTime,terminationTime,nodes,iterations,maxTime,actualTerms,numCuts,cutLimit,mipSolver,providePrimalBound
0,None,16,96.310297,96.310297,96.310297,103.628391,107.000000,107.000000,0.000004,0.302730,0.864160,0.864404,551,6025,3600.000000,0,0,0,GUROBI,1
1,None,16,98.892620,98.892620,98.892620,108.317909,112.000000,112.000000,0.000002,0.131028,0.277894,0.333803,401,3359,3600.000000,0,0,0,GUROBI,1
2,None,16,92.902995,92.902995,92.902995,102.717815,106.000000,106.000000,0.000002,0.261674,0.484162,0.551345,314,4424,3600.000000,0,0,0,GUROBI,1
3,None,16,96.316250,96.316250,96.316250,103.121738,107.000000,107.000000,0.000003,0.247886,0.767777,0.924702,828,8094,3600.000000,0,0,0,GUROBI,1
4,None,16,96.298673,96.298673,96.298673,103.599966,106.000000,106.000000,0.000003,0.183009,1.124036,1.135207,555,6751,3600.000000,0,0,0,GUROBI,1
