instanceIndex,vpcGenerator,terms,lpBound,disjunctiveDualBound,lpBoundPostVpc,rootDualBound,dualBound,primalBound,vpcGenerationTime,rootDualBoundTime,bestSolutionTime,terminationTime,nodes,iterations,maxTime,actualTerms,numCuts,cutLimit,mipSolver,providePrimalBound
0,None,4,7.000000,7.000000,7.000000,7.151644,9.000000,9.000000,0.000003,3.981374,4.619946,6.113850,252,38721,3600.000000,0,0,0,GUROBI,1
1,None,4,7.000000,7.000000,7.000000,7.151644,9.000000,9.000000,0.000004,3.960108,4.603274,6.104099,252,38721,3600.000000,0,0,0,GUROBI,1
2,None,4,7.000000,7.000000,7.000000,7.151644,9.000000,9.000000,0.000004,3.979644,4.620550,6.120010,252,38721,3600.000000,0,0,0,GUROBI,1
3,None,4,7.000000,7.000000,7.000000,7.000000,9.000000,9.000000,0.000004,8.875214,12.835735,87.759455,5335,547982,3600.000000,0,0,0,GUROBI,1
4,None,4,7.000000,7.000000,7.000000,7.000000,9.000000,9.000000,0.000004,10.987161,18.607703,87.670832,5385,523874,3600.000000,0,0,0,GUROBI,1
5,None,4,7.000000,7.000000,7.000000,7.000000,9.000000,9.000000,0.000003,13.669604,15.452912,84.679459,4927,496655,3600.000000,0,0,0,GUROBI,1
