instanceIndex,vpcGenerator,terms,lpBound,disjunctiveDualBound,lpBoundPostVpc,rootDualBound,dualBound,primalBound,vpcGenerationTime,rootDualBoundTime,bestSolutionTime,terminationTime,nodes,iterations,maxTime,actualTerms,numCuts,cutLimit,mipSolver,providePrimalBound
0,None,16,31235.742857,31235.742857,31235.742857,32050.600000,32075.600000,10000000000000000159028911097599180468360808563945281389781327557747838772170381060813469985856815104.000000,0.000003,0.457662,0.000003,0.465479,1,363,3600.000000,0,0,0,GUROBI,1
1,None,16,31204.457143,31204.457143,31204.457143,32018.100000,32043.600000,10000000000000000159028911097599180468360808563945281389781327557747838772170381060813469985856815104.000000,0.000002,0.436285,0.000002,0.442993,1,119,3600.000000,0,0,0,GUROBI,1
2,None,16,31217.171429,31217.171429,31217.171429,31981.287247,32054.600000,10000000000000000159028911097599180468360808563945281389781327557747838772170381060813469985856815104.000000,0.000004,0.329937,0.000004,0.336215,1,150,3600.000000,0,0,0,GUROBI,1
3,None,16,31209.957143,31209.957143,31209.957143,31846.850000,32047.600000,10000000000000000159028911097599180468360808563945281389781327557747838772170381060813469985856815104.000000,0.000003,0.310365,0.000003,0.316790,1,138,3600.000000,0,0,0,GUROBI,1
4,None,16,31219.742857,31219.742857,31219.742857,32025.766667,32058.600000,10000000000000000159028911097599180468360808563945281389781327557747838772170381060813469985856815104.000000,0.000004,0.466198,0.000004,0.473200,1,147,3600.000000,0,0,0,GUROBI,1
5,None,16,31205.600000,31205.600000,31205.600000,31843.350000,32043.600000,10000000000000000159028911097599180468360808563945281389781327557747838772170381060813469985856815104.000000,0.000003,0.312121,0.000003,0.318374,1,127,3600.000000,0,0,0,GUROBI,1
