instanceIndex,vpcGenerator,terms,lpBound,disjunctiveDualBound,lpBoundPostVpc,rootDualBound,dualBound,primalBound,vpcGenerationTime,rootDualBoundTime,bestSolutionTime,terminationTime,nodes,iterations,maxTime,actualTerms,numCuts,cutLimit,mipSolver,providePrimalBound
0,New,64,6519541.944917,6528589.381052,6524958.611584,11486166.666274,11490658.592112,11503514.666304,269.362205,270.199977,271.624790,274.158711,556,39786,300.000000,138,3,202,GUROBI,1
1,Farkas,64,2262995.267003,2285578.651196,2263045.267003,9261859.323129,9265551.068630,9266598.332941,21.111762,21.855593,66.633040,66.633206,5149,260270,300.000000,138,3,0,GUROBI,1
2,Farkas,64,5066843.397546,5112798.424729,5074671.601850,11203823.332944,11208323.332974,11208645.332944,14.951151,16.478872,95.377595,95.378836,17564,629178,300.000000,138,3,0,GUROBI,1
3,Farkas,64,4183168.372312,4209638.458084,4184232.130412,11167406.666278,11171906.666278,11182427.999637,17.062256,17.738673,53.344815,54.268174,10210,291308,300.000000,138,3,0,GUROBI,1
4,Farkas,64,3045580.422637,3089369.159113,3048573.918393,9985783.950025,9990640.086000,9995860.666277,21.725281,22.582252,300.000388,300.000560,22073,1490940,300.000000,138,3,0,GUROBI,1
