instanceIndex,vpcGenerator,terms,lpBound,disjunctiveDualBound,lpBoundPostVpc,rootDualBound,dualBound,primalBound,vpcGenerationTime,rootDualBoundTime,bestSolutionTime,terminationTime,nodes,iterations,maxTime,actualTerms,numCuts,cutLimit,mipSolver,providePrimalBound
0,None,256,36590350.000000,36590350.000000,36590350.000000,42976300.000000,44265664.650291,44269807.675929,0.000002,0.279868,4.847933,69.616686,23945,292765,300.000000,0,0,0,GUROBI,1
1,None,256,36590600.000000,36590600.000000,36590600.000000,40606617.853085,43356812.988938,43360649.978707,0.000004,0.244792,0.981621,18.358347,20494,144414,300.000000,0,0,0,GUROBI,1
2,None,256,36589650.000000,36589650.000000,36589650.000000,42619922.149464,45191136.323401,45194839.298761,0.000003,0.212692,2.454771,7.300307,8357,69445,300.000000,0,0,0,GUROBI,1
3,None,256,36589950.000000,36589950.000000,36589950.000000,42508160.514782,43801528.556130,43805113.368974,0.000002,0.287569,0.579712,8.948988,6276,70716,300.000000,0,0,0,GUROBI,1
