instanceIndex,vpcGenerator,terms,lpBound,disjunctiveDualBound,lpBoundPostVpc,rootDualBound,dualBound,primalBound,vpcGenerationTime,rootDualBoundTime,bestSolutionTime,terminationTime,nodes,iterations,maxTime,actualTerms,numCuts,cutLimit,mipSolver,providePrimalBound
0,None,4,248.325000,248.325000,248.325000,3031.509109,3274.610000,3274.810000,0.000004,4.382743,131.162101,131.162407,2075,250504,3600.000000,0,0,0,GUROBI,1
1,None,4,248.566071,248.566071,248.566071,3018.805660,3274.653174,3274.810000,0.000004,4.430574,160.970658,160.970965,2829,311465,3600.000000,0,0,0,GUROBI,1
2,None,4,248.325000,248.325000,248.325000,3167.885001,3396.040000,3396.220000,0.000003,3.435035,46.234880,47.579665,1167,151500,3600.000000,0,0,0,GUROBI,1
3,None,4,248.897917,248.897917,248.897917,3068.846374,3345.100000,3345.380000,0.000003,4.828644,291.540237,316.997683,6243,814024,3600.000000,0,0,0,GUROBI,1
4,None,4,248.325000,248.325000,248.325000,3098.030667,3394.820000,3394.820000,0.000003,4.251268,105.913881,105.914186,1848,216332,3600.000000,0,0,0,GUROBI,1
