instanceIndex,vpcGenerator,terms,lpBound,disjunctiveDualBound,lpBoundPostVpc,rootDualBound,dualBound,primalBound,vpcGenerationTime,rootDualBoundTime,bestSolutionTime,terminationTime,nodes,iterations,maxTime,actualTerms,numCuts,cutLimit,mipSolver,providePrimalBound
0,New,64,-90877.225606,-90872.633872,-90873.396278,25.878100,25.878100,10000000000000000159028911097599180468360808563945281389781327557747838772170381060813469985856815104.000000,1231.546089,1231.590848,1231.546089,1231.594979,1,556,3600.000000,113,9,9,GUROBI,1
