instanceIndex,vpcGenerator,terms,lpBound,disjunctiveDualBound,lpBoundPostVpc,rootDualBound,dualBound,primalBound,vpcGenerationTime,rootDualBoundTime,bestSolutionTime,terminationTime,nodes,iterations,maxTime,actualTerms,numCuts,cutLimit,mipSolver,providePrimalBound
0,None,64,-17.000000,-17.000000,-17.000000,-13.000000,-13.000000,-13.000000,0.000004,3.165464,5.704038,5.704235,103,20150,3600.000000,0,0,0,GUROBI,1
1,None,64,-17.000000,-17.000000,-17.000000,-16.500000,-13.000000,-13.000000,0.000003,2.247181,3.749458,126.063344,10547,931419,3600.000000,0,0,0,GUROBI,1
2,None,64,-17.000000,-17.000000,-17.000000,-13.000000,-13.000000,-13.000000,0.000004,2.523988,2.829724,2.830355,40,12592,3600.000000,0,0,0,GUROBI,1
3,None,64,-17.000000,-17.000000,-17.000000,-13.000000,-13.000000,-13.000000,0.000003,2.757770,2.853755,2.853941,1,10774,3600.000000,0,0,0,GUROBI,1
4,None,64,-17.000000,-17.000000,-17.000000,-15.250000,-13.000000,-13.000000,0.000002,2.269168,5.104814,5.105005,362,36329,3600.000000,0,0,0,GUROBI,1
