instanceIndex,vpcGenerator,terms,lpBound,disjunctiveDualBound,lpBoundPostVpc,rootDualBound,dualBound,primalBound,vpcGenerationTime,rootDualBoundTime,bestSolutionTime,terminationTime,nodes,iterations,maxTime,actualTerms,numCuts,cutLimit,mipSolver,providePrimalBound
0,None,4,3175561447.505317,3175561447.505317,3175561447.505317,3179698976.999958,3179698976.999958,10000000000000000159028911097599180468360808563945281389781327557747838772170381060813469985856815104.000000,0.000004,0.009436,0.000004,0.009927,1,24,1.000000,0,0,0,GUROBI,1
1,None,4,3249277133.000000,3249277133.000000,3249277133.000000,3249277133.000000,3249277133.000000,10000000000000000159028911097599180468360808563945281389781327557747838772170381060813469985856815104.000000,0.000004,0.000004,0.000004,0.003232,1,21,1.000000,0,0,0,GUROBI,1
2,None,4,3175414779.359228,3175414779.359228,3175414779.359228,3194552411.000000,3194552411.000000,10000000000000000159028911097599180468360808563945281389781327557747838772170381060813469985856815104.000000,0.000005,0.009872,0.000005,0.010599,1,24,1.000000,0,0,0,GUROBI,1
3,None,4,3175752122.432272,3175752122.432272,3175752122.432272,3176097096.371706,3517930416.000000,3517930416.000000,0.000005,0.014669,0.014944,0.015208,2,34,1.000000,0,0,0,GUROBI,1
