instanceIndex,vpcGenerator,terms,lpBound,disjunctiveDualBound,lpBoundPostVpc,rootDualBound,dualBound,primalBound,vpcGenerationTime,rootDualBoundTime,bestSolutionTime,terminationTime,nodes,iterations,maxTime,actualTerms,numCuts,cutLimit,mipSolver,providePrimalBound
0,None,64,7.000000,7.000000,7.000000,7.000000,9.000000,9.000000,0.000004,0.705503,1.779318,1013.089942,86136,13622227,3600.000000,0,0,0,GUROBI,1
1,None,64,7.000000,7.000000,7.000000,7.000000,9.000000,9.000000,0.000004,0.907083,2.233616,737.508233,77536,7606018,3600.000000,0,0,0,GUROBI,1
2,None,64,7.000000,7.000000,7.000000,7.000000,9.000000,9.000000,0.000002,1.255197,2.281405,674.529389,85145,7184122,3600.000000,0,0,0,GUROBI,1
3,None,64,7.000000,7.000000,7.000000,7.000000,9.000000,9.000000,0.000002,1.349807,2.215774,766.618693,82418,8179251,3600.000000,0,0,0,GUROBI,1
4,None,64,7.000000,7.000000,7.000000,7.000000,9.000000,9.000000,0.000002,1.386630,2.742074,780.568999,87761,7722185,3600.000000,0,0,0,GUROBI,1
5,None,64,7.000000,7.000000,7.000000,7.000000,9.000000,9.000000,0.000003,1.391315,2.033615,800.185219,86552,10026790,3600.000000,0,0,0,GUROBI,1
