instanceIndex,vpcGenerator,terms,lpBound,disjunctiveDualBound,lpBoundPostVpc,rootDualBound,dualBound,primalBound,vpcGenerationTime,rootDualBoundTime,bestSolutionTime,terminationTime,nodes,iterations,maxTime,actualTerms,numCuts,cutLimit,mipSolver,providePrimalBound
0,None,16,-48296550.000000,-48296550.000000,-48296550.000000,-48296550.000000,-48296550.000000,-48296500.000000,0.000009,0.074054,0.075931,0.076147,21,99,3600.000000,0,0,0,GUROBI,1
1,None,16,-48296779.500000,-48296779.500000,-48296779.500000,-48296732.000000,-48296732.000000,-48296732.000000,0.000002,0.010940,0.011212,0.011453,1,65,3600.000000,0,0,0,GUROBI,1
2,None,16,-48297351.750000,-48297351.750000,-48297351.750000,-48297339.500000,-48297333.500000,-48297256.000000,0.000004,0.031081,0.034164,0.034366,19,106,3600.000000,0,0,0,GUROBI,1
3,None,16,-48297413.250000,-48297413.250000,-48297413.250000,-48297406.902985,-48297406.500000,-48297266.000000,0.000002,0.035969,0.043363,0.043598,54,180,3600.000000,0,0,0,GUROBI,1
4,None,16,-48296656.750000,-48296656.750000,-48296656.750000,-48296648.750000,-48296647.833333,-48296576.000000,0.000003,0.030871,0.033461,0.033711,23,108,3600.000000,0,0,0,GUROBI,1
5,None,16,-48297023.000000,-48297023.000000,-48297023.000000,-48297019.500000,-48297018.500000,-48296948.000000,0.000004,0.025221,0.027506,0.027772,22,86,3600.000000,0,0,0,GUROBI,1
