instanceIndex,vpcGenerator,terms,lpBound,disjunctiveDualBound,lpBoundPostVpc,rootDualBound,dualBound,primalBound,vpcGenerationTime,rootDualBoundTime,bestSolutionTime,terminationTime,nodes,iterations,maxTime,actualTerms,numCuts,cutLimit,mipSolver,providePrimalBound
0,New,16,34.289167,34.691250,34.556251,35.982040,37.000000,10000000000000000159028911097599180468360808563945281389781327557747838772170381060813469985856815104.000000,15.406585,15.700523,15.406585,15.704439,3,571,18.420000,24,21,25,GUROBI,1
1,New,16,34.512495,34.729440,34.654985,35.533848,37.000000,37.000000,7.522181,7.641651,7.693187,7.809104,275,2350,18.420000,31,11,25,GUROBI,1
