instanceIndex,vpcGenerator,terms,lpBound,disjunctiveDualBound,lpBoundPostVpc,rootDualBound,dualBound,primalBound,vpcGenerationTime,rootDualBoundTime,bestSolutionTime,terminationTime,nodes,iterations,maxTime,actualTerms,numCuts,cutLimit,mipSolver,providePrimalBound
0,None,64,1.000000,1.000000,1.000000,3.000000,3.000000,10000000000000000159028911097599180468360808563945281389781327557747838772170381060813469985856815104.000000,0.000004,15.141678,0.000004,16.976449,1,15111,300.000000,0,0,0,GUROBI,1
1,None,64,1.000000,1.000000,1.000000,3.000000,3.000000,10000000000000000159028911097599180468360808563945281389781327557747838772170381060813469985856815104.000000,0.000004,139.667149,0.000004,300.000363,412,197777,300.000000,0,0,0,GUROBI,1
2,None,64,0.750000,0.750000,0.750000,3.000000,3.000000,3.000000,0.000025,33.267709,33.409523,33.412736,1,42258,300.000000,0,0,0,GUROBI,1
3,None,64,1.000000,1.000000,1.000000,3.000000,3.000000,10000000000000000159028911097599180468360808563945281389781327557747838772170381060813469985856815104.000000,0.000023,22.001121,0.000023,23.524634,1,15837,300.000000,0,0,0,GUROBI,1
