instanceIndex,vpcGenerator,terms,lpBound,disjunctiveDualBound,lpBoundPostVpc,rootDualBound,dualBound,primalBound,vpcGenerationTime,rootDualBoundTime,bestSolutionTime,terminationTime,nodes,iterations,maxTime,actualTerms,numCuts,cutLimit,mipSolver,providePrimalBound
0,New,64,718.607692,721.204750,720.063146,759.932174,765.923636,766.000000,1545.960401,1547.526557,1551.946576,1551.976889,666,30611,3600.000000,64,5,40,GUROBI,1
1,Farkas,64,-5337.434384,-5332.128709,-5336.296777,-5321.487037,-5321.200000,-5321.200000,9.251970,9.510416,9.513307,9.515260,1,806,3600.000000,64,5,0,GUROBI,1
2,Farkas,64,-4504.830838,-4504.830838,-4504.830838,-4495.918896,-4495.900000,-4495.900000,9.363998,9.491816,9.496077,9.496291,1,693,3600.000000,64,5,0,GUROBI,1
3,Farkas,64,-5441.774462,-5436.889834,-5441.774462,-5427.607458,-5425.500000,-5425.500000,9.371038,9.520866,9.523719,9.525687,1,875,3600.000000,64,5,0,GUROBI,1
