instanceIndex,vpcGenerator,terms,lpBound,disjunctiveDualBound,lpBoundPostVpc,rootDualBound,dualBound,primalBound,vpcGenerationTime,rootDualBoundTime,bestSolutionTime,terminationTime,nodes,iterations,maxTime,actualTerms,numCuts,cutLimit,mipSolver,providePrimalBound
0,None,64,-18811.492536,-18811.492536,-18811.492536,-18152.524612,-17784.000000,-17783.000000,0.000003,10.339932,105.125938,105.850614,1285,220138,3600.000000,0,0,0,GUROBI,1
1,None,64,-18811.953323,-18811.953323,-18811.953323,-18145.894733,-17784.000000,-17783.000000,0.000004,10.813632,76.310857,77.464530,1176,221459,3600.000000,0,0,0,GUROBI,1
2,None,64,-18817.470210,-18817.470210,-18817.470210,-18101.945356,-17767.000000,-17767.000000,0.000004,16.130062,126.462707,126.463142,820,166430,3600.000000,0,0,0,GUROBI,1
3,None,64,-18829.384665,-18829.384665,-18829.384665,-18127.171945,-17783.000000,-17783.000000,0.000004,11.524737,27.592752,44.695822,697,113694,3600.000000,0,0,0,GUROBI,1
4,None,64,-18816.477895,-18816.477895,-18816.477895,-18120.043456,-17752.000000,-17752.000000,0.000004,12.927939,87.694102,87.694547,771,132228,3600.000000,0,0,0,GUROBI,1
