instanceIndex,vpcGenerator,terms,lpBound,disjunctiveDualBound,lpBoundPostVpc,rootDualBound,dualBound,primalBound,vpcGenerationTime,rootDualBoundTime,bestSolutionTime,terminationTime,nodes,iterations,maxTime,actualTerms,numCuts,cutLimit,mipSolver,providePrimalBound
0,None,4,10593526.000000,10593526.000000,10593526.000000,11455005.055579,11806517.478123,11807698.000000,0.000002,0.593195,228.149667,260.300309,87749,1587428,3600.000000,0,0,0,GUROBI,1
1,None,4,10573041.750000,10573041.750000,10573041.750000,11463900.795461,11796022.629096,11797201.750000,0.000002,0.691604,332.625310,378.180060,156352,2663911,3600.000000,0,0,0,GUROBI,1
2,None,4,10593525.937974,10593525.937974,10593525.937974,11502632.746226,11806531.422150,11807698.000000,0.000002,0.777579,76.573819,112.985586,33735,615216,3600.000000,0,0,0,GUROBI,1
3,None,4,10593760.125000,10593760.125000,10593760.125000,11503943.624343,11807018.289174,11808198.250000,0.000002,0.760077,191.585117,191.585413,69733,1258326,3600.000000,0,0,0,GUROBI,1
4,None,4,10593525.875000,10593525.875000,10593525.875000,11496804.660433,11806517.459103,11807698.000000,0.000002,0.773183,149.996366,161.488488,47103,941363,3600.000000,0,0,0,GUROBI,1
5,None,4,10593525.875000,10593525.875000,10593525.875000,11485345.208473,11806517.422601,11807698.000000,0.000002,0.746043,262.755324,268.377010,115760,1829653,3600.000000,0,0,0,GUROBI,1
6,None,4,10597630.000747,10597630.000747,10597630.000747,11510550.835165,11811361.979203,11812542.187500,0.000002,0.751879,93.924399,315.163628,116270,1858348,3600.000000,0,0,0,GUROBI,1
7,None,4,10583222.437500,10583222.437500,10583222.437500,11448922.396184,11801755.235976,11802932.812500,0.000002,0.613969,308.815137,308.815540,120878,2009449,3600.000000,0,0,0,GUROBI,1
