instanceIndex,vpcGenerator,terms,lpBound,disjunctiveDualBound,lpBoundPostVpc,rootDualBound,dualBound,primalBound,vpcGenerationTime,rootDualBoundTime,bestSolutionTime,terminationTime,nodes,iterations,maxTime,actualTerms,numCuts,cutLimit,mipSolver,providePrimalBound
0,New,64,954341.026667,954591.152725,954484.596029,970300.029860,987374.356970,988585.620000,3200.152481,3214.545829,6800.160078,6800.160298,395812,3325092,3600.000000,64,152,152,GUROBI,1
1,New,64,616113.652948,616363.652948,616363.652948,699516.334067,700424.860000,700458.027500,44.588678,45.964131,46.631913,48.613528,525,3992,3600.000000,95,2,186,GUROBI,1
2,New,64,743582.480076,745625.817206,743832.480076,785538.307908,793484.998790,793495.860000,63.319149,65.098261,76.636490,76.673302,609,12009,3600.000000,75,2,168,GUROBI,1
3,New,64,694447.231167,694697.231167,694697.231167,761618.955610,761856.763565,761891.045000,45.824044,47.612554,47.655084,47.708082,20,1870,3600.000000,69,3,184,GUROBI,1
4,New,64,750384.699120,750634.699120,750634.699120,812894.771906,814885.891492,814937.240000,49.220605,51.216211,57.369018,57.667461,739,9339,3600.000000,73,3,189,GUROBI,1
