instanceIndex,vpcGenerator,terms,lpBound,disjunctiveDualBound,lpBoundPostVpc,rootDualBound,dualBound,primalBound,vpcGenerationTime,rootDualBoundTime,bestSolutionTime,terminationTime,nodes,iterations,maxTime,actualTerms,numCuts,cutLimit,mipSolver,providePrimalBound
0,None,64,12.486033,12.486033,12.486033,13.000000,13.000000,10000000000000000159028911097599180468360808563945281389781327557747838772170381060813469985856815104.000000,0.000004,0.000004,0.000004,0.751323,1,687,3600.000000,0,0,0,GUROBI,1
1,None,64,12.464207,12.464207,12.464207,13.000000,13.000000,10000000000000000159028911097599180468360808563945281389781327557747838772170381060813469985856815104.000000,0.000004,0.000004,0.000004,0.836014,1,678,3600.000000,0,0,0,GUROBI,1
2,None,64,12.486023,12.486023,12.486023,13.000000,13.000000,10000000000000000159028911097599180468360808563945281389781327557747838772170381060813469985856815104.000000,0.000004,0.000004,0.000004,0.761858,1,777,3600.000000,0,0,0,GUROBI,1
3,None,64,12.527335,12.527335,12.527335,13.000000,13.000000,10000000000000000159028911097599180468360808563945281389781327557747838772170381060813469985856815104.000000,0.000003,0.000003,0.000003,0.771715,1,742,3600.000000,0,0,0,GUROBI,1
