instanceIndex,vpcGenerator,terms,lpBound,disjunctiveDualBound,lpBoundPostVpc,rootDualBound,dualBound,primalBound,vpcGenerationTime,rootDualBoundTime,bestSolutionTime,terminationTime,nodes,iterations,maxTime,actualTerms,numCuts,cutLimit,mipSolver,providePrimalBound
0,None,16,289.000000,289.000000,289.000000,296.888889,297.000000,10000000000000000159028911097599180468360808563945281389781327557747838772170381060813469985856815104.000000,0.000003,4.274538,0.000003,4.312482,1,8201,3600.000000,0,0,0,GUROBI,1
1,None,16,289.000000,289.000000,289.000000,296.800000,297.000000,10000000000000000159028911097599180468360808563945281389781327557747838772170381060813469985856815104.000000,0.000003,3.086920,0.000003,4.146111,1,12213,3600.000000,0,0,0,GUROBI,1
2,None,16,289.000000,289.000000,289.000000,296.888889,297.000000,10000000000000000159028911097599180468360808563945281389781327557747838772170381060813469985856815104.000000,0.000003,3.888121,0.000003,3.917916,1,10247,3600.000000,0,0,0,GUROBI,1
3,None,16,289.000000,289.000000,289.000000,296.800000,297.000000,10000000000000000159028911097599180468360808563945281389781327557747838772170381060813469985856815104.000000,0.000003,4.367137,0.000003,4.442465,1,8707,3600.000000,0,0,0,GUROBI,1
4,None,16,289.000000,289.000000,289.000000,296.206349,297.000000,10000000000000000159028911097599180468360808563945281389781327557747838772170381060813469985856815104.000000,0.000004,2.698602,0.000004,2.771219,1,7083,3600.000000,0,0,0,GUROBI,1
5,None,16,289.000000,289.000000,289.000000,296.222222,297.000000,10000000000000000159028911097599180468360808563945281389781327557747838772170381060813469985856815104.000000,0.000003,2.813562,0.000003,2.827994,1,6663,3600.000000,0,0,0,GUROBI,1
