instanceIndex,vpcGenerator,terms,lpBound,disjunctiveDualBound,lpBoundPostVpc,rootDualBound,dualBound,primalBound,vpcGenerationTime,rootDualBoundTime,bestSolutionTime,terminationTime,nodes,iterations,maxTime,actualTerms,numCuts,cutLimit,mipSolver,providePrimalBound
0,None,64,-11670000.000000,-11670000.000000,-11670000.000000,-11670000.000000,-11670000.000000,-11670000.000000,0.000030,0.000030,0.001672,0.001845,1,18,3600.000000,0,0,0,GUROBI,1
1,None,64,-10980004.400000,-10980004.400000,-10980004.400000,-10450008.299834,-10450004.400000,-10450004.400000,0.000033,0.003319,0.003426,0.003596,2,20,3600.000000,0,0,0,GUROBI,1
2,None,64,-12053339.333333,-12053339.333333,-12053339.333333,-12053339.333333,-12053339.333333,-12053339.333333,0.000027,0.000027,0.001122,0.001243,1,10,3600.000000,0,0,0,GUROBI,1
3,None,64,-12979999.200000,-12979999.200000,-12979999.200000,-12979999.200000,-12979999.200000,-12979999.200000,0.000026,0.000026,0.000806,0.000927,1,8,3600.000000,0,0,0,GUROBI,1
4,None,64,-10968004.799744,-10968004.799744,-10968004.799744,-10936666.453178,-10936661.866667,-10936661.866667,0.000002,0.003023,0.003133,0.003301,2,22,3600.000000,0,0,0,GUROBI,1
