instanceIndex,vpcGenerator,terms,lpBound,disjunctiveDualBound,lpBoundPostVpc,rootDualBound,dualBound,primalBound,vpcGenerationTime,rootDualBoundTime,bestSolutionTime,terminationTime,nodes,iterations,maxTime,actualTerms,numCuts,cutLimit,mipSolver,providePrimalBound
0,New,64,33463.770104,36432.069570,35266.403540,70875.789136,80590.403183,80598.430097,48.388403,49.256088,3729.533676,3876.032855,311674,13809029,13937.300000,64,12,153,GUROBI,1
1,Old,64,33442.179847,36814.586086,34437.714047,80854.897038,87291.332128,87299.672673,3.495009,3.978511,30.182014,36.645172,5214,102955,13937.300000,64,3,0,GUROBI,1
2,Old,64,33529.428095,36496.321488,34875.149225,79564.260318,85743.371183,85751.938105,5.643281,6.424742,105.223888,105.224056,17223,362387,13937.300000,64,10,0,GUROBI,1
3,Old,64,33466.549883,36430.849349,34710.756757,73377.455659,81894.118419,81902.282282,3.962011,4.537791,540.148386,568.904315,60997,1812706,13937.300000,64,4,0,GUROBI,1
4,Old,64,33438.082082,37244.153487,35794.888222,80765.734143,86006.756757,86006.756757,2.699594,3.024834,10.449290,11.092536,898,12502,13937.300000,64,2,0,GUROBI,1
