instanceIndex,vpcGenerator,terms,lpBound,disjunctiveDualBound,lpBoundPostVpc,rootDualBound,dualBound,primalBound,vpcGenerationTime,rootDualBoundTime,bestSolutionTime,terminationTime,nodes,iterations,maxTime,actualTerms,numCuts,cutLimit,mipSolver,providePrimalBound
0,New,4,8877.000000,8894.285714,8894.285714,10500.571429,14392.000000,14393.000000,2.387333,2.703111,3.283994,5142.225728,4245563,27028557,14400.000000,4,24,24,GUROBI,1
1,Farkas,4,8769.357143,8789.928571,8789.928571,9866.905820,14370.571429,14372.000000,0.054403,0.257022,7668.220834,7668.483473,4400090,27909790,14400.000000,4,24,0,GUROBI,1
