instanceIndex,vpcGenerator,terms,lpBound,disjunctiveDualBound,lpBoundPostVpc,rootDualBound,dualBound,primalBound,vpcGenerationTime,rootDualBoundTime,bestSolutionTime,terminationTime,nodes,iterations,maxTime,actualTerms,numCuts,cutLimit,mipSolver,providePrimalBound
0,New,4,34.289167,34.536566,34.441288,35.185752,37.000000,37.000000,3.696597,3.840503,3.929315,4.163744,407,4395,3600.000000,4,25,25,GUROBI,1
1,Old,4,34.289167,34.536566,34.306545,35.982040,37.000000,37.000000,0.453165,0.696484,0.957511,2.933307,2796,19229,3600.000000,4,11,0,GUROBI,1
2,Old,4,34.289167,34.536566,34.306545,35.982040,37.000000,37.000000,0.448906,0.589261,0.715188,2.516925,1065,8575,3600.000000,4,11,0,GUROBI,1
3,Old,4,34.357220,34.570707,34.389533,35.880833,37.000000,37.000000,0.505900,0.634060,0.895168,1.216894,632,6124,3600.000000,4,15,0,GUROBI,1
4,Old,4,34.289167,34.541300,34.431164,35.153997,37.000000,37.000000,0.490215,0.721685,0.827311,1.402373,548,5080,3600.000000,4,18,0,GUROBI,1
