instanceIndex,vpcGenerator,terms,lpBound,disjunctiveDualBound,lpBoundPostVpc,rootDualBound,dualBound,primalBound,vpcGenerationTime,rootDualBoundTime,bestSolutionTime,terminationTime,nodes,iterations,maxTime,actualTerms,numCuts,cutLimit,mipSolver,providePrimalBound
0,New,4,1209900.000000,1213800.000000,1209900.000000,1231200.000000,1232700.000000,10000000000000000159028911097599180468360808563945281389781327557747838772170381060813469985856815104.000000,100.823234,102.729058,100.823234,102.730011,1,10506,3600.000000,4,71,126,GUROBI,1
1,Old,4,1193900.000000,1195800.000000,1193900.000000,1215700.000000,1217000.000000,1217000.000000,43.084329,44.601028,44.843501,45.965448,138,13392,3600.000000,4,29,0,GUROBI,1
2,Old,4,1195150.000000,1197400.000000,1195150.000000,1216200.000000,1217700.000000,10000000000000000159028911097599180468360808563945281389781327557747838772170381060813469985856815104.000000,143.521384,145.008863,143.521384,145.009816,1,9645,3600.000000,4,224,0,GUROBI,1
3,Old,4,1203400.000000,1204800.000000,1203400.000000,1220637.500000,1224800.000000,1225200.000000,103.510050,105.257310,112.745246,3703.516199,522993,13468288,3600.000000,4,140,0,GUROBI,1
