instanceIndex,vpcGenerator,terms,lpBound,disjunctiveDualBound,lpBoundPostVpc,rootDualBound,dualBound,primalBound,vpcGenerationTime,rootDualBoundTime,bestSolutionTime,terminationTime,nodes,iterations,maxTime,actualTerms,numCuts,cutLimit,mipSolver,providePrimalBound
0,None,64,47443.152199,47443.152199,47443.152199,47453.203024,47454.614500,10000000000000000159028911097599180468360808563945281389781327557747838772170381060813469985856815104.000000,0.000033,0.013007,0.000033,0.013297,1,14,3600.000000,0,0,0,GUROBI,1
1,None,64,47396.498499,47396.498499,47396.498499,47396.498500,47396.498500,10000000000000000159028911097599180468360808563945281389781327557747838772170381060813469985856815104.000000,0.000005,0.000005,0.000005,0.002826,1,5,3600.000000,0,0,0,GUROBI,1
2,None,64,47429.383199,47429.383199,47429.383199,47439.638633,47439.638633,47440.889500,0.000005,0.024567,0.029665,0.029895,35,74,3600.000000,0,0,0,GUROBI,1
3,None,64,47504.308199,47504.308199,47504.308199,47514.395257,47514.395257,47515.792500,0.000005,0.019781,0.024742,0.024974,35,51,3600.000000,0,0,0,GUROBI,1
4,None,64,47284.562999,47284.562999,47284.562999,47294.971391,47296.044106,10000000000000000159028911097599180468360808563945281389781327557747838772170381060813469985856815104.000000,0.000005,0.017306,0.000005,0.017610,1,16,3600.000000,0,0,0,GUROBI,1
