instanceIndex,vpcGenerator,terms,lpBound,disjunctiveDualBound,lpBoundPostVpc,rootDualBound,dualBound,primalBound,vpcGenerationTime,rootDualBoundTime,bestSolutionTime,terminationTime,nodes,iterations,maxTime,actualTerms,numCuts,cutLimit,mipSolver,providePrimalBound
0,New,64,-14653654.824261,-14653091.031394,-14653355.900194,-14627770.603310,-14623505.342128,10000000000000000159028911097599180468360808563945281389781327557747838772170381060813469985856815104.000000,441.557806,441.860615,441.557806,442.575550,518,5772,300.000000,290,37,43,GUROBI,1
1,Farkas,64,-14549598.044080,-14549355.461763,-14549598.044080,-14526048.222570,-14508576.614233,-14507134.725641,52.664338,52.977045,64.117017,67.093803,9224,99769,300.000000,290,37,0,GUROBI,1
2,Farkas,64,-13957769.820094,-13953040.666313,-13957769.820094,-13867992.923383,-13800149.527726,-13799053.780867,60.453700,60.859333,63.617704,63.618322,1274,22570,300.000000,290,37,0,GUROBI,1
