instanceIndex,vpcGenerator,terms,lpBound,disjunctiveDualBound,lpBoundPostVpc,rootDualBound,dualBound,primalBound,vpcGenerationTime,rootDualBoundTime,bestSolutionTime,terminationTime,nodes,iterations,maxTime,actualTerms,numCuts,cutLimit,mipSolver,providePrimalBound
0,None,16,689000000.000000,689000000.000000,689000000.000000,689000000.000000,689000000.000000,10000000000000000159028911097599180468360808563945281389781327557747838772170381060813469985856815104.000000,0.000002,0.000002,0.000002,0.035130,1,0,3600.000000,0,0,0,GUROBI,1
1,None,16,689000000.000000,689000000.000000,689000000.000000,689000000.000000,689000000.000000,10000000000000000159028911097599180468360808563945281389781327557747838772170381060813469985856815104.000000,0.000003,0.000003,0.000003,0.045056,1,143,3600.000000,0,0,0,GUROBI,1
2,None,16,689000000.000000,689000000.000000,689000000.000000,689000000.000000,689000000.000000,10000000000000000159028911097599180468360808563945281389781327557747838772170381060813469985856815104.000000,0.000002,0.000002,0.000002,0.036140,1,0,3600.000000,0,0,0,GUROBI,1
3,None,16,689000000.000000,689000000.000000,689000000.000000,689000000.000000,689000000.000000,10000000000000000159028911097599180468360808563945281389781327557747838772170381060813469985856815104.000000,0.000003,0.000003,0.000003,0.034716,1,14,3600.000000,0,0,0,GUROBI,1
4,None,16,689000000.000000,689000000.000000,689000000.000000,689000000.000000,689000000.000000,10000000000000000159028911097599180468360808563945281389781327557747838772170381060813469985856815104.000000,0.000002,0.000002,0.000002,0.036733,1,45,3600.000000,0,0,0,GUROBI,1
5,None,16,689000000.000000,689000000.000000,689000000.000000,689000000.000000,689000000.000000,10000000000000000159028911097599180468360808563945281389781327557747838772170381060813469985856815104.000000,0.000003,0.000003,0.000003,0.037648,1,76,3600.000000,0,0,0,GUROBI,1
