instanceIndex,vpcGenerator,terms,lpBound,disjunctiveDualBound,lpBoundPostVpc,rootDualBound,dualBound,primalBound,vpcGenerationTime,rootDualBoundTime,bestSolutionTime,terminationTime,nodes,iterations,maxTime,actualTerms,numCuts,cutLimit,mipSolver,providePrimalBound
0,None,64,-182.000000,-182.000000,-182.000000,-182.000000,-182.000000,-181.000000,0.000003,0.329263,7.174831,24.001165,6203,280117,24.000000,0,0,0,GUROBI,1
1,None,64,-181.000000,-181.000000,-181.000000,-181.000000,-181.000000,-181.000000,0.000004,0.257735,6.249220,6.250005,1278,51249,24.000000,0,0,0,GUROBI,1
2,None,64,-181.000000,-181.000000,-181.000000,-181.000000,-181.000000,-181.000000,0.000004,0.333537,1.469953,1.470543,252,10933,24.000000,0,0,0,GUROBI,1
3,None,64,-181.000000,-181.000000,-181.000000,-181.000000,-181.000000,-181.000000,0.000003,0.298474,1.818279,1.818870,332,14697,24.000000,0,0,0,GUROBI,1
4,None,64,-181.000000,-181.000000,-181.000000,-181.000000,-181.000000,-180.000000,0.000003,0.360332,1.246074,24.000652,6564,267110,24.000000,0,0,0,GUROBI,1
5,None,64,-182.000000,-182.000000,-182.000000,-182.000000,-182.000000,-181.000000,0.000002,0.344247,5.010382,24.000478,5736,290734,24.000000,0,0,0,GUROBI,1
