instanceIndex,vpcGenerator,terms,lpBound,disjunctiveDualBound,lpBoundPostVpc,rootDualBound,dualBound,primalBound,vpcGenerationTime,rootDualBoundTime,bestSolutionTime,terminationTime,nodes,iterations,maxTime,actualTerms,numCuts,cutLimit,mipSolver,providePrimalBound
0,None,4,0.000681,0.000681,0.000681,0.140494,0.149988,0.150003,0.000004,0.518220,0.702587,1.863664,1268,15356,3600.000000,0,0,0,GUROBI,1
1,None,4,-0.006666,-0.006666,-0.006666,0.136831,0.150431,0.150446,0.000003,0.479520,2.623390,2.810920,2352,25755,3600.000000,0,0,0,GUROBI,1
2,None,4,0.000699,0.000699,0.000699,0.122313,0.150253,0.150268,0.000003,0.857386,7.083588,7.083718,3448,44495,3600.000000,0,0,0,GUROBI,1
3,None,4,0.000693,0.000693,0.000693,0.124032,0.150305,0.150315,0.000003,0.588366,3.716855,4.114959,1563,25739,3600.000000,0,0,0,GUROBI,1
4,None,4,-0.014044,-0.014044,-0.014044,0.125472,0.134815,0.134828,0.000003,0.732161,0.894150,2.753465,2129,23624,3600.000000,0,0,0,GUROBI,1
5,None,4,-0.006684,-0.006684,-0.006684,0.135157,0.142590,0.142593,0.000003,0.736619,2.241273,2.241404,1452,17489,3600.000000,0,0,0,GUROBI,1
