instanceIndex,vpcGenerator,terms,lpBound,disjunctiveDualBound,lpBoundPostVpc,rootDualBound,dualBound,primalBound,vpcGenerationTime,rootDualBoundTime,bestSolutionTime,terminationTime,nodes,iterations,maxTime,actualTerms,numCuts,cutLimit,mipSolver,providePrimalBound
0,New,16,6519541.944917,6528425.806386,6519541.944917,11486166.666274,11490583.921280,11507166.666274,22.861474,23.624630,24.571517,28.849009,580,52171,109.000000,33,2,202,GUROBI,1
1,Old,16,6187820.186843,6194824.186130,6188471.054679,11059953.596947,11071756.578082,11072134.914413,12.246211,12.911976,97.485652,97.491738,15607,478312,109.000000,33,3,0,GUROBI,1
2,Old,16,6372785.289971,6382716.519179,6372848.740869,11303842.024369,11311234.967782,11319975.491135,10.408423,11.076619,114.872727,119.409003,12982,476010,109.000000,33,2,0,GUROBI,1
3,Old,16,6179572.719577,6193502.949132,6179962.691336,11161682.561876,11173252.836461,11173957.629302,8.704250,9.437401,36.793246,36.793411,6089,150487,109.000000,33,2,0,GUROBI,1
4,Old,16,6222982.693517,6236164.823374,6223085.677231,11023165.780263,11028937.597700,11033652.812312,10.840740,11.506555,119.864607,119.864791,15303,585253,109.000000,33,2,0,GUROBI,1
5,Old,16,5951150.292770,5954761.327056,5951284.819592,10793874.593551,10805875.429846,10812118.760212,12.948736,13.526072,121.949151,121.951413,15611,475565,109.000000,33,2,0,GUROBI,1
