instanceIndex,vpcGenerator,terms,lpBound,disjunctiveDualBound,lpBoundPostVpc,rootDualBound,dualBound,primalBound,vpcGenerationTime,rootDualBoundTime,bestSolutionTime,terminationTime,nodes,iterations,maxTime,actualTerms,numCuts,cutLimit,mipSolver,providePrimalBound
0,None,4,33463.770104,33463.770104,33463.770104,70632.714278,80590.437540,80598.430097,0.000002,0.926288,2577.764106,2591.241978,232748,9596377,2695.000000,0,0,0,GUROBI,1
1,None,4,33504.676677,33504.676677,33504.676677,81049.126026,87289.964208,87294.463797,0.000002,0.588823,47.730534,47.731123,10188,193648,2695.000000,0,0,0,GUROBI,1
2,None,4,33212.697030,33212.697030,33212.697030,88241.256431,90449.313119,90453.526527,0.000003,0.385625,0.762407,0.818994,426,2531,2695.000000,0,0,0,GUROBI,1
3,None,4,33360.550217,33360.550217,33360.550217,87465.628077,90572.626845,90616.327995,0.000002,0.363522,0.401354,1.444551,595,4477,2695.000000,0,0,0,GUROBI,1
4,None,4,33480.042376,33480.042376,33480.042376,96114.946116,96981.975392,96981.975392,0.000003,0.192660,0.220909,0.221020,31,517,2695.000000,0,0,0,GUROBI,1
5,None,4,33299.989990,33299.989990,33299.989990,98493.286380,101198.381310,101205.949783,0.000002,0.294022,0.664941,0.696706,249,1559,2695.000000,0,0,0,GUROBI,1
