instanceIndex,vpcGenerator,terms,lpBound,disjunctiveDualBound,lpBoundPostVpc,rootDualBound,dualBound,primalBound,vpcGenerationTime,rootDualBoundTime,bestSolutionTime,terminationTime,nodes,iterations,maxTime,actualTerms,numCuts,cutLimit,mipSolver,providePrimalBound
0,New,4,141.886250,142.109583,141.917188,146.925379,148.000000,10000000000000000159028911097599180468360808563945281389781327557747838772170381060813469985856815104.000000,1.378087,1.656328,1.378087,1.659135,2,1103,3600.000000,4,2,33,GUROBI,1
1,New,4,142.466566,150.201531,147.351480,153.802391,157.000000,157.000000,2.458158,2.681709,2.918941,2.994422,297,4627,3600.000000,20,1,39,GUROBI,1
2,New,4,145.387108,147.534138,145.746225,156.097292,159.000000,159.000000,1.873987,2.125988,2.285854,2.328327,262,3095,3600.000000,13,1,47,GUROBI,1
