instanceIndex,vpcGenerator,terms,lpBound,disjunctiveDualBound,lpBoundPostVpc,rootDualBound,dualBound,primalBound,vpcGenerationTime,rootDualBoundTime,bestSolutionTime,terminationTime,nodes,iterations,maxTime,actualTerms,numCuts,cutLimit,mipSolver,providePrimalBound
0,New,4,954341.026667,954391.090159,954353.424190,969006.973964,987733.395225,988585.620000,11.227459,15.245046,1186.228001,3611.229728,576203,9804418,3600.000000,4,17,152,GUROBI,1
1,Farkas,4,616113.652948,616345.958504,616113.652948,699516.334067,700424.860000,700458.027500,1.161518,1.747130,2.026309,3.001606,525,3992,3600.000000,4,17,0,GUROBI,1
2,Farkas,4,743582.480076,743598.952039,743582.480076,785538.307908,793484.998790,793495.860000,0.975918,1.841991,7.247758,7.257061,609,12009,3600.000000,4,17,0,GUROBI,1
3,Farkas,4,694447.231167,694447.233355,694447.231167,761569.377944,761819.480211,761891.045000,1.078628,1.913973,1.939516,1.963944,26,1909,3600.000000,4,17,0,GUROBI,1
4,Farkas,4,750384.699120,750397.110108,750384.699120,812894.771906,814885.891492,814937.240000,1.061139,2.386323,5.616851,5.822869,739,9339,3600.000000,4,17,0,GUROBI,1
