instanceIndex,vpcGenerator,terms,lpBound,disjunctiveDualBound,lpBoundPostVpc,rootDualBound,dualBound,primalBound,vpcGenerationTime,rootDualBoundTime,bestSolutionTime,terminationTime,nodes,iterations,maxTime,actualTerms,numCuts,cutLimit,mipSolver,providePrimalBound
0,None,64,-45861.030962,-45861.030962,-45861.030962,-45436.401718,-44378.000000,-44378.000000,0.000003,2.815447,55.117064,55.709761,1903,143817,3600.000000,0,0,0,GUROBI,1
1,None,64,-45305.085260,-45305.085260,-45305.085260,-43792.968840,-43109.000000,-43109.000000,0.000003,2.668527,7.674237,7.686170,176,18149,3600.000000,0,0,0,GUROBI,1
2,None,64,-45861.030962,-45861.030962,-45861.030962,-45479.498378,-44381.000000,-44378.000000,0.000003,3.207040,67.185632,67.688735,2029,171156,3600.000000,0,0,0,GUROBI,1
3,None,64,-45860.673217,-45860.673217,-45860.673217,-45448.339725,-44378.000000,-44378.000000,0.000004,3.083896,43.146668,45.579495,1130,99575,3600.000000,0,0,0,GUROBI,1
