instanceIndex,vpcGenerator,terms,lpBound,disjunctiveDualBound,lpBoundPostVpc,rootDualBound,dualBound,primalBound,vpcGenerationTime,rootDualBoundTime,bestSolutionTime,terminationTime,nodes,iterations,maxTime,actualTerms,numCuts,cutLimit,mipSolver,providePrimalBound
0,New,16,60224.082818,60488.238269,60328.378707,64728.495725,64823.477139,64829.590000,153.409644,154.870729,156.264999,156.311646,199,6713,3600.000000,16,12,47,GUROBI,1
1,Farkas,16,60115.911816,60391.135404,60220.207705,64646.923338,64753.359891,64757.740000,1.481133,3.257280,4.626069,4.668495,197,8334,3600.000000,16,12,0,GUROBI,1
2,Farkas,16,60253.978923,60529.489003,60358.274812,64790.193013,64912.876935,64916.190000,1.499775,2.973767,4.475235,5.164682,351,10483,3600.000000,16,12,0,GUROBI,1
3,Farkas,16,60281.778016,60545.031189,60386.073905,64789.796808,64892.010012,64897.017500,1.483235,3.309058,6.015714,6.265883,318,13655,3600.000000,16,12,0,GUROBI,1
4,Farkas,16,60260.797135,60501.236239,60365.093024,64749.786542,64844.536324,64850.716000,1.509532,3.322513,5.961490,5.984222,274,11017,3600.000000,16,12,0,GUROBI,1
5,Farkas,16,60167.672226,60440.081130,60273.115489,64829.668940,64932.955636,64937.100000,1.533036,3.120331,4.629615,5.210722,301,9134,3600.000000,16,12,0,GUROBI,1
