instanceIndex,vpcGenerator,terms,lpBound,disjunctiveDualBound,lpBoundPostVpc,rootDualBound,dualBound,primalBound,vpcGenerationTime,rootDualBoundTime,bestSolutionTime,terminationTime,nodes,iterations,maxTime,actualTerms,numCuts,cutLimit,mipSolver,providePrimalBound
0,New,4,0.000000,0.000000,0.000000,17860.604751,17891.077116,10000000000000000159028911097599180468360808563945281389781327557747838772170381060813469985856815104.000000,10.632706,11.049462,10.632706,11.056603,1,3876,3600.000000,4,12,106,GUROBI,1
1,Farkas,4,-137557.347622,-137557.347622,-137557.347622,-137330.101597,-137243.774686,-137230.203040,1.324291,2.463333,26.102451,26.102735,3071,166108,3600.000000,4,12,0,GUROBI,1
2,Farkas,4,-157459.089566,-157458.225068,-157458.710560,-157259.058853,-157126.902024,-157111.197772,1.811799,3.099209,21.269551,23.795401,2997,153681,3600.000000,4,12,0,GUROBI,1
3,Farkas,4,-33931.734891,-33931.734891,-33931.734891,-33749.545794,-33733.682644,-33730.682156,0.621370,2.355225,4.458361,5.074866,239,22911,3600.000000,4,12,0,GUROBI,1
4,Farkas,4,-54177.610042,-54177.610042,-54177.610042,-53893.980729,-53735.137302,-53729.825480,0.839212,1.695135,8.167555,8.167741,1141,55094,3600.000000,4,12,0,GUROBI,1
5,Farkas,4,-185133.868346,-185133.868346,-185133.868346,-184993.910404,-184959.112096,-184945.778416,1.441525,2.677270,2.984492,2.986414,24,6680,3600.000000,4,12,0,GUROBI,1
