instanceIndex,vpcGenerator,terms,lpBound,disjunctiveDualBound,lpBoundPostVpc,rootDualBound,dualBound,primalBound,vpcGenerationTime,rootDualBoundTime,bestSolutionTime,terminationTime,nodes,iterations,maxTime,actualTerms,numCuts,cutLimit,mipSolver,providePrimalBound
0,New,4,-90877.225606,-90875.088606,-90877.225606,25.878100,25.878100,10000000000000000159028911097599180468360808563945281389781327557747838772170381060813469985856815104.000000,14.277382,14.352256,14.277382,14.368324,1,556,3600.000000,4,9,9,GUROBI,1
