instanceIndex,vpcGenerator,terms,lpBound,disjunctiveDualBound,lpBoundPostVpc,rootDualBound,dualBound,primalBound,vpcGenerationTime,rootDualBoundTime,bestSolutionTime,terminationTime,nodes,iterations,maxTime,actualTerms,numCuts,cutLimit,mipSolver,providePrimalBound
0,None,64,50.000000,50.000000,50.000000,50.000000,50.000000,10000000000000000159028911097599180468360808563945281389781327557747838772170381060813469985856815104.000000,0.000003,0.000003,0.000003,1.573002,1,9752,3600.000000,0,0,0,GUROBI,1
1,None,64,-59.484760,-59.484760,-59.484760,-56.606516,-49.000000,-49.000000,0.000002,2.695450,775.183917,1469.748916,57570,5155329,3600.000000,0,0,0,GUROBI,1
2,None,64,-48.132409,-48.132409,-48.132409,-46.393137,-39.000000,-39.000000,0.000002,2.979593,1766.750033,1836.092751,80726,6770143,3600.000000,0,0,0,GUROBI,1
3,None,64,-53.438776,-53.438776,-53.438776,-48.881015,-42.000000,-38.000000,0.000002,2.886512,3600.004809,3600.005195,132603,13357580,3600.000000,0,0,0,GUROBI,1
