instanceIndex,vpcGenerator,terms,lpBound,disjunctiveDualBound,lpBoundPostVpc,rootDualBound,dualBound,primalBound,vpcGenerationTime,rootDualBoundTime,bestSolutionTime,terminationTime,nodes,iterations,maxTime,actualTerms,numCuts,cutLimit,mipSolver,providePrimalBound
0,New,4,-1196.333333,-1178.333333,-1193.250000,-1148.000000,-1135.000000,-1135.000000,17.090696,18.153137,18.163911,18.166439,1,774,3600.000000,4,25,44,GUROBI,1
1,Farkas,4,-1196.333333,-1178.333333,-1193.250000,-1130.454545,-1130.000000,-1130.000000,0.722633,1.994365,1.997819,2.000404,1,664,3600.000000,4,25,0,GUROBI,1
2,Farkas,4,-1196.333333,-1178.333333,-1193.250000,-1145.000000,-1135.000000,-1135.000000,0.649588,1.866169,1.872026,1.874311,1,800,3600.000000,4,25,0,GUROBI,1
3,Farkas,4,-1196.333333,-1178.333333,-1193.250000,-1184.833333,-1135.000000,-1135.000000,0.713934,1.477464,1.485331,1.487001,1,396,3600.000000,4,25,0,GUROBI,1
