instanceIndex,vpcGenerator,terms,lpBound,disjunctiveDualBound,lpBoundPostVpc,rootDualBound,dualBound,primalBound,vpcGenerationTime,rootDualBoundTime,bestSolutionTime,terminationTime,nodes,iterations,maxTime,actualTerms,numCuts,cutLimit,mipSolver,providePrimalBound
0,New,256,33463.770104,37749.762262,35826.131071,70578.034045,71110.711766,83686.328245,342.583978,343.064776,343.584493,343.584691,273,5410,300.000000,256,23,153,GUROBI,1
1,Old,256,24026.518624,26767.837096,26258.985608,57450.958174,65501.876896,65508.308739,26.020929,26.444088,152.587714,155.638365,23446,844193,300.000000,256,17,0,GUROBI,1
2,Old,256,24150.451665,27699.405514,25265.390029,58376.541587,64244.149854,64250.255721,25.630951,26.054825,51.973222,51.973378,6485,159498,300.000000,256,6,0,GUROBI,1
3,Old,256,8491.005688,10699.622240,10477.743360,39535.770523,43303.131733,43303.708054,29.047543,29.446400,36.556038,36.556818,1281,28954,300.000000,256,18,0,GUROBI,1
4,Old,256,-21101.184530,-18777.560136,-18819.376724,9908.708179,16045.034301,16045.034301,41.033560,41.381419,51.153132,51.226277,2719,56944,300.000000,256,80,0,GUROBI,1
