instanceIndex,vpcGenerator,terms,lpBound,disjunctiveDualBound,lpBoundPostVpc,rootDualBound,dualBound,primalBound,vpcGenerationTime,rootDualBoundTime,bestSolutionTime,terminationTime,nodes,iterations,maxTime,actualTerms,numCuts,cutLimit,mipSolver,providePrimalBound
0,None,16,286.534383,286.534383,286.534383,315.521667,2270.780000,2270.850000,0.000004,1.284302,690.351106,999.213462,117419,4590949,2220.000000,0,0,0,GUROBI,1
1,None,16,286.341992,286.341992,286.341992,312.288393,2270.850000,2270.850000,0.000004,1.435831,209.435142,658.444472,77224,3820377,2220.000000,0,0,0,GUROBI,1
2,None,16,286.534383,286.534383,286.534383,315.521667,2270.850000,2270.850000,0.000003,1.298413,1130.840278,1130.840584,126861,6577169,2220.000000,0,0,0,GUROBI,1
3,None,16,286.534383,286.534383,286.534383,332.012821,2270.744103,2270.850000,0.000003,1.307823,794.092085,794.092406,131688,5029868,2220.000000,0,0,0,GUROBI,1
