instanceIndex,vpcGenerator,terms,lpBound,disjunctiveDualBound,lpBoundPostVpc,rootDualBound,dualBound,primalBound,vpcGenerationTime,rootDualBoundTime,bestSolutionTime,terminationTime,nodes,iterations,maxTime,actualTerms,numCuts,cutLimit,mipSolver,providePrimalBound
0,None,64,2451.229630,2451.229630,2451.229630,2589.636225,3174.999962,3174.999962,0.000003,0.349756,24.523068,24.523366,5193,109333,3600.000000,0,0,0,GUROBI,1
1,None,64,3052.729630,3052.729630,3052.729630,3352.829733,3975.857143,3976.000000,0.000002,0.531739,1.968115,24.716293,6133,109193,3600.000000,0,0,0,GUROBI,1
2,None,64,2451.229630,2451.229630,2451.229630,2633.182495,3174.692308,3175.000000,0.000003,0.575034,1.924593,22.496006,4973,90587,3600.000000,0,0,0,GUROBI,1
3,None,64,2451.229630,2451.229630,2451.229630,2577.902446,3175.000000,3175.000000,0.000003,0.405429,1.876141,22.576464,5081,94402,3600.000000,0,0,0,GUROBI,1
4,None,64,2859.655556,2859.655556,2859.655556,3170.926019,3576.000000,3576.000000,0.000002,0.520694,4.486804,6.044137,960,21346,3600.000000,0,0,0,GUROBI,1
5,None,64,2451.229630,2451.229630,2451.229630,2574.981816,3174.999978,3174.999978,0.000003,0.422096,21.619977,21.620269,4590,87726,3600.000000,0,0,0,GUROBI,1
