instanceIndex,vpcGenerator,terms,lpBound,disjunctiveDualBound,lpBoundPostVpc,rootDualBound,dualBound,primalBound,vpcGenerationTime,rootDualBoundTime,bestSolutionTime,terminationTime,nodes,iterations,maxTime,actualTerms,numCuts,cutLimit,mipSolver,providePrimalBound
0,New,4,342.576816,357.149680,355.640797,382.566661,454.200000,454.200000,22.978818,23.646951,23.809247,25.564115,731,8061,117.450000,16,20,80,GUROBI,1
1,Old,4,345.147576,359.574296,358.722431,393.344534,454.200000,454.200000,3.879694,5.127680,5.328902,9.441140,1701,18159,117.450000,16,5,0,GUROBI,1
2,Old,4,344.368591,358.904346,358.425102,393.435438,454.200000,454.200000,3.899798,5.144621,5.272431,5.770773,220,3189,117.450000,16,10,0,GUROBI,1
3,Old,4,407.926293,422.659686,416.809543,475.173759,490.800000,10000000000000000159028911097599180468360808563945281389781327557747838772170381060813469985856815104.000000,3.888198,4.162221,3.888198,4.164645,1,427,117.450000,16,15,0,GUROBI,1
4,Old,4,345.147576,359.368727,358.558493,396.984096,454.200000,454.200000,4.181355,5.252801,5.376738,6.593203,446,6048,117.450000,16,5,0,GUROBI,1
