instanceIndex,vpcGenerator,terms,lpBound,disjunctiveDualBound,lpBoundPostVpc,rootDualBound,dualBound,primalBound,vpcGenerationTime,rootDualBoundTime,bestSolutionTime,terminationTime,nodes,iterations,maxTime,actualTerms,numCuts,cutLimit,mipSolver,providePrimalBound
0,None,64,6.727060,6.727060,6.727060,18.359917,23.895367,25.371610,0.000004,6.525632,3600.001106,3600.001497,19536,5476152,3600.000000,0,0,0,GUROBI,1
1,None,64,6.477063,6.477063,6.477063,17.455733,23.001077,24.785830,0.000003,4.490889,3600.004931,3600.005370,35812,8266613,3600.000000,0,0,0,GUROBI,1
2,None,64,4.604931,4.604931,4.604931,17.578067,23.781797,25.135540,0.000004,8.795648,2768.619376,3600.001482,23710,6283356,3600.000000,0,0,0,GUROBI,1
3,None,64,2.105204,2.105204,2.105204,15.029030,22.594875,28.614240,0.000004,4.066067,1542.866157,3600.005392,31282,8349301,3600.000000,0,0,0,GUROBI,1
4,None,64,5.664646,5.664646,5.664646,16.967349,21.843660,27.193470,0.000003,4.753328,3237.672606,3600.004479,45576,8087274,3600.000000,0,0,0,GUROBI,1
