instanceIndex,vpcGenerator,terms,lpBound,disjunctiveDualBound,lpBoundPostVpc,rootDualBound,dualBound,primalBound,vpcGenerationTime,rootDualBoundTime,bestSolutionTime,terminationTime,nodes,iterations,maxTime,actualTerms,numCuts,cutLimit,mipSolver,providePrimalBound
0,None,16,0.478700,0.478700,0.478700,0.508300,0.593889,0.593889,0.000004,1.019584,10.459130,19.240203,1007,98687,3600.000000,0,0,0,GUROBI,1
1,None,16,-0.295350,-0.295350,-0.295350,-0.272950,-0.150842,-0.150842,0.000003,1.276781,3.765640,13.351244,926,114472,3600.000000,0,0,0,GUROBI,1
2,None,16,0.478700,0.478700,0.478700,0.508300,0.593889,0.593889,0.000004,0.976549,22.519565,25.331843,1434,132558,3600.000000,0,0,0,GUROBI,1
3,None,16,0.478700,0.478700,0.478700,0.508300,0.593889,0.593889,0.000003,0.941932,4.831189,51.067659,1045,129341,3600.000000,0,0,0,GUROBI,1
4,None,16,0.478700,0.478700,0.478700,0.508300,0.593889,0.593889,0.000004,0.960807,14.725751,18.911237,1141,94583,3600.000000,0,0,0,GUROBI,1
5,None,16,-0.296278,-0.296278,-0.296278,0.059696,0.061263,10000000000000000159028911097599180468360808563945281389781327557747838772170381060813469985856815104.000000,0.000003,0.275828,0.000003,0.290122,1,1084,3600.000000,0,0,0,GUROBI,1
6,None,16,0.478700,0.478700,0.478700,0.508300,0.593889,0.593889,0.000003,1.400310,5.210570,25.125050,1287,141356,3600.000000,0,0,0,GUROBI,1
7,None,16,-0.262241,-0.262241,-0.262241,0.228691,0.273361,10000000000000000159028911097599180468360808563945281389781327557747838772170381060813469985856815104.000000,0.000003,0.864114,0.000003,0.864691,1,2648,3600.000000,0,0,0,GUROBI,1
