instanceIndex,vpcGenerator,terms,lpBound,disjunctiveDualBound,lpBoundPostVpc,rootDualBound,dualBound,primalBound,vpcGenerationTime,rootDualBoundTime,bestSolutionTime,terminationTime,nodes,iterations,maxTime,actualTerms,numCuts,cutLimit,mipSolver,providePrimalBound
0,None,64,5711620.957128,5711620.957128,5711620.957128,5742906.053417,5761162.362085,5761665.217720,0.000003,1.715004,9.357767,14.570058,5263,20094,300.000000,0,0,0,GUROBI,1
1,None,64,5967548.315349,5967548.315349,5967548.315349,6396590.760893,6413701.771158,6416613.675920,0.000003,1.005157,3.885692,300.003395,1359345,2391821,300.000000,0,0,0,GUROBI,1
2,None,64,6035999.260681,6035999.260681,6035999.260681,6694342.314994,6705158.819920,6705158.819920,0.000003,1.380534,4.717474,11.014617,10216,34850,300.000000,0,0,0,GUROBI,1
3,None,64,6241696.279967,6241696.279967,6241696.279967,6554042.391528,6567537.673037,6568044.019140,0.000003,1.891575,8.767459,16.359570,5144,27737,300.000000,0,0,0,GUROBI,1
4,None,64,5711644.168734,5711644.168734,5711644.168734,5745559.108334,5761177.663002,5761678.397720,0.000002,2.196999,8.656691,16.743846,10209,34682,300.000000,0,0,0,GUROBI,1
5,None,64,6177917.467424,6177917.467424,6177917.467424,6411817.269595,6432518.668860,6433025.015340,0.000002,1.568609,5.489323,10.616593,10212,37731,300.000000,0,0,0,GUROBI,1
6,None,64,5752364.705162,5752364.705162,5752364.705162,6036666.750706,6048712.245737,6049229.859817,0.000003,1.910600,9.081192,9.081432,5113,21144,300.000000,0,0,0,GUROBI,1
