instanceIndex,vpcGenerator,terms,lpBound,disjunctiveDualBound,lpBoundPostVpc,rootDualBound,dualBound,primalBound,vpcGenerationTime,rootDualBoundTime,bestSolutionTime,terminationTime,nodes,iterations,maxTime,actualTerms,numCuts,cutLimit,mipSolver,providePrimalBound
0,None,4,2902.986087,2902.986087,2902.986087,5025.343691,28755.000000,28755.000000,0.000004,1.911378,47.768110,96.534656,6535,423710,3600.000000,0,0,0,GUROBI,1
1,None,4,2695.519727,2695.519727,2695.519727,5034.940138,29056.000000,29058.000000,0.000002,1.879383,55.477853,111.901657,9167,536486,3600.000000,0,0,0,GUROBI,1
2,None,4,2418.185369,2418.185369,2418.185369,4746.122356,18306.000000,18306.000000,0.000003,1.722346,33.464968,35.172964,1136,193103,3600.000000,0,0,0,GUROBI,1
3,None,4,2713.480440,2713.480440,2713.480440,6767.944360,21618.750000,21618.750000,0.000003,1.342765,22.937873,23.917297,1091,127568,3600.000000,0,0,0,GUROBI,1
4,None,4,2846.375042,2846.375042,2846.375042,5225.535595,28752.500000,28755.000000,0.000003,1.887389,104.829668,106.238224,8733,487206,3600.000000,0,0,0,GUROBI,1
5,None,4,2347.935829,2347.935829,2347.935829,4895.927106,16074.500000,16074.500000,0.000003,1.751096,30.982994,31.237208,679,142917,3600.000000,0,0,0,GUROBI,1
