instanceIndex,vpcGenerator,terms,lpBound,disjunctiveDualBound,lpBoundPostVpc,rootDualBound,dualBound,primalBound,vpcGenerationTime,rootDualBoundTime,bestSolutionTime,terminationTime,nodes,iterations,maxTime,actualTerms,numCuts,cutLimit,mipSolver,providePrimalBound
0,None,4,6.727060,6.727060,6.727060,18.359917,24.783352,24.785820,0.000003,8.865451,6156.730438,6156.730923,34065,7719160,18000.000000,0,0,0,GUROBI,1
1,None,4,6.227063,6.227063,6.227063,17.962089,23.427214,23.429550,0.000003,9.744928,8177.818590,8177.819085,50130,11150005,18000.000000,0,0,0,GUROBI,1
2,None,4,5.325814,5.325814,5.325814,17.364789,23.784554,23.785820,0.000003,10.808198,8782.930138,8782.930639,39369,10985923,18000.000000,0,0,0,GUROBI,1
3,None,4,5.491543,5.491543,5.491543,16.695235,23.961733,23.963960,0.000003,8.426657,9355.783397,9355.783891,54937,12145921,18000.000000,0,0,0,GUROBI,1
4,None,4,2.851594,2.851594,2.851594,14.385174,19.199221,19.200030,0.000003,6.983788,508.368330,509.658410,4986,849382,18000.000000,0,0,0,GUROBI,1
