instanceIndex,vpcGenerator,terms,lpBound,disjunctiveDualBound,lpBoundPostVpc,rootDualBound,dualBound,primalBound,vpcGenerationTime,rootDualBoundTime,bestSolutionTime,terminationTime,nodes,iterations,maxTime,actualTerms,numCuts,cutLimit,mipSolver,providePrimalBound
0,New,64,5711620.957128,5713764.083807,5713635.383738,5740304.596510,5761158.871617,5761665.217142,196.352879,197.704684,209.363244,214.904822,15319,48734,21600.000000,120,25,44,GUROBI,1
1,Farkas,64,5600141.239836,5602357.270339,5600240.963530,5681888.827892,5687268.605036,5687831.463251,27.897350,29.486397,37.502656,37.502898,12794,57089,21600.000000,120,25,0,GUROBI,1
2,Farkas,64,5617635.501291,5619144.091193,5618308.690582,5669978.748205,5676821.192598,5677277.462700,25.613678,27.553351,50.459371,50.513971,21062,96991,21600.000000,120,25,0,GUROBI,1
