instanceIndex,vpcGenerator,terms,lpBound,disjunctiveDualBound,lpBoundPostVpc,rootDualBound,dualBound,primalBound,vpcGenerationTime,rootDualBoundTime,bestSolutionTime,terminationTime,nodes,iterations,maxTime,actualTerms,numCuts,cutLimit,mipSolver,providePrimalBound
0,None,64,11.724138,11.724138,11.724138,17.306264,63.570603,65.666667,0.000003,1.366838,1912.788966,3600.002300,284823,26237409,3600.000000,0,0,0,GUROBI,1
1,None,64,11.892308,11.892308,11.892308,17.210420,61.228512,61.231111,0.000004,1.575299,562.255986,1122.844482,126343,7526382,3600.000000,0,0,0,GUROBI,1
2,None,64,11.896552,11.896552,11.896552,17.365384,64.193687,64.200000,0.000004,1.331811,263.035113,2041.996104,231676,16736179,3600.000000,0,0,0,GUROBI,1
3,None,64,11.761905,11.761905,11.761905,16.660607,60.191658,60.194444,0.000003,1.175388,706.571607,1177.014845,112959,7434524,3600.000000,0,0,0,GUROBI,1
4,None,64,12.133333,12.133333,12.133333,17.990194,62.624283,62.627907,0.000003,1.307964,368.677569,368.677782,43484,3075906,3600.000000,0,0,0,GUROBI,1
5,None,64,11.638889,11.638889,11.638889,17.926287,66.257635,66.263158,0.000004,1.573053,2658.661672,2658.661850,299617,19836959,3600.000000,0,0,0,GUROBI,1
