instanceIndex,vpcGenerator,terms,lpBound,disjunctiveDualBound,lpBoundPostVpc,rootDualBound,dualBound,primalBound,vpcGenerationTime,rootDualBoundTime,bestSolutionTime,terminationTime,nodes,iterations,maxTime,actualTerms,numCuts,cutLimit,mipSolver,providePrimalBound
0,New,16,56.333333,56.333333,56.333333,64.611111,66.000000,10000000000000000159028911097599180468360808563945281389781327557747838772170381060813469985856815104.000000,68.242509,68.806827,68.242509,68.812024,1,4181,3600.000000,16,5,46,GUROBI,1
1,Old,16,54.323718,54.323718,54.323718,63.145833,66.000000,10000000000000000159028911097599180468360808563945281389781327557747838772170381060813469985856815104.000000,62.322326,63.199576,62.322326,63.209440,1,4456,3600.000000,16,2,0,GUROBI,1
2,Old,16,54.254006,54.254006,54.254006,57.386905,66.000000,10000000000000000159028911097599180468360808563945281389781327557747838772170381060813469985856815104.000000,59.569541,59.982518,59.569541,60.018121,1,4473,3600.000000,16,1,0,GUROBI,1
