instanceIndex,vpcGenerator,terms,lpBound,disjunctiveDualBound,lpBoundPostVpc,rootDualBound,dualBound,primalBound,vpcGenerationTime,rootDualBoundTime,bestSolutionTime,terminationTime,nodes,iterations,maxTime,actualTerms,numCuts,cutLimit,mipSolver,providePrimalBound
0,New,16,12.030303,12.787879,12.402338,29.000000,29.000000,10000000000000000159028911097599180468360808563945281389781327557747838772170381060813469985856815104.000000,4.504237,4.543449,4.504237,4.557351,1,540,6.180000,16,4,33,GUROBI,1
1,Farkas,16,12.060606,12.818182,12.432641,30.000000,30.000000,10000000000000000159028911097599180468360808563945281389781327557747838772170381060813469985856815104.000000,0.175722,0.214125,0.175722,0.219869,1,572,6.180000,16,4,0,GUROBI,1
2,Farkas,16,12.060606,12.818182,12.432641,30.000000,30.000000,10000000000000000159028911097599180468360808563945281389781327557747838772170381060813469985856815104.000000,0.176204,0.203859,0.176204,0.211071,1,658,6.180000,16,4,0,GUROBI,1
3,Farkas,16,12.060606,12.818182,12.432641,30.000000,30.000000,10000000000000000159028911097599180468360808563945281389781327557747838772170381060813469985856815104.000000,0.176454,0.215396,0.176454,0.234904,1,593,6.180000,16,4,0,GUROBI,1
4,Farkas,16,12.060606,12.818182,12.432641,30.000000,30.000000,10000000000000000159028911097599180468360808563945281389781327557747838772170381060813469985856815104.000000,0.178529,0.220020,0.178529,0.235758,1,504,6.180000,16,4,0,GUROBI,1
5,Farkas,16,12.000000,12.757576,12.372035,29.000000,29.000000,10000000000000000159028911097599180468360808563945281389781327557747838772170381060813469985856815104.000000,0.179965,0.205008,0.179965,0.213178,1,598,6.180000,16,4,0,GUROBI,1
