instanceIndex,vpcGenerator,terms,lpBound,disjunctiveDualBound,lpBoundPostVpc,rootDualBound,dualBound,primalBound,vpcGenerationTime,rootDualBoundTime,bestSolutionTime,terminationTime,nodes,iterations,maxTime,actualTerms,numCuts,cutLimit,mipSolver,providePrimalBound
0,None,64,56.333333,56.333333,56.333333,60.583333,66.000000,10000000000000000159028911097599180468360808563945281389781327557747838772170381060813469985856815104.000000,0.000002,0.805606,0.000002,0.821501,1,4094,3600.000000,0,0,0,GUROBI,1
1,None,64,54.323718,54.323718,54.323718,63.895833,66.000000,10000000000000000159028911097599180468360808563945281389781327557747838772170381060813469985856815104.000000,0.000003,0.475952,0.000003,0.492554,1,4448,3600.000000,0,0,0,GUROBI,1
2,None,64,54.254006,54.254006,54.254006,57.386905,66.000000,10000000000000000159028911097599180468360808563945281389781327557747838772170381060813469985856815104.000000,0.000002,0.642995,0.000002,0.680843,1,4599,3600.000000,0,0,0,GUROBI,1
3,None,64,55.522207,55.522207,55.522207,61.585470,65.000000,10000000000000000159028911097599180468360808563945281389781327557747838772170381060813469985856815104.000000,0.000003,1.157044,0.000003,1.192849,1,5266,3600.000000,0,0,0,GUROBI,1
