instanceIndex,vpcGenerator,terms,lpBound,disjunctiveDualBound,lpBoundPostVpc,rootDualBound,dualBound,primalBound,vpcGenerationTime,rootDualBoundTime,bestSolutionTime,terminationTime,nodes,iterations,maxTime,actualTerms,numCuts,cutLimit,mipSolver,providePrimalBound
0,New,64,49.214876,49.239669,49.239669,69.437423,71.000000,71.000000,43.108085,43.654736,44.428892,44.545138,270,7711,300.000000,138,3,41,GUROBI,1
1,Farkas,64,34.363636,34.545455,34.363636,57.390004,59.000000,59.000000,5.118017,5.886025,6.842649,14.275595,688,32250,300.000000,138,3,0,GUROBI,1
2,Farkas,64,29.578512,29.603306,29.603306,51.391738,52.000000,52.000000,4.866648,5.489165,6.189072,6.416013,415,8111,300.000000,138,3,0,GUROBI,1
3,Farkas,64,49.214876,49.239669,49.239669,68.690192,70.000000,72.000000,4.260956,4.784814,5.128380,6.222395,443,11131,300.000000,138,3,0,GUROBI,1
4,Farkas,64,49.214876,49.239669,49.239669,69.319446,71.000000,71.000000,4.808057,5.397814,10.867645,10.867797,629,18076,300.000000,138,3,0,GUROBI,1
5,Farkas,64,29.487603,29.630579,29.512397,50.462168,52.000000,52.000000,5.096330,5.632654,6.160569,9.560181,604,19481,300.000000,138,3,0,GUROBI,1
