instanceIndex,vpcGenerator,terms,lpBound,disjunctiveDualBound,lpBoundPostVpc,rootDualBound,dualBound,primalBound,vpcGenerationTime,rootDualBoundTime,bestSolutionTime,terminationTime,nodes,iterations,maxTime,actualTerms,numCuts,cutLimit,mipSolver,providePrimalBound
0,New,64,4.600000,4.600000,4.600000,4.600000,9.000000,9.000000,30.015381,30.796780,66.900427,66.901003,39854,293803,2743.000000,78,7,30,GUROBI,1
1,Farkas,64,4.600000,4.600000,4.600000,4.600000,9.000000,9.000000,3.550253,4.416593,26.110142,51.517172,39564,326091,2743.000000,78,7,0,GUROBI,1
2,Farkas,64,4.600000,4.600000,4.600000,4.600000,8.500000,8.500000,3.643043,4.457448,21.365765,25.354557,15449,148413,2743.000000,78,7,0,GUROBI,1
3,Farkas,64,5.600000,5.600000,5.600000,5.600000,9.000000,9.000000,3.549764,4.161260,14.850722,96.645603,97354,718378,2743.000000,78,7,0,GUROBI,1
4,Farkas,64,5.600000,5.600000,5.600000,5.600000,7.600000,7.600000,3.539880,4.115644,11.321196,15.085125,8093,80540,2743.000000,78,7,0,GUROBI,1
5,Farkas,64,5.000000,5.000000,5.000000,5.000000,8.000000,8.000000,3.893318,4.529868,8.293358,12.066115,3270,58842,2743.000000,78,7,0,GUROBI,1
6,Farkas,64,4.600000,4.600000,4.600000,4.600000,9.000000,9.000000,3.714321,4.275742,8.667750,25.991934,16551,165848,2743.000000,78,7,0,GUROBI,1
