instanceIndex,vpcGenerator,terms,lpBound,disjunctiveDualBound,lpBoundPostVpc,rootDualBound,dualBound,primalBound,vpcGenerationTime,rootDualBoundTime,bestSolutionTime,terminationTime,nodes,iterations,maxTime,actualTerms,numCuts,cutLimit,mipSolver,providePrimalBound
0,New,64,4.600000,4.600000,4.600000,4.600000,9.000000,9.000000,30.097141,30.831138,64.218712,64.219238,39854,293803,3600.000000,78,7,30,GUROBI,1
1,New,64,4.600000,4.600000,4.600000,4.600000,9.000000,9.000000,30.056339,30.720944,38.081630,126.636751,134859,785415,3600.000000,78,7,30,GUROBI,1
2,New,64,4.592187,4.592187,4.592187,4.592187,8.992188,8.992188,28.223620,28.980493,36.207234,60.850026,31236,265039,3600.000000,78,6,30,GUROBI,1
3,New,64,4.600000,4.600000,4.600000,4.600000,8.999121,9.000000,35.544400,36.124121,69.387130,667.167338,1026942,5952453,3600.000000,76,10,30,GUROBI,1
4,New,64,4.600000,4.600000,4.600000,4.600000,8.999506,9.000000,29.979914,30.555882,47.233144,354.857766,484896,3013908,3600.000000,78,7,30,GUROBI,1
