instanceIndex,vpcGenerator,terms,lpBound,disjunctiveDualBound,lpBoundPostVpc,rootDualBound,dualBound,primalBound,vpcGenerationTime,rootDualBoundTime,bestSolutionTime,terminationTime,nodes,iterations,maxTime,actualTerms,numCuts,cutLimit,mipSolver,providePrimalBound
0,New,4,99.322299,100.496627,100.223484,107.760895,120.000000,120.000000,1.383332,1.970092,2.308701,2.815650,596,15955,3600.000000,4,2,17,GUROBI,1
1,New,4,98.938612,100.125578,99.842652,107.531115,119.500000,119.500000,1.394992,2.018778,2.368956,2.891938,613,15895,3600.000000,4,2,17,GUROBI,1
2,New,4,99.213317,100.401982,100.092694,107.772579,119.500000,119.500000,1.495441,2.111605,2.447302,2.912618,559,14980,3600.000000,4,3,17,GUROBI,1
3,New,4,99.822299,100.996627,100.698074,108.325350,120.000000,120.000000,1.409572,2.005030,2.333355,2.825729,593,15020,3600.000000,4,2,17,GUROBI,1
4,New,4,98.874068,100.089055,99.797422,107.330900,119.500000,119.500000,1.564738,2.143932,2.469935,2.977913,603,15554,3600.000000,4,3,17,GUROBI,1
