instanceIndex,vpcGenerator,terms,lpBound,disjunctiveDualBound,lpBoundPostVpc,rootDualBound,dualBound,primalBound,vpcGenerationTime,rootDualBoundTime,bestSolutionTime,terminationTime,nodes,iterations,maxTime,actualTerms,numCuts,cutLimit,mipSolver,providePrimalBound
0,None,16,99.322299,99.322299,99.322299,107.734157,120.000000,120.000000,0.000003,0.557209,0.891579,1.444960,617,16730,3600.000000,0,0,0,GUROBI,1
1,None,16,99.322299,99.322299,99.322299,107.734157,120.000000,120.000000,0.000004,0.568874,0.905808,1.462795,617,16730,3600.000000,0,0,0,GUROBI,1
2,None,16,99.322299,99.322299,99.322299,107.734157,120.000000,120.000000,0.000003,0.572295,0.910458,1.469564,617,16730,3600.000000,0,0,0,GUROBI,1
3,None,16,99.322299,99.322299,99.322299,107.728111,118.000000,118.000000,0.000004,0.571616,1.266450,1.325095,505,13607,3600.000000,0,0,0,GUROBI,1
4,None,16,99.322299,99.322299,99.322299,107.734157,120.000000,120.000000,0.000003,0.571694,0.908857,1.475603,621,16794,3600.000000,0,0,0,GUROBI,1
