instanceIndex,vpcGenerator,terms,lpBound,disjunctiveDualBound,lpBoundPostVpc,rootDualBound,dualBound,primalBound,vpcGenerationTime,rootDualBoundTime,bestSolutionTime,terminationTime,nodes,iterations,maxTime,actualTerms,numCuts,cutLimit,mipSolver,providePrimalBound
0,None,16,49882.002525,49882.002525,49882.002525,50662.453482,51200.000000,51200.000000,0.000003,3.628032,90.966245,95.855277,7792,232646,3600.000000,0,0,0,GUROBI,1
1,None,16,49824.118967,49824.118967,49824.118967,50628.338470,51200.000000,51200.000000,0.000003,5.084170,132.207169,289.862312,20956,745702,3600.000000,0,0,0,GUROBI,1
2,None,16,49423.383629,49423.383629,49423.383629,50261.411648,50719.999969,50719.999969,0.000004,4.657089,61.624143,61.782600,4394,153288,3600.000000,0,0,0,GUROBI,1
3,None,16,49748.266112,49748.266112,49748.266112,50608.959429,51040.000000,51200.000000,0.000004,5.486366,104.319248,115.620712,6743,231124,3600.000000,0,0,0,GUROBI,1
4,None,16,49653.883943,49653.883943,49653.883943,50489.646510,51040.000000,51040.000000,0.000003,4.441769,250.155954,254.615777,16450,528464,3600.000000,0,0,0,GUROBI,1
