instanceIndex,vpcGenerator,terms,lpBound,disjunctiveDualBound,lpBoundPostVpc,rootDualBound,dualBound,primalBound,vpcGenerationTime,rootDualBoundTime,bestSolutionTime,terminationTime,nodes,iterations,maxTime,actualTerms,numCuts,cutLimit,mipSolver,providePrimalBound
0,New,4,180104.201530,180867.525589,180867.525589,257618.996481,258411.000000,258411.000000,1.000631,1.220156,1.229708,1.230802,9,643,3600.000000,4,11,24,GUROBI,1
1,New,4,180179.437696,182680.201429,180410.748019,257219.501355,258561.000000,258561.000000,0.483696,0.666299,0.726639,0.733807,86,1029,3600.000000,16,2,25,GUROBI,1
2,New,4,180196.598234,183272.262744,181537.391523,257815.547066,258411.000000,258411.000000,0.380791,0.580391,0.602815,0.602900,11,687,3600.000000,9,2,24,GUROBI,1
3,New,4,181735.049648,183775.116981,183150.811289,276643.221373,282756.000000,282756.000000,0.385552,0.569252,0.586276,0.599109,43,852,3600.000000,11,2,25,GUROBI,1
4,New,4,178369.493489,186138.967215,179625.769160,267217.845415,270018.571429,271020.000000,0.443793,0.582388,0.628296,0.638150,116,933,3600.000000,18,2,24,GUROBI,1
