instanceIndex,vpcGenerator,terms,lpBound,disjunctiveDualBound,lpBoundPostVpc,rootDualBound,dualBound,primalBound,vpcGenerationTime,rootDualBoundTime,bestSolutionTime,terminationTime,nodes,iterations,maxTime,actualTerms,numCuts,cutLimit,mipSolver,providePrimalBound
0,None,64,180104.201530,180104.201530,180104.201530,258182.465641,258411.000000,10000000000000000159028911097599180468360808563945281389781327557747838772170381060813469985856815104.000000,0.000032,0.231719,0.000032,0.239361,5,627,3600.000000,0,0,0,GUROBI,1
1,None,64,172546.695584,172546.695584,172546.695584,243999.427557,258411.000000,258411.000000,0.000003,0.237945,0.290428,0.295772,108,1434,3600.000000,0,0,0,GUROBI,1
2,None,64,207850.322005,207850.322005,207850.322005,253856.231109,271131.228571,271149.000000,0.000003,0.115683,0.176729,0.178186,181,1374,3600.000000,0,0,0,GUROBI,1
