instanceIndex,vpcGenerator,terms,lpBound,disjunctiveDualBound,lpBoundPostVpc,rootDualBound,dualBound,primalBound,vpcGenerationTime,rootDualBoundTime,bestSolutionTime,terminationTime,nodes,iterations,maxTime,actualTerms,numCuts,cutLimit,mipSolver,providePrimalBound
0,New,16,180104.201530,183664.933637,183325.846944,257618.996481,258411.000000,258411.000000,11.074279,11.282385,11.291804,11.292782,9,641,3600.000000,33,24,24,GUROBI,1
1,New,16,194587.321125,220589.543771,204952.001782,225815.640410,226490.000000,226490.000000,3.057945,3.243415,3.264379,3.264461,17,584,3600.000000,82,2,29,GUROBI,1
2,New,16,170009.393464,209242.202278,170496.964908,221266.658653,223751.429921,223767.000000,2.696335,2.994016,3.180160,3.192144,248,4337,3600.000000,82,1,32,GUROBI,1
3,New,16,161540.091836,166329.777354,161738.834301,176445.805052,176481.000000,10000000000000000159028911097599180468360808563945281389781327557747838772170381060813469985856815104.000000,1.373679,1.443277,1.373679,1.449476,7,190,3600.000000,55,1,30,GUROBI,1
4,New,16,167605.808494,179013.935414,172924.398208,186621.193260,187642.000000,187642.000000,1.530747,1.678195,1.705580,1.707480,37,623,3600.000000,59,1,26,GUROBI,1
5,New,16,183398.724903,210641.953054,183947.008713,233304.128559,238015.000000,238015.000000,2.915717,3.155084,3.209819,3.210836,75,1299,3600.000000,89,1,25,GUROBI,1
