instanceIndex,vpcGenerator,terms,lpBound,disjunctiveDualBound,lpBoundPostVpc,rootDualBound,dualBound,primalBound,vpcGenerationTime,rootDualBoundTime,bestSolutionTime,terminationTime,nodes,iterations,maxTime,actualTerms,numCuts,cutLimit,mipSolver,providePrimalBound
0,New,4,6268.760739,7520.417171,7322.670651,8688.621565,8691.000000,10000000000000000159028911097599180468360808563945281389781327557747838772170381060813469985856815104.000000,0.662335,0.737319,0.662335,0.739561,2,303,1.000000,4,3,36,GUROBI,1
1,New,4,6205.945699,7444.131457,7249.490501,8612.854368,8614.000000,10000000000000000159028911097599180468360808563945281389781327557747838772170381060813469985856815104.000000,0.668913,0.724084,0.668913,0.725000,1,292,1.000000,4,3,36,GUROBI,1
