instanceIndex,vpcGenerator,terms,lpBound,disjunctiveDualBound,lpBoundPostVpc,rootDualBound,dualBound,primalBound,vpcGenerationTime,rootDualBoundTime,bestSolutionTime,terminationTime,nodes,iterations,maxTime,actualTerms,numCuts,cutLimit,mipSolver,providePrimalBound
0,New,16,6268.760739,7542.402383,7335.088069,8688.621565,8691.000000,10000000000000000159028911097599180468360808563945281389781327557747838772170381060813469985856815104.000000,6.329300,6.407200,6.329300,6.410976,2,296,3600.000000,40,4,36,GUROBI,1
1,New,16,1142.138557,1523.299179,1178.186860,2591.958068,2611.000000,2611.000000,6.277216,6.397539,6.438887,6.439005,64,472,3600.000000,119,1,42,GUROBI,1
2,New,16,837.774756,850.162789,841.211659,1684.557818,1720.000000,1720.000000,9.301277,9.431547,10.195383,10.201172,617,3576,3600.000000,132,2,36,GUROBI,1
3,New,16,629.016650,689.211872,656.335112,1219.707536,1227.000000,1244.000000,8.699511,8.867121,8.917987,8.919687,35,532,3600.000000,127,2,33,GUROBI,1
4,New,16,879.080477,880.325527,880.325527,1826.216261,1925.000000,1925.000000,9.631150,9.779290,10.042538,10.430016,829,4857,3600.000000,98,3,35,GUROBI,1
5,New,16,979.656650,1058.519024,980.071516,2326.265507,2393.000000,2393.000000,6.379284,6.509322,7.670868,7.718107,966,5748,3600.000000,115,1,41,GUROBI,1
