instanceIndex,vpcGenerator,terms,lpBound,disjunctiveDualBound,lpBoundPostVpc,rootDualBound,dualBound,primalBound,vpcGenerationTime,rootDualBoundTime,bestSolutionTime,terminationTime,nodes,iterations,maxTime,actualTerms,numCuts,cutLimit,mipSolver,providePrimalBound
0,New,4,5678.607089,5683.441013,5683.441013,14635.672883,15078.000000,10000000000000000159028911097599180468360808563945281389781327557747838772170381060813469985856815104.000000,7.668542,8.496525,7.668542,8.509815,1,3956,28.200000,4,5,5,GUROBI,1
1,Old,4,5661.251771,5669.789239,5669.789239,15057.320155,15078.000000,10000000000000000159028911097599180468360808563945281389781327557747838772170381060813469985856815104.000000,5.417171,6.696567,5.417171,6.948347,8,4733,28.200000,4,9,0,GUROBI,1
3,Old,4,6381.688608,6383.132405,6383.132405,15782.060009,16254.000000,16254.000000,4.965417,6.005083,7.784420,7.787036,169,6901,28.200000,4,9,0,GUROBI,1
