instanceIndex,vpcGenerator,terms,lpBound,disjunctiveDualBound,lpBoundPostVpc,rootDualBound,dualBound,primalBound,vpcGenerationTime,rootDualBoundTime,bestSolutionTime,terminationTime,nodes,iterations,maxTime,actualTerms,numCuts,cutLimit,mipSolver,providePrimalBound
0,None,16,-2451537.325024,-2451537.325024,-2451537.325024,-2451467.097651,-2451430.278972,-2451279.000000,0.000003,1.089012,17.807709,17.809936,4487,14269,3600.000000,0,0,0,GUROBI,1
1,None,16,-2378295.357496,-2378295.357496,-2378295.357496,-2308522.181175,-2308514.893769,-2308332.000000,0.000002,0.740694,63.613136,63.622992,8961,129621,3600.000000,0,0,0,GUROBI,1
2,None,16,-2450988.707155,-2450988.707155,-2450988.707155,-2450375.326405,-2450343.481157,-2450178.000000,0.000003,1.435370,15.815649,15.818233,3418,15658,3600.000000,0,0,0,GUROBI,1
3,None,16,-2426013.204004,-2426013.204004,-2426013.204004,-2382982.046483,-2382964.966536,-2382827.000000,0.000002,0.865414,4.980841,4.982702,1585,5512,3600.000000,0,0,0,GUROBI,1
4,None,16,-2442697.461480,-2442697.461480,-2442697.461480,-2437210.112769,-2437203.496980,-2437128.000000,0.000003,0.667719,91.150076,91.167005,10017,190928,3600.000000,0,0,0,GUROBI,1
5,None,16,-2440622.948851,-2440622.948851,-2440622.948851,-2428518.185956,-2428457.754444,-2428337.000000,0.000003,1.036473,15.377087,15.378795,3671,10508,3600.000000,0,0,0,GUROBI,1
