instanceIndex,vpcGenerator,terms,lpBound,disjunctiveDualBound,lpBoundPostVpc,rootDualBound,dualBound,primalBound,vpcGenerationTime,rootDualBoundTime,bestSolutionTime,terminationTime,nodes,iterations,maxTime,actualTerms,numCuts,cutLimit,mipSolver,providePrimalBound
0,New,64,6418.800000,8979.875000,7104.738317,36388.873377,39663.035147,39667.000000,25.055251,25.466506,2106.688005,2135.854396,253358,10981359,3600.000000,65,4,52,GUROBI,1
1,Farkas,64,4164.262500,5836.645000,4873.490389,32702.434780,35180.521390,35184.000000,1.372947,1.798252,264.740137,314.471959,72565,1803564,3600.000000,65,4,0,GUROBI,1
2,Farkas,64,6219.187500,8488.801250,6634.161782,36695.809238,39418.099152,39674.000000,1.324407,1.773548,2059.137099,3601.326121,422413,15735128,3600.000000,65,4,0,GUROBI,1
3,Farkas,64,4675.822500,6730.852500,5042.653333,34820.596744,37634.238571,37638.000000,1.354781,1.838212,1688.976163,1688.976498,201611,8972264,3600.000000,65,4,0,GUROBI,1
4,Farkas,64,93.628750,1835.730000,891.472173,27955.370456,29922.075531,29925.000000,1.365268,1.900503,84.969108,89.710835,15361,454392,3600.000000,65,4,0,GUROBI,1
5,Farkas,64,670.996250,3012.033750,1574.574062,29856.871282,32717.742920,32721.000000,1.364272,1.805390,210.818228,462.913977,86500,2751680,3600.000000,65,4,0,GUROBI,1
6,Farkas,64,-6313.022500,-5711.735000,-6241.158237,19945.633845,21865.427182,21867.000000,1.443508,1.860468,36.196854,36.196989,11509,201920,3600.000000,65,4,0,GUROBI,1
