instanceIndex,vpcGenerator,terms,lpBound,disjunctiveDualBound,lpBoundPostVpc,rootDualBound,dualBound,primalBound,vpcGenerationTime,rootDualBoundTime,bestSolutionTime,terminationTime,nodes,iterations,maxTime,actualTerms,numCuts,cutLimit,mipSolver,providePrimalBound
0,None,64,6418.800000,6418.800000,6418.800000,36647.769089,39663.037958,39667.000000,0.000003,0.471368,2505.465336,2505.465581,345940,13738320,3600.000000,0,0,0,GUROBI,1
1,None,64,4164.262500,4164.262500,4164.262500,32897.765509,35180.633385,35184.000000,0.000003,0.399982,241.889216,241.889412,55298,1438597,3600.000000,0,0,0,GUROBI,1
2,None,64,6219.187500,6219.187500,6219.187500,36699.745347,39643.041689,39647.000000,0.000002,0.502867,2698.652032,2698.652229,399923,14283984,3600.000000,0,0,0,GUROBI,1
3,None,64,4675.822500,4675.822500,4675.822500,34912.825682,37634.257730,37638.000000,0.000002,0.485355,424.387191,1195.807964,141864,6287241,3600.000000,0,0,0,GUROBI,1
4,None,64,93.628750,93.628750,93.628750,28150.544786,29922.021854,29925.000000,0.000003,0.486792,32.436097,33.116439,7428,221237,3600.000000,0,0,0,GUROBI,1
5,None,64,670.996250,670.996250,670.996250,29604.530500,32717.734590,32721.000000,0.000002,0.426257,780.522658,911.517682,136519,4088947,3600.000000,0,0,0,GUROBI,1
6,None,64,-6313.022500,-6313.022500,-6313.022500,20124.855988,21864.941054,21867.000000,0.000004,0.486146,45.385662,52.408493,12638,268311,3600.000000,0,0,0,GUROBI,1
