instanceIndex,vpcGenerator,terms,lpBound,disjunctiveDualBound,lpBoundPostVpc,rootDualBound,dualBound,primalBound,vpcGenerationTime,rootDualBoundTime,bestSolutionTime,terminationTime,nodes,iterations,maxTime,actualTerms,numCuts,cutLimit,mipSolver,providePrimalBound
0,New,64,-16646.586017,-16491.988398,-16628.141847,-14367.000168,-14340.745564,-14339.353447,132.468704,133.544826,217.886554,218.231493,10927,355037,1684.450000,64,3,88,GUROBI,1
1,Old,64,-16710.682060,-16562.694428,-16697.729697,-14418.405571,-14393.472296,-14392.077588,72.327829,73.339967,133.554840,135.668918,7244,311762,1684.450000,64,2,0,GUROBI,1
2,Old,64,-16631.396648,-16477.693739,-16622.197989,-14370.003987,-14342.018379,-14341.949480,78.277222,79.426064,217.633962,217.636086,13249,485419,1684.450000,64,2,0,GUROBI,1
3,Old,64,-16676.839694,-16524.613657,-16668.033354,-14392.480217,-14364.150810,-14362.717928,73.215113,74.231780,128.338962,128.339191,6609,217531,1684.450000,64,4,0,GUROBI,1
4,Old,64,-16673.056598,-16521.391986,-16665.770174,-14385.649311,-14358.556655,-14357.123179,72.775687,73.857203,130.890080,218.280069,15988,590031,1684.450000,64,3,0,GUROBI,1
