instanceIndex,vpcGenerator,terms,lpBound,disjunctiveDualBound,lpBoundPostVpc,rootDualBound,dualBound,primalBound,vpcGenerationTime,rootDualBoundTime,bestSolutionTime,terminationTime,nodes,iterations,maxTime,actualTerms,numCuts,cutLimit,mipSolver,providePrimalBound
0,New,16,-16646.586017,-16546.539191,-16628.204989,-14366.767020,-14340.755189,-14339.353447,36.964435,38.147304,95.025867,102.786030,8719,271672,1525.100000,16,4,88,GUROBI,1
1,Old,16,-16648.153333,-16549.026907,-16635.254508,-14374.253032,-14347.119275,-14345.724262,19.320079,20.387879,67.621403,79.984654,7054,277055,1525.100000,16,3,0,GUROBI,1
2,Old,16,-16640.001870,-16540.678195,-16614.935412,-14359.806273,-14333.494485,-14332.095719,17.258168,18.304819,65.734786,92.471002,9768,353901,1525.100000,16,4,0,GUROBI,1
3,Old,16,-16643.731242,-16542.906376,-16617.553007,-14360.618051,-14334.363983,-14332.934198,17.625371,18.760806,119.539575,137.676919,15985,523745,1525.100000,16,4,0,GUROBI,1
4,Old,16,-16651.943005,-16551.744887,-16636.716723,-14368.575025,-14341.111588,-14339.690660,17.406683,18.487760,86.816732,89.777036,9901,316569,1525.100000,16,3,0,GUROBI,1
