instanceIndex,vpcGenerator,terms,lpBound,disjunctiveDualBound,lpBoundPostVpc,rootDualBound,dualBound,primalBound,vpcGenerationTime,rootDualBoundTime,bestSolutionTime,terminationTime,nodes,iterations,maxTime,actualTerms,numCuts,cutLimit,mipSolver,providePrimalBound
0,None,4,-11824.657382,-11824.657382,-11824.657382,-9169.857186,-8675.208947,-8674.342607,0.000002,0.553394,14.228387,15.224556,2033,76357,168.650000,0,0,0,GUROBI,1
1,None,4,-12159.054804,-12159.054804,-12159.054804,-10053.779186,-10031.081603,-10031.081603,0.000002,0.507041,0.657977,0.738235,36,3061,168.650000,0,0,0,GUROBI,1
2,None,4,-12065.738758,-12065.738758,-12065.738758,-9628.750956,-9480.087434,-9479.227695,0.000003,0.531345,3.930992,9.640192,992,34699,168.650000,0,0,0,GUROBI,1
3,None,4,-12232.744720,-12232.744720,-12232.744720,-10242.280347,-10214.884644,-10214.217066,0.000002,0.486326,1.763797,1.773979,171,7052,168.650000,0,0,0,GUROBI,1
4,None,4,-12216.441439,-12216.441439,-12216.441439,-10120.316465,-10119.336207,-10118.571304,0.000003,0.487694,0.660329,0.662039,21,2853,168.650000,0,0,0,GUROBI,1
