instanceIndex,vpcGenerator,terms,lpBound,disjunctiveDualBound,lpBoundPostVpc,rootDualBound,dualBound,primalBound,vpcGenerationTime,rootDualBoundTime,bestSolutionTime,terminationTime,nodes,iterations,maxTime,actualTerms,numCuts,cutLimit,mipSolver,providePrimalBound
0,New,4,-11824.657382,-11707.630837,-11816.289733,-9169.857186,-8675.208947,-8674.342607,6.986250,7.554372,21.252162,22.259878,2033,76357,3600.000000,4,2,93,GUROBI,1
1,New,4,-11836.792659,-11361.224107,-11821.691044,-10634.716559,-10625.334141,-10625.334141,10.984398,11.239340,11.326025,11.341521,28,1858,3600.000000,44,2,64,GUROBI,1
2,New,4,-12123.881775,-11690.245281,-12110.530046,-11370.632563,-11369.393787,-11369.393787,11.335953,11.561206,11.570322,11.575306,3,1021,3600.000000,46,2,46,GUROBI,1
3,New,4,-12230.881033,-11899.057935,-12218.617324,-11450.112078,-11438.791958,-11438.791958,9.790703,9.991664,10.032194,10.043883,13,1572,3600.000000,38,2,54,GUROBI,1
4,New,4,-12062.454994,-11649.162602,-12052.103040,-11185.303266,-11184.951366,-11184.951366,11.311169,11.528263,11.532705,11.534793,3,1054,3600.000000,48,2,58,GUROBI,1
