instanceIndex,vpcGenerator,terms,lpBound,disjunctiveDualBound,lpBoundPostVpc,rootDualBound,dualBound,primalBound,vpcGenerationTime,rootDualBoundTime,bestSolutionTime,terminationTime,nodes,iterations,maxTime,actualTerms,numCuts,cutLimit,mipSolver,providePrimalBound
0,New,64,-11824.657382,-11535.368027,-11800.202083,-9169.857186,-8675.208947,-8674.342607,115.740894,116.304722,130.033083,131.030192,2033,76357,488.350000,64,2,93,GUROBI,1
1,Farkas,64,-11884.230857,-11832.532334,-11884.230857,-11100.463164,-11100.341843,-11099.944744,3.674327,3.874552,3.882523,3.884552,4,942,488.350000,64,2,0,GUROBI,1
2,Farkas,64,-12139.428618,-11902.350436,-12128.020592,-10095.319483,-10094.737877,-10094.737877,3.396193,3.955183,4.235596,4.237503,29,3361,488.350000,64,2,0,GUROBI,1
3,Farkas,64,-12105.617235,-12074.500273,-12105.617235,-11452.561581,-11452.559880,-11452.559880,3.566815,3.732958,3.735842,3.738076,2,611,488.350000,64,2,0,GUROBI,1
4,Farkas,64,-12292.055872,-12150.450813,-12292.055872,-10763.049964,-10761.410119,-10760.336654,2.675841,3.136810,3.216655,3.228137,18,2407,488.350000,64,2,0,GUROBI,1
