instanceIndex,vpcGenerator,terms,lpBound,disjunctiveDualBound,lpBoundPostVpc,rootDualBound,dualBound,primalBound,vpcGenerationTime,rootDualBoundTime,bestSolutionTime,terminationTime,nodes,iterations,maxTime,actualTerms,numCuts,cutLimit,mipSolver,providePrimalBound
0,New,16,5480.606156,5718.207760,5584.275797,7198.126120,7350.000000,7350.000000,2.891838,3.108241,3.794642,3.868985,614,9496,30.880000,16,2,46,GUROBI,1
1,Old,16,5502.635208,5775.052886,5651.587696,9846.869742,9904.000000,9904.000000,0.681681,0.762821,0.773706,0.774981,13,361,30.880000,16,4,0,GUROBI,1
2,Old,16,5539.907366,5812.006446,5619.839668,9290.402279,9350.000000,9350.000000,0.641742,0.726847,0.741668,0.743916,31,462,30.880000,16,3,0,GUROBI,1
3,Old,16,5533.747781,5846.182192,5610.519464,10250.264537,10359.106339,10360.000000,1.320898,1.412964,1.480185,1.484227,103,1253,30.880000,16,4,0,GUROBI,1
4,Old,16,5507.892826,5740.689254,5596.017238,11555.630544,11685.000000,11685.000000,0.848204,0.907072,0.922089,0.934085,20,401,30.880000,16,4,0,GUROBI,1
5,Old,16,5542.606477,5960.802449,5639.888937,11359.164643,11480.000000,11480.000000,0.482461,0.561924,0.571235,0.584640,44,529,30.880000,16,1,0,GUROBI,1
6,Old,16,5502.481231,5739.679224,5607.833373,8899.021501,8980.000000,8980.000000,1.392443,1.482442,1.511142,1.514779,53,658,30.880000,16,3,0,GUROBI,1
7,Old,16,5555.937874,5817.611590,5640.061121,10902.767933,10944.000000,10944.000000,0.546625,0.595202,0.601914,0.606049,21,316,30.880000,16,3,0,GUROBI,1
