instanceIndex,vpcGenerator,terms,lpBound,disjunctiveDualBound,lpBoundPostVpc,rootDualBound,dualBound,primalBound,vpcGenerationTime,rootDualBoundTime,bestSolutionTime,terminationTime,nodes,iterations,maxTime,actualTerms,numCuts,cutLimit,mipSolver,providePrimalBound
0,New,64,5480.606156,5873.853468,5818.536781,7196.363450,7349.407407,7350.000000,104.771192,104.992505,105.539021,105.563375,487,7099,171.680000,64,46,46,GUROBI,1
1,New,64,5502.635208,9722.366860,5791.370580,9846.869742,9904.000000,9904.000000,9.103333,9.194191,9.202200,9.203175,13,361,171.680000,88,2,52,GUROBI,1
2,New,64,5539.907366,9125.880832,6192.663453,9290.402279,9350.000000,9350.000000,10.230083,10.322868,10.337889,10.340171,31,462,171.680000,86,3,55,GUROBI,1
3,New,64,5533.747781,9965.185808,5856.611581,10248.290632,10360.000000,10360.000000,21.688273,21.764062,21.790715,21.809647,70,866,171.680000,84,6,53,GUROBI,1
4,New,64,5507.892826,11492.860119,5592.556152,11555.630544,11685.000000,11685.000000,9.925985,9.982146,9.994133,10.001400,20,400,171.680000,94,2,58,GUROBI,1
5,New,64,5542.606477,11408.550877,7536.949932,11359.164643,11480.000000,11480.000000,10.587055,10.665399,10.674819,10.688325,44,529,171.680000,91,2,53,GUROBI,1
6,New,64,5502.481231,8778.331867,6494.555745,8895.234967,8980.000000,8980.000000,12.283098,12.383095,12.414244,12.423113,57,727,171.680000,82,3,55,GUROBI,1
7,New,64,5555.937874,10885.292857,6415.499528,10902.767933,10944.000000,10944.000000,9.579864,9.634138,9.640883,9.645039,21,316,171.680000,91,2,57,GUROBI,1
