instanceIndex,vpcGenerator,terms,lpBound,disjunctiveDualBound,lpBoundPostVpc,rootDualBound,dualBound,primalBound,vpcGenerationTime,rootDualBoundTime,bestSolutionTime,terminationTime,nodes,iterations,maxTime,actualTerms,numCuts,cutLimit,mipSolver,providePrimalBound
0,None,16,5480.606156,5480.606156,5480.606156,7195.826538,7349.479167,7350.000000,0.000002,0.191748,0.850240,0.883553,650,8890,30.880000,0,0,0,GUROBI,1
1,None,16,5502.635208,5502.635208,5502.635208,9799.131377,9904.000000,9904.000000,0.000002,0.066842,0.071911,0.073231,13,338,30.880000,0,0,0,GUROBI,1
2,None,16,5539.907366,5539.907366,5539.907366,9290.402279,9350.000000,9350.000000,0.000002,0.083475,0.107068,0.108830,28,449,30.880000,0,0,0,GUROBI,1
3,None,16,5533.747781,5533.747781,5533.747781,10248.290632,10360.000000,10360.000000,0.000002,0.065397,0.092054,0.116606,56,730,30.880000,0,0,0,GUROBI,1
4,None,16,5507.892826,5507.892826,5507.892826,11555.630544,11685.000000,11685.000000,0.000003,0.058031,0.067490,0.079914,25,470,30.880000,0,0,0,GUROBI,1
5,None,16,5542.606477,5542.606477,5542.606477,11359.164643,11480.000000,11480.000000,0.000002,0.068919,0.078537,0.095043,42,522,30.880000,0,0,0,GUROBI,1
6,None,16,5502.481231,5502.481231,5502.481231,8888.653275,8980.000000,8980.000000,0.000003,0.086844,0.113151,0.118404,48,559,30.880000,0,0,0,GUROBI,1
7,None,16,5555.937874,5555.937874,5555.937874,10904.867778,10944.000000,10944.000000,0.000003,0.058598,0.069066,0.070234,22,311,30.880000,0,0,0,GUROBI,1
