instanceIndex,vpcGenerator,terms,lpBound,disjunctiveDualBound,lpBoundPostVpc,rootDualBound,dualBound,primalBound,vpcGenerationTime,rootDualBoundTime,bestSolutionTime,terminationTime,nodes,iterations,maxTime,actualTerms,numCuts,cutLimit,mipSolver,providePrimalBound
0,None,64,-931.638851,-931.638851,-931.638851,-781.190402,-132.873137,-132.873137,0.000004,1.164435,16.378629,17.099015,1349,91664,3600.000000,0,0,0,GUROBI,1
1,None,64,-930.989011,-930.989011,-930.989011,-879.130092,-158.782737,-158.782737,0.000004,0.497375,5.502527,22.908652,3117,159287,3600.000000,0,0,0,GUROBI,1
2,None,64,-928.400127,-928.400127,-928.400127,-888.257333,-132.873137,-132.873137,0.000004,0.693973,4.841735,49.483341,6839,291744,3600.000000,0,0,0,GUROBI,1
3,None,64,-930.349321,-930.349321,-930.349321,-889.639474,-132.873137,-132.873137,0.000004,0.814664,40.099440,53.425342,7392,351179,3600.000000,0,0,0,GUROBI,1
4,None,64,-931.638845,-931.638845,-931.638845,-880.254501,-132.873137,-132.873137,0.000004,0.820410,4.334552,55.091805,7618,325566,3600.000000,0,0,0,GUROBI,1
5,None,64,-930.340393,-930.340393,-930.340393,-902.191158,-132.873137,-132.873137,0.000003,0.853548,31.248849,50.998803,7195,299655,3600.000000,0,0,0,GUROBI,1
