instanceIndex,vpcGenerator,terms,lpBound,disjunctiveDualBound,lpBoundPostVpc,rootDualBound,dualBound,primalBound,vpcGenerationTime,rootDualBoundTime,bestSolutionTime,terminationTime,nodes,iterations,maxTime,actualTerms,numCuts,cutLimit,mipSolver,providePrimalBound
0,New,4,14274.102667,14279.427542,14277.419190,15815.788139,16029.692681,16029.692681,39.349442,40.476677,40.675161,40.675361,31,3913,3600.000000,4,47,47,GUROBI,1
1,New,4,14664.331288,15062.848916,14911.612984,16383.716233,16554.673987,16554.675227,61.548532,62.744442,62.895218,62.895419,22,4348,3600.000000,21,40,40,GUROBI,1
2,New,4,14240.680229,14325.450917,14321.835854,15411.745652,16079.882000,16079.882000,4.023942,4.874613,5.534019,5.534226,78,6568,3600.000000,17,1,53,GUROBI,1
3,New,4,14279.298288,14395.809470,14358.263243,15865.311787,16029.692681,16029.692681,5.413383,6.116477,6.251841,6.264506,21,2620,3600.000000,12,3,46,GUROBI,1
4,New,4,14088.322464,14534.998209,14125.894847,15615.996378,16062.152681,16062.152681,22.910158,23.754030,24.029438,24.029642,46,4116,3600.000000,14,18,46,GUROBI,1
