instanceIndex,vpcGenerator,terms,lpBound,disjunctiveDualBound,lpBoundPostVpc,rootDualBound,dualBound,primalBound,vpcGenerationTime,rootDualBoundTime,bestSolutionTime,terminationTime,nodes,iterations,maxTime,actualTerms,numCuts,cutLimit,mipSolver,providePrimalBound
0,New,4,12907.779167,13557.342500,13453.620591,15409.731309,16029.692681,16029.692681,7.484270,7.898436,8.080133,8.162660,79,4395,3600.000000,4,10,10,GUROBI,1
1,New,4,12905.570833,13555.134167,13363.876588,15276.468662,16028.692681,16028.692681,7.457921,7.758032,7.910033,7.989544,99,3383,3600.000000,4,10,10,GUROBI,1
2,New,4,12911.820833,13579.964167,13480.902979,15760.424728,16023.692681,16023.692681,9.333096,9.876280,9.977654,9.977824,49,2726,3600.000000,4,10,10,GUROBI,1
3,New,4,12912.487500,13561.509167,13290.821559,15555.224262,16026.692681,16026.692681,9.115763,9.448694,9.536456,9.548879,38,2197,3600.000000,4,10,10,GUROBI,1
4,New,4,12911.890833,13561.454167,13433.000312,15408.432230,16026.692681,16026.692681,8.565842,8.916440,9.078683,9.078859,56,2700,3600.000000,4,10,10,GUROBI,1
5,New,4,12907.195833,13555.967500,13417.308251,15773.756676,16027.692681,16027.692681,7.927679,8.421671,8.471773,8.471943,21,2197,3600.000000,4,10,10,GUROBI,1
