instanceIndex,vpcGenerator,terms,lpBound,disjunctiveDualBound,lpBoundPostVpc,rootDualBound,dualBound,primalBound,vpcGenerationTime,rootDualBoundTime,bestSolutionTime,terminationTime,nodes,iterations,maxTime,actualTerms,numCuts,cutLimit,mipSolver,providePrimalBound
0,New,16,12907.779167,14174.326667,13170.662500,15498.567305,16029.692681,16029.692681,40.313296,40.698601,40.800036,40.866087,57,3190,3600.000000,66,10,10,GUROBI,1
1,New,16,12905.570833,14173.076667,13169.454167,15506.619656,16028.692681,16028.692681,51.468892,51.945536,52.046103,52.046282,35,2578,3600.000000,66,10,10,GUROBI,1
2,New,16,12911.820833,13993.598333,13963.201806,15568.896197,16023.692681,16023.692681,171.060104,171.427105,171.635477,171.649439,74,3801,3600.000000,73,10,10,GUROBI,1
3,New,16,12912.487500,14181.243333,13870.269695,15513.713909,16026.692681,16026.692681,83.504676,83.943231,83.996844,84.037504,35,2392,3600.000000,66,10,10,GUROBI,1
4,New,16,12911.890833,14177.868333,13740.358752,15314.628882,16026.692681,16026.692681,75.442049,75.797844,75.926919,75.938075,51,2533,3600.000000,66,10,10,GUROBI,1
5,New,16,12907.195833,14173.376667,13169.287500,15409.349196,16027.692681,16027.692681,45.920040,46.308236,46.569063,46.569232,91,4286,3600.000000,66,10,10,GUROBI,1
