instanceIndex,vpcGenerator,terms,lpBound,disjunctiveDualBound,lpBoundPostVpc,rootDualBound,dualBound,primalBound,vpcGenerationTime,rootDualBoundTime,bestSolutionTime,terminationTime,nodes,iterations,maxTime,actualTerms,numCuts,cutLimit,mipSolver,providePrimalBound
0,New,4,12907.779167,13557.342500,13453.620591,15409.731309,16029.692681,16029.692681,7.501700,7.921789,8.105591,8.188937,79,4395,3600.000000,4,10,10,GUROBI,1
1,Old,4,13415.826389,13719.438956,13664.318710,16321.084072,16379.972000,16379.972000,2.854734,3.635755,3.774306,3.774482,40,3823,3600.000000,4,14,0,GUROBI,1
2,Old,4,12827.552500,13263.130000,13131.538077,15902.288801,16029.692681,16029.692681,3.549338,4.070856,4.126843,4.127023,21,2417,3600.000000,4,11,0,GUROBI,1
3,Old,4,12870.184206,13520.242540,13358.089830,15834.666765,16033.692681,16033.692681,4.501658,5.161586,5.189661,5.203174,17,2796,3600.000000,4,21,0,GUROBI,1
4,Old,4,13619.040500,13881.923833,13881.923833,15925.360320,16671.032000,16671.032000,2.622674,3.018733,3.188279,3.234222,41,2515,3600.000000,4,11,0,GUROBI,1
