instanceIndex,vpcGenerator,terms,lpBound,disjunctiveDualBound,lpBoundPostVpc,rootDualBound,dualBound,primalBound,vpcGenerationTime,rootDualBoundTime,bestSolutionTime,terminationTime,nodes,iterations,maxTime,actualTerms,numCuts,cutLimit,mipSolver,providePrimalBound
0,New,16,12907.779167,14174.326667,13170.662500,15498.567305,16029.692681,16029.692681,39.990096,40.373197,40.483852,40.549893,57,3190,50.960000,66,10,10,GUROBI,1
1,Old,16,12821.965010,14058.972144,13814.363590,15705.052492,16121.809046,16121.809046,102.989344,103.470279,103.554349,103.591545,48,2687,50.960000,66,1,0,GUROBI,1
3,Old,16,12907.779167,14188.092083,13819.150651,15876.557741,16046.739954,16046.739954,53.791668,54.229977,54.464865,54.465039,35,2222,50.960000,66,8,0,GUROBI,1
