instanceIndex,vpcGenerator,terms,lpBound,disjunctiveDualBound,lpBoundPostVpc,rootDualBound,dualBound,primalBound,vpcGenerationTime,rootDualBoundTime,bestSolutionTime,terminationTime,nodes,iterations,maxTime,actualTerms,numCuts,cutLimit,mipSolver,providePrimalBound
0,New,4,575.020000,641.080000,624.769000,1604.478606,1652.850806,1653.000000,2.081968,2.725006,57.243961,58.439372,4951,300918,3600.000000,4,6,43,GUROBI,1
1,New,4,575.440000,683.080000,617.020000,1639.403128,1695.000000,1695.000000,0.934390,1.537039,33.739841,37.635974,4029,227385,3600.000000,5,1,44,GUROBI,1
2,New,4,575.270000,666.080000,600.020000,1626.390814,1677.839055,1678.000000,0.926045,1.481659,72.112920,74.656417,6320,395298,3600.000000,5,1,44,GUROBI,1
3,New,4,575.020000,641.080000,631.679089,1602.897959,1652.865324,1653.000000,3.252449,3.932568,77.632358,79.975511,7583,559350,3600.000000,4,11,43,GUROBI,1
4,New,4,575.020000,641.080000,629.910939,1604.722332,1650.893685,1651.000000,3.294224,3.959642,39.884558,42.146200,3271,248265,3600.000000,4,11,43,GUROBI,1
