instanceIndex,vpcGenerator,terms,lpBound,disjunctiveDualBound,lpBoundPostVpc,rootDualBound,dualBound,primalBound,vpcGenerationTime,rootDualBoundTime,bestSolutionTime,terminationTime,nodes,iterations,maxTime,actualTerms,numCuts,cutLimit,mipSolver,providePrimalBound
0,New,16,575.020000,675.680000,647.571943,1595.851867,1652.857410,1653.000000,44.848240,45.445941,121.991759,123.327222,8688,591009,303.300000,16,43,43,GUROBI,1
1,Farkas,16,528.264043,607.256031,567.599907,1533.262511,1594.070385,1729.333333,0.657569,1.331107,121.106677,303.959031,31054,1994310,303.300000,16,43,0,GUROBI,1
2,Farkas,16,559.108675,641.183611,608.982263,1568.459338,1638.974022,1797.500000,0.642062,1.174158,303.943485,303.943634,33408,1888934,303.300000,16,43,0,GUROBI,1
3,Farkas,16,552.229175,632.947404,603.672761,1589.477708,1639.619243,1765.000000,0.622110,1.367893,301.103149,303.923513,38734,2039591,303.300000,16,43,0,GUROBI,1
4,Farkas,16,550.374495,627.643837,596.283681,1576.032919,1643.010307,1711.000000,0.638123,1.239284,283.032472,303.938804,25988,1893007,303.300000,16,43,0,GUROBI,1
5,Farkas,16,568.957701,660.476538,626.483820,1596.450796,1659.406493,1795.500000,0.617058,1.218071,52.645824,303.917912,29214,2018328,303.300000,16,43,0,GUROBI,1
