instanceIndex,vpcGenerator,terms,lpBound,disjunctiveDualBound,lpBoundPostVpc,rootDualBound,dualBound,primalBound,vpcGenerationTime,rootDualBoundTime,bestSolutionTime,terminationTime,nodes,iterations,maxTime,actualTerms,numCuts,cutLimit,mipSolver,providePrimalBound
0,None,4,397.000000,397.000000,397.000000,397.000000,400.000000,400.000000,0.000003,0.682422,2.888995,2.956053,908,21798,3600.000000,0,0,0,GUROBI,1
1,None,4,398.052430,398.052430,398.052430,402.000000,406.000000,406.000000,0.000002,0.868448,6.080873,6.081126,1986,45659,3600.000000,0,0,0,GUROBI,1
2,None,4,397.000000,397.000000,397.000000,397.000000,400.000000,401.000000,0.000003,0.729081,0.977253,2.663773,727,23459,3600.000000,0,0,0,GUROBI,1
3,None,4,397.000000,397.000000,397.000000,397.000000,400.000000,400.000000,0.000003,0.592461,1.087253,1.510577,383,12167,3600.000000,0,0,0,GUROBI,1
4,None,4,399.133333,399.133333,399.133333,400.000000,401.000000,10000000000000000159028911097599180468360808563945281389781327557747838772170381060813469985856815104.000000,0.000002,0.255614,0.000002,0.265508,1,2259,3600.000000,0,0,0,GUROBI,1
