instanceIndex,vpcGenerator,terms,lpBound,disjunctiveDualBound,lpBoundPostVpc,rootDualBound,dualBound,primalBound,vpcGenerationTime,rootDualBoundTime,bestSolutionTime,terminationTime,nodes,iterations,maxTime,actualTerms,numCuts,cutLimit,mipSolver,providePrimalBound
0,New,64,3157.377442,3283.617789,3278.612409,3471.779440,3663.714286,3664.000000,55.963822,56.414042,87.261958,87.262068,9576,297010,246.720000,64,17,17,GUROBI,1
1,Old,64,3254.726037,3386.210108,3375.232972,4428.786954,4459.000000,4459.000000,14.241352,14.410664,14.469143,14.497765,23,1169,246.720000,64,32,0,GUROBI,1
2,Old,64,3164.804630,3277.353215,3205.894682,3915.874769,3977.000000,3977.000000,4.318495,4.548690,4.867932,4.966129,196,4354,246.720000,64,25,0,GUROBI,1
