instanceIndex,vpcGenerator,terms,lpBound,disjunctiveDualBound,lpBoundPostVpc,rootDualBound,dualBound,primalBound,vpcGenerationTime,rootDualBoundTime,bestSolutionTime,terminationTime,nodes,iterations,maxTime,actualTerms,numCuts,cutLimit,mipSolver,providePrimalBound
0,None,64,3116.429512,3116.429512,3116.429512,3547.514635,3822.623739,3823.000000,0.000003,0.332273,121.893662,160.332358,31731,1256558,3600.000000,0,0,0,GUROBI,1
1,None,64,3008.271104,3008.271104,3008.271104,3598.754677,3841.623578,3842.000000,0.000003,0.335210,196.442724,199.629637,39275,1637676,3600.000000,0,0,0,GUROBI,1
2,None,64,2993.249439,2993.249439,2993.249439,3636.231716,3959.604228,3960.000000,0.000004,0.381015,617.227748,617.227913,126117,5002036,3600.000000,0,0,0,GUROBI,1
3,None,64,3166.356601,3166.356601,3166.356601,3603.313918,3883.615130,3884.000000,0.000005,0.481909,160.750411,162.700667,36399,1289040,3600.000000,0,0,0,GUROBI,1
4,None,64,3142.984949,3142.984949,3142.984949,3664.907379,3989.609189,3990.000000,0.000003,0.390455,206.784631,206.983123,40692,1541606,3600.000000,0,0,0,GUROBI,1
5,None,64,2983.490440,2983.490440,2983.490440,3657.098581,3892.641740,3893.000000,0.000002,0.445420,28.587703,31.180565,7479,293117,3600.000000,0,0,0,GUROBI,1
