instanceIndex,vpcGenerator,terms,lpBound,disjunctiveDualBound,lpBoundPostVpc,rootDualBound,dualBound,primalBound,vpcGenerationTime,rootDualBoundTime,bestSolutionTime,terminationTime,nodes,iterations,maxTime,actualTerms,numCuts,cutLimit,mipSolver,providePrimalBound
0,New,256,2691.439469,2902.519231,2896.706553,3056.155109,3251.873971,3252.000000,173.853107,174.181641,185.473798,187.271125,5543,142900,300.000000,256,18,18,GUROBI,1
1,Farkas,256,2691.439469,2902.519231,2889.190944,3032.299360,3251.724638,3252.000000,3.441376,3.679646,18.733329,20.472913,8076,204513,300.000000,256,18,0,GUROBI,1
2,Farkas,256,2691.439469,2902.519231,2896.706553,3056.155109,3251.873971,3252.000000,3.439656,3.773372,15.141662,16.938658,5543,142900,300.000000,256,18,0,GUROBI,1
3,Farkas,256,2727.131983,2905.479915,2898.847482,3083.069397,3251.777897,3252.000000,3.507839,3.737840,11.742681,12.630301,4092,98796,300.000000,256,18,0,GUROBI,1
4,Farkas,256,2691.439469,2902.519231,2896.706553,3052.298678,3251.704400,3252.000000,3.438177,3.803645,17.546323,20.733627,7566,184616,300.000000,256,18,0,GUROBI,1
5,Farkas,256,2691.439469,2902.519231,2896.706553,3056.155109,3251.873971,3252.000000,3.442036,3.784806,15.298908,17.105233,5543,142900,300.000000,256,18,0,GUROBI,1
6,Farkas,256,2691.439469,2902.519231,2896.706553,3063.238560,3251.687945,3252.000000,3.509969,3.841496,25.240733,27.602539,10583,266993,300.000000,256,18,0,GUROBI,1
