instanceIndex,vpcGenerator,terms,lpBound,disjunctiveDualBound,lpBoundPostVpc,rootDualBound,dualBound,primalBound,vpcGenerationTime,rootDualBoundTime,bestSolutionTime,terminationTime,nodes,iterations,maxTime,actualTerms,numCuts,cutLimit,mipSolver,providePrimalBound
0,New,16,3016.944354,3067.592079,3058.765308,3391.222365,3711.629353,3712.000000,14.763946,15.282576,1969.597146,1969.597305,291639,14019834,3600.000000,16,18,18,GUROBI,1
1,New,16,3024.751508,3087.251835,3074.310695,3373.240367,3736.626344,3737.000000,11.251834,11.715004,1678.520513,2270.028187,417409,17352012,3600.000000,16,13,19,GUROBI,1
2,New,16,2403.526999,2493.549184,2486.045046,2856.700456,3195.682353,3196.000000,14.532300,14.884978,360.599463,371.981915,74907,3167030,3600.000000,16,18,18,GUROBI,1
3,New,16,2912.361741,2979.446917,2970.145404,3334.068502,3638.638078,3639.000000,13.587683,14.062253,952.986937,994.179091,144255,7090548,3600.000000,16,17,17,GUROBI,1
4,New,16,2737.938337,2802.265343,2801.136737,3157.158446,3478.653154,3479.000000,15.920160,16.485784,291.353587,833.194188,165935,6776646,3600.000000,16,20,20,GUROBI,1
5,New,16,2853.401068,2908.119250,2893.378309,3240.225848,3583.646883,3584.000000,14.044206,14.469121,758.011157,764.582511,131132,6140020,3600.000000,16,18,18,GUROBI,1
