instanceIndex,vpcGenerator,terms,lpBound,disjunctiveDualBound,lpBoundPostVpc,rootDualBound,dualBound,primalBound,vpcGenerationTime,rootDualBoundTime,bestSolutionTime,terminationTime,nodes,iterations,maxTime,actualTerms,numCuts,cutLimit,mipSolver,providePrimalBound
0,New,64,3116.429512,3259.062864,3239.684755,3563.465756,3822.671550,3823.000000,66.642857,67.078334,181.617910,181.850926,24806,986813,3600.000000,64,20,20,GUROBI,1
1,New,64,3108.743571,3244.048003,3227.256538,3547.461367,3813.635478,3814.000000,65.197787,65.603791,167.141680,219.817820,32362,1244347,3600.000000,64,20,20,GUROBI,1
2,New,64,3140.717537,3281.797847,3263.772776,3575.242050,3853.629648,3854.000000,65.905554,66.230382,265.935700,265.935850,49169,1739890,3600.000000,64,20,20,GUROBI,1
3,New,64,3126.694737,3275.230249,3264.951322,3593.008349,3888.630841,3889.000000,61.099670,61.483680,360.120082,380.341239,83571,2519121,3600.000000,64,18,18,GUROBI,1
4,New,64,3096.868590,3223.456602,3183.247160,3548.789628,3827.620832,3828.000000,57.448021,57.769023,259.262208,288.295624,53377,1750291,3600.000000,64,17,17,GUROBI,1
