instanceIndex,vpcGenerator,terms,lpBound,disjunctiveDualBound,lpBoundPostVpc,rootDualBound,dualBound,primalBound,vpcGenerationTime,rootDualBoundTime,bestSolutionTime,terminationTime,nodes,iterations,maxTime,actualTerms,numCuts,cutLimit,mipSolver,providePrimalBound
0,New,16,2691.439469,2785.693834,2765.924993,3048.261302,3251.715708,3252.000000,9.520556,9.828635,33.625131,35.393449,11307,297545,92.780000,16,18,18,GUROBI,1
1,Old,16,3232.718636,3326.511691,3306.994968,3930.699962,4069.000000,4069.000000,1.295121,1.482266,4.265646,4.395709,1348,32462,92.780000,16,19,0,GUROBI,1
