instanceIndex,vpcGenerator,terms,lpBound,disjunctiveDualBound,lpBoundPostVpc,rootDualBound,dualBound,primalBound,vpcGenerationTime,rootDualBoundTime,bestSolutionTime,terminationTime,nodes,iterations,maxTime,actualTerms,numCuts,cutLimit,mipSolver,providePrimalBound
0,New,64,3157.377442,3283.617789,3278.612409,3471.779440,3663.714286,3664.000000,55.680400,56.141292,86.995233,86.995352,9576,297010,411.200000,64,17,17,GUROBI,1
1,Farkas,64,3032.123002,3133.755841,3032.123002,3496.899947,3733.963076,3737.000000,1.261758,1.616127,210.311973,210.312117,46961,1745614,411.200000,64,17,0,GUROBI,1
2,Farkas,64,3131.255462,3210.925670,3131.255462,3520.706781,3757.625387,3758.000000,1.239857,1.656284,143.974264,143.974371,28303,1023518,411.200000,64,17,0,GUROBI,1
3,Farkas,64,3172.852293,3211.015738,3172.852293,3631.742728,3895.617515,3896.000000,1.278546,1.671523,314.392840,315.306045,79216,2701298,411.200000,64,17,0,GUROBI,1
4,Farkas,64,3117.124529,3232.318999,3130.391901,3496.879178,3683.772631,3684.000000,1.232789,1.702920,70.711789,76.834320,12850,500215,411.200000,64,17,0,GUROBI,1
