instanceIndex,vpcGenerator,terms,lpBound,disjunctiveDualBound,lpBoundPostVpc,rootDualBound,dualBound,primalBound,vpcGenerationTime,rootDualBoundTime,bestSolutionTime,terminationTime,nodes,iterations,maxTime,actualTerms,numCuts,cutLimit,mipSolver,providePrimalBound
0,None,64,3016.944354,3016.944354,3016.944354,3370.978475,3711.628818,3712.000000,0.000030,0.570808,1330.915226,1670.200326,301432,12963418,3600.000000,0,0,0,GUROBI,1
1,None,64,3016.944354,3016.944354,3016.944354,3401.107184,3734.627697,3735.000000,0.000003,0.559254,2614.024591,2614.024763,482950,20623344,3600.000000,0,0,0,GUROBI,1
2,None,64,3016.944354,3016.944354,3016.944354,3375.556109,3711.628885,3712.000000,0.000003,0.529703,3239.499924,3456.547192,701069,28233165,3600.000000,0,0,0,GUROBI,1
3,None,64,3016.944354,3016.944354,3016.944354,3383.740972,3711.628944,3712.000000,0.000002,0.619811,2621.966360,2728.165677,567935,22020649,3600.000000,0,0,0,GUROBI,1
4,None,64,3016.944354,3016.944354,3016.944354,3374.900462,3711.629803,3712.000000,0.000004,0.560563,2482.836199,2482.836357,404331,18390395,3600.000000,0,0,0,GUROBI,1
