instanceIndex,vpcGenerator,terms,lpBound,disjunctiveDualBound,lpBoundPostVpc,rootDualBound,dualBound,primalBound,vpcGenerationTime,rootDualBoundTime,bestSolutionTime,terminationTime,nodes,iterations,maxTime,actualTerms,numCuts,cutLimit,mipSolver,providePrimalBound
0,None,16,3016.944354,3016.944354,3016.944354,3378.914996,3711.629564,3712.000000,0.000031,0.519675,1780.652231,1780.652604,253478,10454484,3600.000000,0,0,0,GUROBI,1
1,None,16,3016.944354,3016.944354,3016.944354,3403.603810,3684.933539,3735.000000,0.000003,0.528315,2938.608259,3600.001599,699502,29888073,3600.000000,0,0,0,GUROBI,1
2,None,16,3016.944354,3016.944354,3016.944354,3364.400696,3711.628803,3712.000000,0.000003,0.558335,3444.629622,3499.043008,640761,27548670,3600.000000,0,0,0,GUROBI,1
3,None,16,3020.844031,3020.844031,3020.844031,3389.679990,3711.632095,3712.000000,0.000003,0.528626,1440.194562,1440.194734,223357,10219919,3600.000000,0,0,0,GUROBI,1
4,None,16,3016.944354,3016.944354,3016.944354,3390.476937,3711.629116,3712.000000,0.000002,0.652629,2550.754781,2550.754951,491220,19944826,3600.000000,0,0,0,GUROBI,1
