instanceIndex,vpcGenerator,terms,lpBound,disjunctiveDualBound,lpBoundPostVpc,rootDualBound,dualBound,primalBound,vpcGenerationTime,rootDualBoundTime,bestSolutionTime,terminationTime,nodes,iterations,maxTime,actualTerms,numCuts,cutLimit,mipSolver,providePrimalBound
0,None,16,3157.377442,3157.377442,3157.377442,3467.112817,3663.665583,3664.000000,0.000029,0.372232,34.377108,34.377224,10450,333677,465.900000,0,0,0,GUROBI,1
1,None,16,3037.182567,3037.182567,3037.182567,3350.104124,3548.653824,3549.000000,0.000002,0.339976,35.893454,35.893568,10495,330300,465.900000,0,0,0,GUROBI,1
2,None,16,3188.654139,3188.654139,3188.654139,3513.156982,3694.635896,3695.000000,0.000002,0.360533,34.741991,34.742110,12280,326775,465.900000,0,0,0,GUROBI,1
3,None,16,2962.518293,2962.518293,2962.518293,3278.631412,3473.670129,3474.000000,0.000003,0.320644,65.160840,65.227809,17455,615880,465.900000,0,0,0,GUROBI,1
4,None,16,3123.958450,3123.958450,3123.958450,3421.619381,3634.653148,3635.000000,0.000003,0.318784,47.954582,55.782895,16913,457097,465.900000,0,0,0,GUROBI,1
