instanceIndex,vpcGenerator,terms,lpBound,disjunctiveDualBound,lpBoundPostVpc,rootDualBound,dualBound,primalBound,vpcGenerationTime,rootDualBoundTime,bestSolutionTime,terminationTime,nodes,iterations,maxTime,actualTerms,numCuts,cutLimit,mipSolver,providePrimalBound
0,New,16,3116.429512,3218.824175,3184.426516,3554.303521,3822.651428,3823.000000,15.911684,16.265257,74.030393,102.478020,19555,762790,1168.850000,16,20,20,GUROBI,1
1,Farkas,16,3240.202867,3300.519826,3241.481612,3691.440123,3892.611326,3893.000000,0.315531,0.714036,21.048575,39.340560,8536,316552,1168.850000,16,20,0,GUROBI,1
2,Farkas,16,3114.981538,3208.322318,3146.675124,3551.284309,3826.631879,3827.000000,0.315180,0.655387,139.857956,162.786881,38376,1382925,1168.850000,16,20,0,GUROBI,1
3,Farkas,16,3118.626967,3220.125651,3184.426516,3562.719732,3822.652764,3823.000000,0.327065,0.690881,92.432723,108.983079,21120,825182,1168.850000,16,20,0,GUROBI,1
4,Farkas,16,3119.297933,3220.099029,3186.278590,3572.631839,3853.632331,3854.000000,0.320092,0.663818,141.205935,141.206046,26674,1187951,1168.850000,16,20,0,GUROBI,1
