instanceIndex,vpcGenerator,terms,lpBound,disjunctiveDualBound,lpBoundPostVpc,rootDualBound,dualBound,primalBound,vpcGenerationTime,rootDualBoundTime,bestSolutionTime,terminationTime,nodes,iterations,maxTime,actualTerms,numCuts,cutLimit,mipSolver,providePrimalBound
0,New,4,2691.439469,2738.395926,2738.395926,3046.191629,3251.680938,3252.000000,2.588971,2.868289,18.620293,20.660231,7745,183146,252.840000,4,18,18,GUROBI,1
1,New,4,2576.740995,2614.850198,2609.895326,2936.646282,3141.734470,3142.000000,0.557493,0.834554,11.045832,11.925966,5262,130939,252.840000,4,3,15,GUROBI,1
2,New,4,2617.269894,2661.745147,2654.969385,2954.992088,3173.732369,3174.000000,1.879095,2.103968,19.288033,19.288135,6645,160344,252.840000,4,15,15,GUROBI,1
3,New,4,2707.795184,2740.969177,2736.030742,3055.517237,3250.769517,3251.000000,1.701216,1.950018,8.788155,26.288265,9400,238341,252.840000,4,14,14,GUROBI,1
4,New,4,2689.779335,2713.351557,2713.351557,3040.181403,3190.000000,3190.000000,1.912214,2.215305,7.034817,7.250458,1515,41298,252.840000,4,15,15,GUROBI,1
5,New,4,2634.961006,2686.567509,2682.805130,2961.268757,3164.759883,3165.000000,1.749940,2.006858,18.178407,19.806669,7702,203610,252.840000,4,14,14,GUROBI,1
