instanceIndex,vpcGenerator,terms,lpBound,disjunctiveDualBound,lpBoundPostVpc,rootDualBound,dualBound,primalBound,vpcGenerationTime,rootDualBoundTime,bestSolutionTime,terminationTime,nodes,iterations,maxTime,actualTerms,numCuts,cutLimit,mipSolver,providePrimalBound
0,New,64,2691.439469,2847.575183,2831.658774,3041.210149,3251.676774,3252.000000,37.664888,37.946681,67.299389,68.428084,12379,287609,3600.000000,64,18,18,GUROBI,1
1,Old,64,2691.439469,2847.575183,2837.764295,3032.299360,3251.741760,3252.000000,7.201438,7.436006,21.436440,21.436547,6078,159785,3600.000000,64,18,0,GUROBI,1
2,Old,64,2691.439469,2847.575183,2838.672311,3047.094172,3251.706199,3252.000000,7.191613,7.491572,24.698394,27.895577,8264,201454,3600.000000,64,18,0,GUROBI,1
3,Old,64,2691.439469,2847.575183,2834.383745,3032.997180,3296.679394,3297.000000,6.995972,7.198873,50.719706,64.048496,21219,520601,3600.000000,64,18,0,GUROBI,1
4,Old,64,2691.439469,2847.575183,2837.764295,3032.299360,3251.741760,3252.000000,7.196052,7.434015,21.295899,21.295993,6078,159785,3600.000000,64,18,0,GUROBI,1
5,Old,64,2691.439469,2847.575183,2837.764295,3032.299360,3251.741760,3252.000000,7.210629,7.443124,21.325660,21.325752,6078,159785,3600.000000,64,18,0,GUROBI,1
