instanceIndex,vpcGenerator,terms,lpBound,disjunctiveDualBound,lpBoundPostVpc,rootDualBound,dualBound,primalBound,vpcGenerationTime,rootDualBoundTime,bestSolutionTime,terminationTime,nodes,iterations,maxTime,actualTerms,numCuts,cutLimit,mipSolver,providePrimalBound
0,New,4,48.799999,48.799999,48.799999,78.026086,82.199999,82.199999,0.744650,0.842592,0.852109,0.853998,15,669,3600.000000,4,9,19,GUROBI,1
1,Farkas,4,45.329410,45.329410,45.329410,74.886040,78.199999,78.199999,0.022232,0.128536,0.188697,0.188781,151,1285,3600.000000,4,9,0,GUROBI,1
2,Farkas,4,48.799999,48.799999,48.799999,67.999999,82.199999,82.199999,0.019208,0.070713,0.102989,0.391683,872,5720,3600.000000,4,9,0,GUROBI,1
3,Farkas,4,48.799999,48.799999,48.799999,75.493203,82.199999,82.199999,0.021649,0.110494,0.129057,0.447866,1076,5194,3600.000000,4,9,0,GUROBI,1
4,Farkas,4,48.799999,48.799999,48.799999,74.984402,82.199999,82.199999,0.026339,0.121847,0.135982,0.472432,1003,5847,3600.000000,4,9,0,GUROBI,1
5,Farkas,4,44.082607,44.082607,44.082607,70.364537,74.399999,74.399999,0.020720,0.127510,0.151692,0.151771,65,965,3600.000000,4,9,0,GUROBI,1
