instanceIndex,vpcGenerator,terms,lpBound,disjunctiveDualBound,lpBoundPostVpc,rootDualBound,dualBound,primalBound,vpcGenerationTime,rootDualBoundTime,bestSolutionTime,terminationTime,nodes,iterations,maxTime,actualTerms,numCuts,cutLimit,mipSolver,providePrimalBound
0,New,16,13.244444,13.244444,13.244444,14.000000,15.000000,10000000000000000159028911097599180468360808563945281389781327557747838772170381060813469985856815104.000000,25.508830,25.611000,25.508830,25.621206,1,1364,3600.000000,16,27,47,GUROBI,1
1,Old,16,13.213194,13.213194,13.213194,13.968750,14.968750,14.968750,11.195727,11.254349,11.343307,11.364188,172,1746,3600.000000,16,2,0,GUROBI,1
2,Old,16,13.244444,13.244444,13.244444,14.000000,15.000000,15.000000,17.614510,17.734258,17.866937,17.874185,165,3410,3600.000000,16,17,0,GUROBI,1
3,Old,16,13.214881,13.214881,13.214881,13.968750,14.968750,14.968750,10.559239,10.624513,10.696450,10.730088,169,1598,3600.000000,16,2,0,GUROBI,1
4,Old,16,13.244444,13.244444,13.244444,14.000000,15.000000,15.000000,9.326350,9.382309,9.492010,9.497260,153,1902,3600.000000,16,1,0,GUROBI,1
