instanceIndex,vpcGenerator,terms,lpBound,disjunctiveDualBound,lpBoundPostVpc,rootDualBound,dualBound,primalBound,vpcGenerationTime,rootDualBoundTime,bestSolutionTime,terminationTime,nodes,iterations,maxTime,actualTerms,numCuts,cutLimit,mipSolver,providePrimalBound
0,None,4,-11.828093,-11.828093,-11.828093,-8.757052,-6.652756,-6.652756,0.000002,24.091368,233.260388,234.085281,3685,237654,3600.000000,0,0,0,GUROBI,1
1,None,4,-12.063958,-12.063958,-12.063958,-9.001498,-6.654626,-6.654626,0.000003,13.367942,96.983087,301.090897,4438,338925,3600.000000,0,0,0,GUROBI,1
2,None,4,-12.073490,-12.073490,-12.073490,-8.757937,-6.654797,-6.654626,0.000003,16.360235,179.850635,200.077167,3605,194526,3600.000000,0,0,0,GUROBI,1
3,None,4,-12.077078,-12.077078,-12.077078,-8.986824,-6.654626,-6.654626,0.000002,14.340924,138.082542,138.143427,2205,113302,3600.000000,0,0,0,GUROBI,1
4,None,4,-12.078093,-12.078093,-12.078093,-9.007750,-6.402756,-6.402756,0.000003,16.123206,239.370406,251.637137,4413,198852,3600.000000,0,0,0,GUROBI,1
