instanceIndex,vpcGenerator,terms,lpBound,disjunctiveDualBound,lpBoundPostVpc,rootDualBound,dualBound,primalBound,vpcGenerationTime,rootDualBoundTime,bestSolutionTime,terminationTime,nodes,iterations,maxTime,actualTerms,numCuts,cutLimit,mipSolver,providePrimalBound
0,None,4,-11.828093,-11.828093,-11.828093,-8.757052,-6.652756,-6.652756,0.000003,24.059622,236.685892,237.516425,3685,237654,3600.000000,0,0,0,GUROBI,1
1,None,4,-11.828093,-11.828093,-11.828093,-8.757052,-6.652756,-6.652756,0.000003,23.985730,236.916973,237.752114,3685,237654,3600.000000,0,0,0,GUROBI,1
2,None,4,-11.828093,-11.828093,-11.828093,-8.761284,-6.653859,-6.653203,0.000003,17.115742,234.265562,263.488889,3822,264846,3600.000000,0,0,0,GUROBI,1
3,None,4,-11.828093,-11.828093,-11.828093,-8.764946,-6.654626,-6.654626,0.000003,19.087442,157.492602,157.604754,2094,151237,3600.000000,0,0,0,GUROBI,1
4,None,4,-11.828093,-11.828093,-11.828093,-8.755893,-6.653203,-6.653203,0.000003,18.102820,231.185610,248.532674,4799,284486,3600.000000,0,0,0,GUROBI,1
