instanceIndex,vpcGenerator,terms,lpBound,disjunctiveDualBound,lpBoundPostVpc,rootDualBound,dualBound,primalBound,vpcGenerationTime,rootDualBoundTime,bestSolutionTime,terminationTime,nodes,iterations,maxTime,actualTerms,numCuts,cutLimit,mipSolver,providePrimalBound
0,None,4,981.864286,981.864286,981.864286,990.816270,1077.460000,1077.560000,0.000003,0.701555,15.506264,15.783569,9963,169281,118.000000,0,0,0,GUROBI,1
1,None,4,867.951539,867.951539,867.951539,898.717660,953.782070,953.870000,0.000003,0.468871,12.675536,12.675660,4512,113031,118.000000,0,0,0,GUROBI,1
2,None,4,932.563729,932.563729,932.563729,952.855538,1014.610045,1039.130000,0.000003,0.553142,97.996586,118.000509,20857,713326,118.000000,0,0,0,GUROBI,1
3,None,4,887.360593,887.360593,887.360593,914.520573,974.569293,974.600000,0.000002,0.538833,12.750757,12.819147,5887,119651,118.000000,0,0,0,GUROBI,1
4,None,4,865.771556,865.771556,865.771556,890.034775,961.946029,962.020000,0.000003,0.570510,29.749559,29.749685,8132,232757,118.000000,0,0,0,GUROBI,1
5,None,4,939.172501,939.172501,939.172501,956.380176,1013.088790,1013.190000,0.000003,0.579334,34.369938,34.370059,10754,283598,118.000000,0,0,0,GUROBI,1
