instanceIndex,vpcGenerator,terms,lpBound,disjunctiveDualBound,lpBoundPostVpc,rootDualBound,dualBound,primalBound,vpcGenerationTime,rootDualBoundTime,bestSolutionTime,terminationTime,nodes,iterations,maxTime,actualTerms,numCuts,cutLimit,mipSolver,providePrimalBound
0,None,16,981.864286,981.864286,981.864286,990.816270,1077.460000,1077.560000,0.000003,1.252271,27.147288,27.557769,9963,169281,3600.000000,0,0,0,GUROBI,1
1,None,16,972.096959,972.096959,972.096959,983.867276,1054.068827,1054.140000,0.000003,1.104116,37.236417,41.247161,6137,189570,3600.000000,0,0,0,GUROBI,1
2,None,16,962.969920,962.969920,962.969920,969.856121,1051.086850,1051.190000,0.000003,0.488435,51.091896,55.917676,12475,337740,3600.000000,0,0,0,GUROBI,1
3,None,16,967.865325,967.865325,967.865325,979.060285,1039.086161,1039.190000,0.000002,0.648947,31.253861,31.260391,6421,168321,3600.000000,0,0,0,GUROBI,1
4,None,16,949.341767,949.341767,949.341767,964.877326,1040.087767,1040.190000,0.000002,1.062904,64.295990,74.422064,13268,355293,3600.000000,0,0,0,GUROBI,1
5,None,16,957.792144,957.792144,957.792144,969.319517,1042.475400,1042.560000,0.000002,0.822614,38.314827,40.621228,10720,262976,3600.000000,0,0,0,GUROBI,1
