instanceIndex,vpcGenerator,terms,lpBound,disjunctiveDualBound,lpBoundPostVpc,rootDualBound,dualBound,primalBound,vpcGenerationTime,rootDualBoundTime,bestSolutionTime,terminationTime,nodes,iterations,maxTime,actualTerms,numCuts,cutLimit,mipSolver,providePrimalBound
0,None,64,2546.956967,2546.956967,2546.956967,3204.814624,3208.956800,10000000000000000159028911097599180468360808563945281389781327557747838772170381060813469985856815104.000000,0.000026,0.099289,0.000026,0.099705,2,273,3600.000000,0,0,0,GUROBI,1
1,None,64,2720.600467,2720.600467,2720.600467,3239.306129,3248.482800,10000000000000000159028911097599180468360808563945281389781327557747838772170381060813469985856815104.000000,0.000003,0.066182,0.000003,0.066840,1,231,3600.000000,0,0,0,GUROBI,1
2,None,64,2546.956967,2546.956967,2546.956967,3205.444906,3208.956800,10000000000000000159028911097599180468360808563945281389781327557747838772170381060813469985856815104.000000,0.000003,0.125625,0.000003,0.126583,2,315,3600.000000,0,0,0,GUROBI,1
3,None,64,2540.021483,2540.021483,2540.021483,3204.814624,3208.956800,10000000000000000159028911097599180468360808563945281389781327557747838772170381060813469985856815104.000000,0.000003,0.094385,0.000003,0.094788,2,273,3600.000000,0,0,0,GUROBI,1
4,None,64,2556.790300,2556.790300,2556.790300,3168.689741,3209.956800,3327.146800,0.000002,0.105734,0.112885,0.118890,24,384,3600.000000,0,0,0,GUROBI,1
