instanceIndex,vpcGenerator,terms,lpBound,disjunctiveDualBound,lpBoundPostVpc,rootDualBound,dualBound,primalBound,vpcGenerationTime,rootDualBoundTime,bestSolutionTime,terminationTime,nodes,iterations,maxTime,actualTerms,numCuts,cutLimit,mipSolver,providePrimalBound
0,New,4,2546.956967,2615.477633,2615.477633,3204.814624,3208.956800,3208.956800,0.403744,0.567832,0.569762,0.570567,5,272,3600.000000,4,7,13,GUROBI,1
1,New,4,2648.470687,2869.495967,2845.728244,3537.395801,3537.717300,10000000000000000159028911097599180468360808563945281389781327557747838772170381060813469985856815104.000000,0.371818,0.458449,0.371818,0.458639,1,208,3600.000000,7,4,17,GUROBI,1
2,New,4,2771.883467,2838.080133,2838.080133,3410.590149,3468.941800,3468.941800,1.125843,1.223586,1.245340,1.245414,3,173,3600.000000,9,15,15,GUROBI,1
3,New,4,2660.220633,2712.711300,2698.554117,3325.573383,3325.937800,10000000000000000159028911097599180468360808563945281389781327557747838772170381060813469985856815104.000000,0.202939,0.262020,0.202939,0.262514,1,184,3600.000000,4,2,20,GUROBI,1
4,New,4,2493.275967,2546.993133,2538.321132,3056.808246,3159.569300,3159.569300,0.637150,0.880925,0.893613,0.898042,15,357,3600.000000,5,11,18,GUROBI,1
