instanceIndex,vpcGenerator,terms,lpBound,disjunctiveDualBound,lpBoundPostVpc,rootDualBound,dualBound,primalBound,vpcGenerationTime,rootDualBoundTime,bestSolutionTime,terminationTime,nodes,iterations,maxTime,actualTerms,numCuts,cutLimit,mipSolver,providePrimalBound
0,New,4,-7839.278018,-7828.334685,-7830.576158,-7811.862744,-7772.000000,-7772.000000,0.652672,0.999724,1.090733,1.092492,263,1970,3600.000000,4,8,8,GUROBI,1
1,Old,4,-7850.215042,-7837.743646,-7838.336174,-7821.288500,-7777.000000,-7777.000000,0.093145,0.381788,0.453768,0.466962,223,1741,3600.000000,4,8,0,GUROBI,1
2,Old,4,-7838.661117,-7828.580673,-7829.371235,-7813.354997,-7776.000000,-7776.000000,0.106156,0.400900,0.457174,0.468327,192,1303,3600.000000,4,8,0,GUROBI,1
3,Old,4,-7846.495699,-7836.062085,-7838.499867,-7819.523826,-7781.000000,-7781.000000,0.096750,0.352866,0.417096,0.418149,178,1369,3600.000000,4,8,0,GUROBI,1
4,Old,4,-7840.500375,-7831.890660,-7832.024635,-7818.822699,-7769.000000,-7769.000000,0.097882,0.329495,0.365727,0.386967,155,1177,3600.000000,4,8,0,GUROBI,1
