instanceIndex,vpcGenerator,terms,lpBound,disjunctiveDualBound,lpBoundPostVpc,rootDualBound,dualBound,primalBound,vpcGenerationTime,rootDualBoundTime,bestSolutionTime,terminationTime,nodes,iterations,maxTime,actualTerms,numCuts,cutLimit,mipSolver,providePrimalBound
0,New,4,11651.626300,11684.729592,11684.729592,15867.625000,15869.750000,10000000000000000159028911097599180468360808563945281389781327557747838772170381060813469985856815104.000000,0.874481,0.934781,0.874481,0.938919,7,521,3600.000000,4,2,197,GUROBI,1
1,New,4,10958.681619,10995.014890,10995.014890,14489.178110,14496.570620,14497.250000,0.880146,0.959308,0.970251,0.977070,19,567,3600.000000,4,2,168,GUROBI,1
2,New,4,9753.097348,9784.338139,9784.338139,13044.429179,13056.500000,13056.500000,1.093450,1.153354,1.212803,1.229567,95,786,3600.000000,4,3,166,GUROBI,1
3,New,4,10970.703334,11000.170281,11000.170281,14386.289307,14400.000000,14400.000000,1.290033,1.378345,1.408480,1.422970,58,697,3600.000000,4,4,170,GUROBI,1
4,New,4,10376.384183,10409.487475,10409.487475,13970.600139,13985.001860,13986.000000,0.879890,0.956331,0.998918,1.001067,53,778,3600.000000,4,2,179,GUROBI,1
5,New,4,9868.782385,9904.260685,9904.260685,13386.068320,13397.794944,13398.750000,1.105763,1.173561,1.340974,1.341098,201,1069,3600.000000,4,3,170,GUROBI,1
