instanceIndex,vpcGenerator,terms,lpBound,disjunctiveDualBound,lpBoundPostVpc,rootDualBound,dualBound,primalBound,vpcGenerationTime,rootDualBoundTime,bestSolutionTime,terminationTime,nodes,iterations,maxTime,actualTerms,numCuts,cutLimit,mipSolver,providePrimalBound
0,None,256,35118.109848,35118.109848,35118.109848,54517.939301,54537.260315,54537.750000,0.000002,0.109375,0.160100,0.160714,46,804,300.000000,0,0,0,GUROBI,1
1,None,256,28326.313271,28326.313271,28326.313271,47604.129552,47788.479167,47788.479167,0.000002,0.100686,0.113898,0.119784,22,501,300.000000,0,0,0,GUROBI,1
