instanceIndex,vpcGenerator,terms,lpBound,disjunctiveDualBound,lpBoundPostVpc,rootDualBound,dualBound,primalBound,vpcGenerationTime,rootDualBoundTime,bestSolutionTime,terminationTime,nodes,iterations,maxTime,actualTerms,numCuts,cutLimit,mipSolver,providePrimalBound
0,None,16,406.525105,406.525105,406.525105,413.730702,419.000000,424.000000,0.000004,11.041853,297.461830,3600.008195,18284,3619514,3600.000000,0,0,0,GUROBI,1
1,None,16,406.525105,406.525105,406.525105,413.497557,419.000000,424.000000,0.000004,12.905749,317.324705,3600.001539,21810,6224622,3600.000000,0,0,0,GUROBI,1
2,None,16,406.525105,406.525105,406.525105,413.646799,420.000000,424.000000,0.000004,9.068671,339.164501,3600.007127,25166,5727303,3600.000000,0,0,0,GUROBI,1
3,None,16,407.084294,407.084294,407.084294,414.545266,420.000000,423.000000,0.000004,8.457396,2761.086694,3600.001778,25315,5053376,3600.000000,0,0,0,GUROBI,1
