instanceIndex,vpcGenerator,terms,lpBound,disjunctiveDualBound,lpBoundPostVpc,rootDualBound,dualBound,primalBound,vpcGenerationTime,rootDualBoundTime,bestSolutionTime,terminationTime,nodes,iterations,maxTime,actualTerms,numCuts,cutLimit,mipSolver,providePrimalBound
0,New,4,404.658413,405.539656,405.352192,407.487729,410.723959,410.763701,297.317092,303.614248,390.720116,399.276424,1791,196741,240.000000,5,47,74,GUROBI,1
1,Old,4,404.658413,405.539656,405.419665,407.695817,410.725552,410.763701,245.390137,250.387745,335.622359,336.834896,1501,180544,240.000000,5,68,0,GUROBI,1
2,Old,4,404.481907,405.332696,405.189773,407.163048,410.240387,410.279116,244.158973,249.910574,290.263013,307.949654,1013,123250,240.000000,5,23,0,GUROBI,1
3,Old,4,404.559779,405.437119,405.059779,407.368863,410.697363,410.718818,246.814483,252.394086,278.205138,336.607591,1338,177577,240.000000,5,2,0,GUROBI,1
4,Old,4,404.405407,405.273830,405.070987,407.008006,410.573025,410.612075,253.322543,258.313104,336.653125,380.543256,2218,265144,240.000000,5,35,0,GUROBI,1
