instanceIndex,vpcGenerator,terms,lpBound,disjunctiveDualBound,lpBoundPostVpc,rootDualBound,dualBound,primalBound,vpcGenerationTime,rootDualBoundTime,bestSolutionTime,terminationTime,nodes,iterations,maxTime,actualTerms,numCuts,cutLimit,mipSolver,providePrimalBound
0,None,4,34.598395,34.598395,34.598395,67.988528,69.000000,10000000000000000159028911097599180468360808563945281389781327557747838772170381060813469985856815104.000000,0.000002,0.048638,0.000002,0.050060,1,466,1.920000,0,0,0,GUROBI,1
1,None,4,29.290684,29.290684,29.290684,46.014676,48.000000,10000000000000000159028911097599180468360808563945281389781327557747838772170381060813469985856815104.000000,0.000003,0.027023,0.000003,0.027944,1,141,1.920000,0,0,0,GUROBI,1
2,None,4,30.488145,30.488145,30.488145,49.959232,52.000000,10000000000000000159028911097599180468360808563945281389781327557747838772170381060813469985856815104.000000,0.000003,0.043508,0.000003,0.044692,1,226,1.920000,0,0,0,GUROBI,1
3,None,4,30.153676,30.153676,30.153676,55.000000,56.000000,10000000000000000159028911097599180468360808563945281389781327557747838772170381060813469985856815104.000000,0.000002,0.149307,0.000002,0.165037,1,915,1.920000,0,0,0,GUROBI,1
4,None,4,30.567533,30.567533,30.567533,48.972867,51.000000,51.000000,0.000003,0.146816,0.274125,0.295097,216,2382,1.920000,0,0,0,GUROBI,1
5,None,4,31.052899,31.052899,31.052899,60.559575,62.000000,62.000000,0.000002,0.128776,0.150443,0.152048,35,738,1.920000,0,0,0,GUROBI,1
