instanceIndex,vpcGenerator,terms,lpBound,disjunctiveDualBound,lpBoundPostVpc,rootDualBound,dualBound,primalBound,vpcGenerationTime,rootDualBoundTime,bestSolutionTime,terminationTime,nodes,iterations,maxTime,actualTerms,numCuts,cutLimit,mipSolver,providePrimalBound
0,New,64,34.598395,36.909451,36.277994,63.531205,69.000000,10000000000000000159028911097599180468360808563945281389781327557747838772170381060813469985856815104.000000,14.059897,14.102825,14.059897,14.105188,1,467,3600.000000,77,5,42,GUROBI,1
1,New,64,32.885351,33.885351,33.650539,67.929235,69.000000,72.000000,89.648229,89.892438,89.972168,89.978028,49,1665,3600.000000,66,43,43,GUROBI,1
2,New,64,33.384166,35.528718,34.987829,67.514580,69.000000,10000000000000000159028911097599180468360808563945281389781327557747838772170381060813469985856815104.000000,86.873094,86.996140,86.873094,87.016582,9,653,3600.000000,68,44,44,GUROBI,1
