instanceIndex,vpcGenerator,terms,lpBound,disjunctiveDualBound,lpBoundPostVpc,rootDualBound,dualBound,primalBound,vpcGenerationTime,rootDualBoundTime,bestSolutionTime,terminationTime,nodes,iterations,maxTime,actualTerms,numCuts,cutLimit,mipSolver,providePrimalBound
0,New,64,34.598395,36.909451,36.277994,63.531205,69.000000,10000000000000000159028911097599180468360808563945281389781327557747838772170381060813469985856815104.000000,14.045270,14.090076,14.045270,14.092460,1,467,3600.000000,77,5,42,GUROBI,1
1,Old,64,34.598395,36.909411,36.052930,68.502922,69.000000,10000000000000000159028911097599180468360808563945281389781327557747838772170381060813469985856815104.000000,3.381320,3.443140,3.381320,3.444266,1,478,3600.000000,77,4,0,GUROBI,1
2,Old,64,-159.220849,-156.909833,-157.766314,-125.920763,-125.875000,-125.875000,3.453545,3.578910,3.595029,3.595759,18,537,3600.000000,77,9,0,GUROBI,1
3,Old,64,34.598395,36.909411,35.796165,66.558682,69.000000,10000000000000000159028911097599180468360808563945281389781327557747838772170381060813469985856815104.000000,3.460740,3.522442,3.460740,3.523875,1,506,3600.000000,77,2,0,GUROBI,1
4,Old,64,34.591473,36.902488,35.928016,68.377922,68.875000,10000000000000000159028911097599180468360808563945281389781327557747838772170381060813469985856815104.000000,3.347381,3.406553,3.347381,3.407583,1,478,3600.000000,77,4,0,GUROBI,1
5,Old,64,34.598395,36.909411,35.871130,68.502922,69.000000,10000000000000000159028911097599180468360808563945281389781327557747838772170381060813469985856815104.000000,3.337985,3.396730,3.337985,3.397849,1,485,3600.000000,77,3,0,GUROBI,1
