instanceIndex,vpcGenerator,terms,lpBound,disjunctiveDualBound,lpBoundPostVpc,rootDualBound,dualBound,primalBound,vpcGenerationTime,rootDualBoundTime,bestSolutionTime,terminationTime,nodes,iterations,maxTime,actualTerms,numCuts,cutLimit,mipSolver,providePrimalBound
0,None,16,391836623.364181,391836623.364181,391836623.364181,395418780.066795,400953463.308398,403129362.080000,0.000003,11.188959,2214.850470,3600.006688,38749,7090550,3600.000000,0,0,0,GUROBI,1
1,None,16,392083106.218535,392083106.218535,392083106.218535,398721870.553452,405439587.703716,405480037.120000,0.000004,7.629401,3172.225396,3214.456184,43170,7368275,3600.000000,0,0,0,GUROBI,1
2,None,16,392290324.673756,392290324.673756,392290324.673756,396034686.514002,401290271.385161,404941781.440000,0.000004,7.881542,3600.006073,3600.006625,36596,6470530,3600.000000,0,0,0,GUROBI,1
3,None,16,391974708.693225,391974708.693225,391974708.693225,402706613.572362,409976680.749446,411703314.880000,0.000003,7.859389,3600.006672,3600.007231,41195,7193838,3600.000000,0,0,0,GUROBI,1
4,None,16,391897252.130018,391897252.130018,391897252.130018,397834247.867160,403636612.100651,405091134.240000,0.000004,10.677132,3600.006575,3600.007141,30744,7392643,3600.000000,0,0,0,GUROBI,1
