instanceIndex,vpcGenerator,terms,lpBound,disjunctiveDualBound,lpBoundPostVpc,rootDualBound,dualBound,primalBound,vpcGenerationTime,rootDualBoundTime,bestSolutionTime,terminationTime,nodes,iterations,maxTime,actualTerms,numCuts,cutLimit,mipSolver,providePrimalBound
0,None,64,216670237.636667,216670237.636667,216670237.636667,217990936.336373,219660400.012214,219676790.400000,0.000004,6.586506,15.285783,64.093099,712,38060,3600.000000,0,0,0,GUROBI,1
1,None,64,216670238.180365,216670238.180365,216670238.180365,218151766.857293,219656479.535221,219676794.400000,0.000003,8.820493,68.986687,68.987334,1481,88718,3600.000000,0,0,0,GUROBI,1
2,None,64,216670237.376660,216670237.376660,216670237.376660,218084658.133751,219656828.159538,219676789.400228,0.000004,8.002368,59.646129,60.290423,1843,112014,3600.000000,0,0,0,GUROBI,1
3,None,64,216670237.029281,216670237.029281,216670237.029281,218067757.527108,219667830.803595,219676793.400000,0.000004,7.673916,70.066006,70.069998,1767,110628,3600.000000,0,0,0,GUROBI,1
4,None,64,216670241.085702,216670241.085702,216670241.085702,218129196.908627,219676794.400000,219676794.400000,0.000004,7.936023,39.225372,44.377348,973,55180,3600.000000,0,0,0,GUROBI,1
