instanceIndex,vpcGenerator,terms,lpBound,disjunctiveDualBound,lpBoundPostVpc,rootDualBound,dualBound,primalBound,vpcGenerationTime,rootDualBoundTime,bestSolutionTime,terminationTime,nodes,iterations,maxTime,actualTerms,numCuts,cutLimit,mipSolver,providePrimalBound
0,New,4,1288.102161,1288.102161,1288.102161,1382.904746,1744.980423,1745.124182,1.336212,1.814196,981.652437,1098.635202,223492,3883843,3600.000000,4,4,207,GUROBI,1
1,Farkas,4,1314.563655,1314.563655,1314.563655,1407.185925,1699.381014,1699.419366,0.229513,0.706969,165.957023,165.957156,21997,571250,3600.000000,4,4,0,GUROBI,1
2,Farkas,4,1310.352371,1310.352371,1310.352371,1425.935603,1555.230139,1555.230139,0.219514,0.603881,22.378558,22.378701,3753,93099,3600.000000,4,4,0,GUROBI,1
3,Farkas,4,1297.633729,1297.633729,1297.633729,1397.056538,1616.896633,1616.896633,0.230433,0.665030,80.506201,80.506344,14428,358817,3600.000000,4,4,0,GUROBI,1
4,Farkas,4,1299.496875,1299.496875,1299.496875,1403.521527,1562.432832,1562.432832,0.233856,0.675534,34.782662,35.049074,5562,158251,3600.000000,4,4,0,GUROBI,1
5,Farkas,4,1349.878746,1349.878746,1349.878746,1473.468964,1742.959294,1742.959294,0.222029,0.616966,40.429184,59.716699,13824,256884,3600.000000,4,4,0,GUROBI,1
