instanceIndex,vpcGenerator,terms,lpBound,disjunctiveDualBound,lpBoundPostVpc,rootDualBound,dualBound,primalBound,vpcGenerationTime,rootDualBoundTime,bestSolutionTime,terminationTime,nodes,iterations,maxTime,actualTerms,numCuts,cutLimit,mipSolver,providePrimalBound
0,None,64,1288.102161,1288.102161,1288.102161,1382.904746,1744.953572,1745.124182,0.000019,0.467811,689.415277,714.519429,149723,2481230,11797.020000,0,0,0,GUROBI,1
1,None,64,1624.264821,1624.264821,1624.264821,1982.197471,2156.155493,2156.155493,0.000004,0.582914,1.967226,1.967362,1100,13651,11797.020000,0,0,0,GUROBI,1
2,None,64,1355.608905,1355.608905,1355.608905,1939.341930,2428.544673,2428.704628,0.000002,0.473666,1.293263,1.293406,624,8486,11797.020000,0,0,0,GUROBI,1
3,None,64,1288.102161,1288.102161,1288.102161,1601.146771,1854.501126,1854.605859,0.000003,0.540398,54.922506,54.922640,15370,244134,11797.020000,0,0,0,GUROBI,1
4,None,64,1855.499105,1855.499105,1855.499105,3728.620500,3744.546044,3744.626331,0.000003,0.527466,0.595873,0.595997,82,956,11797.020000,0,0,0,GUROBI,1
5,None,64,2078.955767,2078.955767,2078.955767,5735.718128,5880.328755,5880.713242,0.000002,0.482891,0.489435,0.497023,23,895,11797.020000,0,0,0,GUROBI,1
