instanceIndex,vpcGenerator,terms,lpBound,disjunctiveDualBound,lpBoundPostVpc,rootDualBound,dualBound,primalBound,vpcGenerationTime,rootDualBoundTime,bestSolutionTime,terminationTime,nodes,iterations,maxTime,actualTerms,numCuts,cutLimit,mipSolver,providePrimalBound
0,New,256,7383.275519,8875.304738,7868.907186,38333.584174,45591.746466,46950.000000,149.045315,150.313669,150.878822,153.196002,557,12810,300.000000,256,4,270,GUROBI,1
1,Old,256,13818.806849,14765.675751,13976.156264,37654.781844,42295.458663,46890.083333,75.864731,77.256641,300.001601,300.001789,35060,851072,300.000000,256,191,0,GUROBI,1
2,Old,256,9807.293987,10378.572860,10236.768613,39052.201786,43347.313682,43351.500000,42.437072,43.873834,118.887960,121.015137,12512,228034,300.000000,256,60,0,GUROBI,1
3,Old,256,14397.803309,15387.938657,14741.082400,39907.581695,43781.330153,47318.607843,60.890994,62.283390,251.911251,300.001803,40905,1009433,300.000000,256,185,0,GUROBI,1
