instanceIndex,vpcGenerator,terms,lpBound,disjunctiveDualBound,lpBoundPostVpc,rootDualBound,dualBound,primalBound,vpcGenerationTime,rootDualBoundTime,bestSolutionTime,terminationTime,nodes,iterations,maxTime,actualTerms,numCuts,cutLimit,mipSolver,providePrimalBound
0,New,64,7383.275519,8463.286008,7859.505346,38521.245691,45591.980663,46948.000000,47.831452,49.077514,49.585580,51.551907,551,12315,3600.000000,64,6,270,GUROBI,1
1,New,64,-1798.046994,299.402006,-1183.044731,22743.747449,23673.000000,23673.000000,36.395561,36.941398,38.050489,38.056997,531,5801,3600.000000,64,4,158,GUROBI,1
2,New,64,468.271892,2360.883892,1057.463741,24938.288063,26388.000000,26388.000000,31.043810,31.622669,32.613501,32.613653,523,5632,3600.000000,64,3,166,GUROBI,1
3,New,64,-7651.388270,-5890.343270,-7598.420270,13533.530630,14527.000000,14527.000000,25.191371,25.751226,28.413662,28.413819,1696,10992,3600.000000,64,2,133,GUROBI,1
4,New,64,-15585.807244,-13552.392941,-15203.666244,3628.522002,3942.000000,3942.000000,25.238212,25.581931,25.669151,25.669307,67,1124,3600.000000,64,2,113,GUROBI,1
