instanceIndex,vpcGenerator,terms,lpBound,disjunctiveDualBound,lpBoundPostVpc,rootDualBound,dualBound,primalBound,vpcGenerationTime,rootDualBoundTime,bestSolutionTime,terminationTime,nodes,iterations,maxTime,actualTerms,numCuts,cutLimit,mipSolver,providePrimalBound
0,New,4,0.000000,3429.500000,31.166667,5162.000000,5182.000000,10000000000000000159028911097599180468360808563945281389781327557747838772170381060813469985856815104.000000,4.474457,5.776073,4.474457,5.792838,1,5693,3600.000000,4,4,129,GUROBI,1
1,Farkas,4,-23.500000,3399.000000,7.833333,4992.250000,5139.000000,5139.000000,0.187645,1.487893,3.296676,3.365372,251,20146,3600.000000,4,4,0,GUROBI,1
2,Farkas,4,-64.000000,3363.500000,-33.000000,5088.750000,5092.000000,10000000000000000159028911097599180468360808563945281389781327557747838772170381060813469985856815104.000000,0.191781,1.536401,0.191781,1.543718,1,4683,3600.000000,4,4,0,GUROBI,1
3,Farkas,4,-144.500000,3273.500000,-116.500000,5028.730769,5030.000000,10000000000000000159028911097599180468360808563945281389781327557747838772170381060813469985856815104.000000,0.195038,1.890001,0.195038,1.893904,1,4800,3600.000000,4,4,0,GUROBI,1
4,Farkas,4,-119.500000,3308.000000,-87.500000,4921.710547,5052.000000,5052.000000,0.191702,1.937664,2.930296,3.091621,102,11718,3600.000000,4,4,0,GUROBI,1
5,Farkas,4,-81.000000,3333.500000,-47.000000,5089.164557,5110.000000,10000000000000000159028911097599180468360808563945281389781327557747838772170381060813469985856815104.000000,0.182506,1.513747,0.182506,1.563626,1,4630,3600.000000,4,4,0,GUROBI,1
