instanceIndex,vpcGenerator,terms,lpBound,disjunctiveDualBound,lpBoundPostVpc,rootDualBound,dualBound,primalBound,vpcGenerationTime,rootDualBoundTime,bestSolutionTime,terminationTime,nodes,iterations,maxTime,actualTerms,numCuts,cutLimit,mipSolver,providePrimalBound
0,None,64,2671612.656372,2671612.656372,2671612.656372,2673519.581911,2673519.872597,2673520.212563,0.000003,1.725438,1.764714,1.765629,4,1301,3600.000000,0,0,0,GUROBI,1
1,None,64,2672293.800610,2672293.800610,2672293.800610,2690329.503988,2690329.558970,2690404.200559,0.000003,2.377193,2.777750,2.778514,28,2043,3600.000000,0,0,0,GUROBI,1
