instanceIndex,vpcGenerator,terms,lpBound,disjunctiveDualBound,lpBoundPostVpc,rootDualBound,dualBound,primalBound,vpcGenerationTime,rootDualBoundTime,bestSolutionTime,terminationTime,nodes,iterations,maxTime,actualTerms,numCuts,cutLimit,mipSolver,providePrimalBound
0,None,16,28694.000000,28694.000000,28694.000000,454731.502967,764702.608843,764772.000000,0.000014,0.463135,470.305086,472.144009,59704,2489769,3600.000000,0,0,0,GUROBI,1
1,None,16,65637.013790,65637.013790,65637.013790,472459.476013,652156.018116,652156.018116,0.000002,0.869828,29.357687,29.863826,9554,201890,3600.000000,0,0,0,GUROBI,1
2,None,16,17824.750000,17824.750000,17824.750000,430539.336692,645418.170439,645477.205263,0.000003,0.452119,173.434349,175.705543,48929,984259,3600.000000,0,0,0,GUROBI,1
