instanceIndex,vpcGenerator,terms,lpBound,disjunctiveDualBound,lpBoundPostVpc,rootDualBound,dualBound,primalBound,vpcGenerationTime,rootDualBoundTime,bestSolutionTime,terminationTime,nodes,iterations,maxTime,actualTerms,numCuts,cutLimit,mipSolver,providePrimalBound
0,New,4,28694.000000,54345.666667,48194.000000,463509.078470,764697.711706,764772.000000,0.441370,0.866725,261.509851,261.510055,52617,2104860,3600.000000,4,2,128,GUROBI,1
1,Farkas,4,28268.933333,53996.683333,47768.933333,467222.902544,764757.623418,764828.000000,0.037782,0.360297,206.383600,206.383818,41598,1706764,3600.000000,4,2,0,GUROBI,1
2,Farkas,4,28574.116667,54225.800000,48074.116667,449376.328456,765142.588235,765216.000000,0.044612,0.357268,275.623931,275.629257,58107,2471951,3600.000000,4,2,0,GUROBI,1
3,Farkas,4,27531.700000,53205.766667,47032.200000,455071.497348,764868.042185,764943.000000,0.039209,0.306958,334.642112,335.198183,63559,2924618,3600.000000,4,2,0,GUROBI,1
4,Farkas,4,28611.766667,54263.916667,48111.766667,469656.219711,764601.062073,764668.000000,0.036012,0.427267,191.630638,196.970865,46927,1705678,3600.000000,4,2,0,GUROBI,1
