instanceIndex,vpcGenerator,terms,lpBound,disjunctiveDualBound,lpBoundPostVpc,rootDualBound,dualBound,primalBound,vpcGenerationTime,rootDualBoundTime,bestSolutionTime,terminationTime,nodes,iterations,maxTime,actualTerms,numCuts,cutLimit,mipSolver,providePrimalBound
0,New,16,90638.666667,154749.000000,104798.666667,577737.209327,946666.500055,1151848.999999,5.000387,5.593659,1348.702016,3605.002018,307058,16417428,3600.000000,22,4,214,GUROBI,1
1,Farkas,16,92645.000000,155829.000000,105861.000000,589570.818217,948818.424793,1139732.333144,0.383492,1.182428,2617.831736,3600.384914,278100,15977022,3600.000000,22,4,0,GUROBI,1
2,Farkas,16,90559.666667,155703.000000,104247.666667,574155.541617,953792.472609,1119912.665424,0.391762,1.146941,798.235011,3600.393307,303413,16150302,3600.000000,22,4,0,GUROBI,1
3,Farkas,16,92045.000000,155373.000000,105733.000000,564244.165892,966750.423815,1115583.663467,0.380798,0.984795,3600.381991,3600.382152,285168,16407899,3600.000000,22,4,0,GUROBI,1
