instanceIndex,vpcGenerator,terms,lpBound,disjunctiveDualBound,lpBoundPostVpc,rootDualBound,dualBound,primalBound,vpcGenerationTime,rootDualBoundTime,bestSolutionTime,terminationTime,nodes,iterations,maxTime,actualTerms,numCuts,cutLimit,mipSolver,providePrimalBound
0,New,64,618783.684884,632296.230889,630413.602939,633482.153061,638992.412647,885397.000000,689.675673,690.134294,690.417547,690.676343,398,8945,300.000000,75,122,122,GUROBI,1
1,New,64,618227.813700,627614.597920,619393.147911,631946.009008,640746.450785,866847.000000,692.780713,693.243328,693.669058,693.781078,368,8528,300.000000,76,107,121,GUROBI,1
2,New,64,618462.071058,624018.877447,618985.445713,633114.745813,637816.486276,901651.000000,679.098237,679.577910,679.744693,680.098839,396,8171,300.000000,70,119,119,GUROBI,1
3,New,64,618216.489843,627269.991572,622416.399361,627948.283758,632408.925055,818892.000000,623.987461,624.379050,624.672535,624.988131,435,10158,300.000000,76,116,116,GUROBI,1
4,New,64,618583.978664,632571.589460,627577.674941,632601.346915,639730.670538,1059338.000000,699.033770,699.519591,700.034053,700.034172,394,7759,300.000000,89,120,120,GUROBI,1
