instanceIndex,vpcGenerator,terms,lpBound,disjunctiveDualBound,lpBoundPostVpc,rootDualBound,dualBound,primalBound,vpcGenerationTime,rootDualBoundTime,bestSolutionTime,terminationTime,nodes,iterations,maxTime,actualTerms,numCuts,cutLimit,mipSolver,providePrimalBound
0,New,4,25302.209524,25611.359565,25498.481331,129090.840776,130546.162381,130596.000000,1.513777,2.271452,300.001430,300.004442,78485,1152185,300.000000,4,2,321,GUROBI,1
1,New,4,23233.136307,23433.136307,23433.136307,114371.927113,117611.933293,117622.250000,3.880941,4.260663,11.065142,11.065345,1631,21363,300.000000,8,5,313,GUROBI,1
2,New,4,23698.762416,23898.762416,23898.762416,114302.549081,119013.856756,119199.500000,2.908172,3.375559,300.001415,300.001595,88024,1262055,300.000000,8,3,302,GUROBI,1
3,New,4,22668.101182,23668.101182,23619.013463,120532.933949,121590.860675,121708.541667,2.741525,3.348966,300.001576,300.006032,73581,1276090,300.000000,5,5,310,GUROBI,1
4,New,4,23225.036629,23425.036629,23420.772342,119041.943095,122739.898958,122752.166667,2.028408,2.389171,167.822581,180.272450,56977,731861,300.000000,6,2,314,GUROBI,1
5,New,4,25280.139118,25480.139118,25480.139118,119845.838384,122574.536749,122586.791667,3.661738,4.113645,167.909241,229.296743,64098,933259,300.000000,13,2,304,GUROBI,1
6,New,4,26005.565821,26205.565821,26205.565821,112261.031877,115536.066413,115547.583333,3.865606,4.234420,15.122457,15.122680,3435,35287,300.000000,13,2,299,GUROBI,1
