instanceIndex,vpcGenerator,terms,lpBound,disjunctiveDualBound,lpBoundPostVpc,rootDualBound,dualBound,primalBound,vpcGenerationTime,rootDualBoundTime,bestSolutionTime,terminationTime,nodes,iterations,maxTime,actualTerms,numCuts,cutLimit,mipSolver,providePrimalBound
0,New,16,4330387.687768,5027487.113571,4519373.993888,8392389.047881,10334015.820000,10334015.820000,148.524270,155.002177,929.015095,929.568476,9136,1878122,3600.000000,17,11,56,GUROBI,1
1,Old,16,2864572.377208,3301122.335358,2896191.988219,5202132.779483,7031848.140000,7031848.140000,259.577727,265.516856,534.736263,534.736594,2986,559444,3600.000000,17,27,0,GUROBI,1
