instanceIndex,seedIndex,vpcGenerator,terms,lpBound,disjunctiveDualBound,lpBoundPostVpc,rootDualBound,dualBound,primalBound,vpcGenerationTime,rootDualBoundTime,bestSolutionTime,terminationTime,nodes,iterations,maxTime,actualTerms,numCuts,cutLimit,mipSolver,providePrimalBound,infeasibleTerms,feasibleToInfeasibleTerms,infeasibleToFeasibleTerms
0,0,New,64,7579621.830870,7579760.915995,7579664.032772,7580182.105147,7580531.112312,7580976.174558,40.314392,41.083387,115.088925,115.091053,11391,169762,3600.000000,64,3,64,GUROBI,1,14,0,0
1,0,New,64,7579621.830870,7579760.915995,7579664.032772,7580182.105147,7580531.112312,7580976.174558,39.644428,40.400717,114.375960,114.377903,11391,169762,3600.000000,64,4,64,GUROBI,1,14,0,0
10,0,New,64,7579621.857410,7579760.942535,7579621.857411,7580182.053945,7580552.419448,7581220.721303,23.991536,24.735176,82.671763,82.673536,11768,166817,3600.000000,64,2,64,GUROBI,1,14,0,0
2,0,New,64,7579621.834453,7579760.923808,7579659.475148,7580182.221571,7580492.961219,7581219.626137,75.224788,76.005338,103.295093,103.300973,7148,100724,3600.000000,64,6,64,GUROBI,1,14,0,0
3,0,New,64,7579621.834776,7579760.919901,7579664.036678,7580181.512915,7580430.725743,7580951.875078,39.591638,40.302297,47.760789,47.761021,1312,15716,3600.000000,64,3,64,GUROBI,1,14,0,0
4,0,New,64,7579621.830870,7579760.915995,7579664.032772,7580182.105147,7580549.622698,7580829.653143,38.669843,39.431163,104.392498,104.395030,11692,173017,3600.000000,64,3,64,GUROBI,1,14,0,0
5,0,New,64,7579621.844207,7579690.851327,7579621.844207,7580211.637030,7580528.639712,7580999.115560,35.212081,35.926243,62.404282,62.404508,7165,103671,3600.000000,67,2,62,GUROBI,1,25,0,0
6,0,New,64,7579621.826964,7579760.912089,7579621.826964,7580184.471563,7580498.793347,7581135.291848,42.933971,43.670670,56.498474,56.498704,3259,38722,3600.000000,64,5,64,GUROBI,1,14,0,0
7,0,New,64,7579621.823058,7579782.472042,7579724.404014,7580226.694454,7580443.794397,7581201.450476,165.652364,166.533888,183.521321,183.666269,3703,62225,3600.000000,64,32,63,GUROBI,1,19,0,0
