instanceIndex,seedIndex,vpcGenerator,terms,lpBound,disjunctiveDualBound,lpBoundPostVpc,rootDualBound,dualBound,primalBound,vpcGenerationTime,rootDualBoundTime,bestSolutionTime,terminationTime,nodes,iterations,maxTime,actualTerms,numCuts,cutLimit,mipSolver,providePrimalBound,infeasibleTerms,feasibleToInfeasibleTerms,infeasibleToFeasibleTerms
0,0,New,16,575.020000,675.680000,647.571943,1597.015972,1652.838495,1653.000000,4.578259,5.179078,18.516282,40.112217,3224,236622,3600.000000,16,43,43,GUROBI,1,0,0,0
1,0,Farkas,16,575.020000,675.680000,647.571943,1598.794273,1652.839112,1653.000000,0.101246,0.681892,61.916886,61.917004,6421,477204,3600.000000,16,43,0,GUROBI,1,0,0,0
4,0,Farkas,16,575.020000,675.680000,647.571943,1587.351064,1630.848484,1631.000000,0.099712,0.672619,62.318321,63.985852,5693,384928,3600.000000,16,43,0,GUROBI,1,0,0,0
6,0,Farkas,16,575.020000,675.680000,647.571943,1596.118948,1652.991902,1653.000000,0.099455,0.740729,140.123448,140.206452,13308,836156,3600.000000,16,43,0,GUROBI,1,0,0,0
