instanceIndex,seedIndex,vpcGenerator,terms,lpBound,disjunctiveDualBound,lpBoundPostVpc,rootDualBound,dualBound,primalBound,vpcGenerationTime,rootDualBoundTime,bestSolutionTime,terminationTime,nodes,iterations,maxTime,actualTerms,numCuts,cutLimit,mipSolver,providePrimalBound,infeasibleTerms,feasibleToInfeasibleTerms,infeasibleToFeasibleTerms
0,0,New,16,575.020000,675.680000,647.571943,1601.800977,1652.838754,1653.000000,4.409849,4.989797,39.054284,39.054420,3337,204806,3600.000000,16,43,43,GUROBI,1,0,0,0
1,0,Old,16,552.770290,572.560144,571.562015,1508.391960,1608.346041,1608.500000,1.156090,1.733618,1475.116706,1475.116887,115898,9258181,3600.000000,16,47,0,GUROBI,1,0,0,0
10,0,Old,16,535.480667,569.049374,568.675000,1555.355560,1650.501919,1650.666667,0.880046,1.508833,1870.268407,3041.143651,190130,14854060,3600.000000,16,45,0,GUROBI,1,0,0,0
2,0,Old,16,529.209621,532.992980,532.992980,1524.799242,1606.861757,1617.333333,1.065970,1.717006,2766.098153,3601.077644,250611,16895621,3600.000000,16,11,0,GUROBI,1,0,0,0
3,0,Old,16,534.892007,599.394334,596.737352,1527.105388,1626.339129,1636.000000,1.903476,2.685234,2703.398838,3601.905234,237529,15229023,3600.000000,16,46,0,GUROBI,1,0,0,0
4,0,Old,16,552.490147,626.817340,603.309188,1569.686754,1663.338408,1663.500000,2.538470,3.375301,567.657901,567.658085,40266,2803919,3600.000000,16,47,0,GUROBI,1,0,0,0
7,0,Old,16,563.212691,569.933221,569.933221,1542.406624,1630.544139,1646.500000,1.050842,1.658352,2470.462367,3601.052776,272205,19129125,3600.000000,16,43,0,GUROBI,1,0,0,0
8,0,Old,16,572.206919,598.183687,596.887665,1588.713188,1677.832649,1678.000000,1.415668,2.107350,1612.471659,1612.471834,119617,8085901,3600.000000,16,46,0,GUROBI,1,0,0,0
