instanceIndex,seedIndex,vpcGenerator,terms,lpBound,disjunctiveDualBound,lpBoundPostVpc,rootDualBound,dualBound,primalBound,vpcGenerationTime,rootDualBoundTime,bestSolutionTime,terminationTime,nodes,iterations,maxTime,actualTerms,numCuts,cutLimit,mipSolver,providePrimalBound,infeasibleTerms,feasibleToInfeasibleTerms,infeasibleToFeasibleTerms
0,0,New,4,25302.209524,25611.359565,25498.481331,129036.329550,130582.941053,130596.000000,0.401446,1.569674,415.345208,476.880034,122092,1685957,3600.000000,4,2,321,GUROBI,1,0,0,0
10,0,Old,4,40676.047727,40677.933354,40677.933354,117833.635817,120986.191431,120998.250000,0.357484,0.746815,69.843650,69.843948,18330,248675,3600.000000,4,6,0,GUROBI,1,0,0,0
4,0,Old,4,34485.245042,34597.206764,34597.206764,123500.737290,124655.292985,124667.750000,0.317086,1.033235,42.353629,42.353887,8706,111548,3600.000000,4,2,0,GUROBI,1,0,0,0
5,0,Old,4,27636.157699,27636.572613,27636.570814,125676.991856,126831.816928,126844.500000,0.373776,1.712084,297.447989,320.965433,38538,800134,3600.000000,4,14,0,GUROBI,1,0,0,0
6,0,Old,4,25651.435947,25969.675997,25969.675997,129067.248249,130165.999677,130179.000000,0.294551,1.439476,223.878370,266.285870,59695,909052,3600.000000,4,3,0,GUROBI,1,0,0,0
7,0,Old,4,28153.337530,28265.958889,28265.958889,126437.458622,127818.719726,127831.500000,0.305856,1.010858,249.927108,252.024254,51350,849060,3600.000000,4,2,0,GUROBI,1,0,0,0
8,0,Old,4,26468.811417,26748.857888,26748.857888,126632.503557,127828.726567,127841.500000,0.309006,1.354731,262.163853,267.625726,60647,893391,3600.000000,4,2,0,GUROBI,1,0,0,0
9,0,Old,4,26849.947294,26962.568653,26962.568653,125183.473767,126113.674721,126121.333333,0.306454,1.049414,52.878256,52.879918,9575,202554,3600.000000,4,1,0,GUROBI,1,0,0,0
