lpBound,disjunctiveDualBound,lpBoundPostVpc,rootDualBound,dualBound,heuristicPrimalBound,primalBound,vpcGenerationTime,heuristicTime,rootDualBoundTime,firstSolutionTime,bestSolutionTime,terminationTime,maxTime,vpcGenerator,terms,iterations,nodes
10482.795280,10573.334266,10550.536062,10550.536062,10952.971337,12912.475382,12912.475382,1.883738,2.935986,2.976682,2.936004,2.986643,302.662065,300.000000,New,4,231173,36222
9585.022018,9624.956374,9620.906772,9620.906772,9991.643625,12310.441563,11170.000200,1.952389,2.338969,2.379108,2.338974,279.556977,303.666149,300.000000,New,4,220651,35735
0.000221,0.000221,0.000221,0.000000,0.000230,0.000230,0.000230,1.743478,1.772700,0.000000,1.772704,1.772699,1.776109,300.000000,New,4,0,0
0.000232,0.000233,0.000234,0.000000,0.000240,0.000240,0.000240,2.086862,2.415129,0.000000,2.415146,2.415146,2.418521,300.000000,New,4,0,0
10483.513741,10576.921629,10564.687429,10564.687429,10980.065262,12916.099984,12753.694361,1.978268,2.967383,3.014673,2.967399,297.685725,303.272901,300.000000,New,4,236042,37553
10589.299920,10637.319069,10625.951857,10625.951857,10975.041368,12434.177453,12434.177453,1.975409,3.906062,3.944200,3.906067,3.955637,303.317567,300.000000,New,4,235485,39454
