instanceIndex,lpBound,disjunctiveDualBound,lpBoundPostVpc,rootDualBound,dualBound,heuristicPrimalBound,primalBound,vpcGenerationTime,heuristicTime,rootDualBoundTime,firstSolutionTime,bestSolutionTime,terminationTime,maxTime,vpcGenerator,terms,iterations,nodes,actualTerms
0,10482.795280,10482.795280,10482.795280,10482.795280,11075.587662,12912.475382,11801.185729,0.015334,1.059210,1.076580,1.059218,784.048188,1218.182236,1200.000000,None,4,1473174,230134,0
1,10482.845029,10482.845029,10482.845029,10482.845029,11075.715389,12912.475382,11801.185729,0.012639,1.001883,1.019038,1.001893,777.830448,1202.438454,1200.000000,None,4,1480418,232802,0
2,5471.121090,5471.121090,5471.121090,5472.511484,6088.327607,7723.099994,6855.263061,0.013588,0.879272,0.905501,0.879283,284.290683,1202.442749,1200.000000,None,4,1538765,230627,0
3,10482.656375,10482.656375,10482.656375,10482.656375,11078.703847,12912.475382,11801.185729,0.011178,1.010492,1.027684,1.010504,739.165251,1202.556156,1200.000000,None,4,1520938,238912,0
4,15517.164770,15517.164770,15517.164770,15517.164770,16125.143595,17500.099974,16912.694351,0.016276,1.418012,1.434405,1.418022,701.672731,1202.787880,1200.000000,None,4,1631804,254857,0
