lpBound,disjunctiveDualBound,lpBoundPostVpc,rootDualBound,dualBound,heuristicPrimalBound,primalBound,vpcGenerationTime,heuristicTime,rootDualBoundTime,firstSolutionTime,bestSolutionTime,terminationTime,maxTime,vpcGenerator,terms,iterations,nodes,actualTerms
8877.000000,9106.523810,9098.791492,9962.000000,11031.904762,17928.000000,14394.000000,22.901068,24.766325,25.072074,24.766237,297.921089,300.381310,300.000000,New,16,179561,17168,156
8877.000000,9105.809524,9094.626600,9962.000000,11127.785472,20236.000000,14494.000000,16.903794,18.126484,18.420381,18.126486,50.118909,300.408375,300.000000,New,16,181945,18846,109
9146.142857,9432.571429,9399.352000,9399.352000,9981.000000,10397.000000,9981.000000,12.254382,12.764511,12.839381,12.764525,13.229808,13.902465,300.000000,New,16,1125,64,128
10418.142857,10665.000000,10625.660714,11152.000000,12796.107143,100000000000000007629769841091887003294964970946560.000000,18463.000000,12.350753,13.200917,13.362059,14.652009,133.113966,300.428514,300.000000,New,16,268183,22866,96
