instanceIndex,lpBound,disjunctiveDualBound,lpBoundPostVpc,rootDualBound,dualBound,heuristicPrimalBound,primalBound,vpcGenerationTime,heuristicTime,rootDualBoundTime,firstSolutionTime,bestSolutionTime,terminationTime,maxTime,vpcGenerator,terms,iterations,nodes,actualTerms
0,100.878750,103.667000,102.723256,112.026540,117.447192,122.000000,119.000000,13.958819,14.411633,16.677203,14.411646,370.442251,1200.841607,1200.000000,New,16,630598,53947,19
1,101.046250,103.867500,102.844647,111.269893,116.983332,128.000000,119.000000,0.464528,1.353832,3.709216,1.353845,173.395789,1200.833427,1200.000000,Farkas,16,625653,62186,19
2,101.680200,104.563000,103.102105,113.924553,119.790634,132.000000,121.000000,0.477270,0.955751,3.609809,0.955760,14.371865,1056.411952,1200.000000,Farkas,16,597773,48469,19
3,102.425000,104.455000,103.509069,110.846179,117.498329,127.000000,122.000000,0.531822,0.985556,3.411246,0.985570,1097.658989,1200.951051,1200.000000,Farkas,16,581405,58733,19
4,101.207083,103.900000,102.721248,112.859303,118.515461,125.000000,120.000000,0.510066,1.039737,3.471846,1.039752,921.254625,1200.816475,1200.000000,Farkas,16,600777,62672,19
5,99.725938,102.328438,100.800667,111.319657,116.229755,124.000000,119.000000,0.509548,1.049556,3.548407,1.049564,3.911361,1200.852828,1200.000000,Farkas,16,551562,59812,19
