instanceIndex,lpBound,disjunctiveDualBound,lpBoundPostVpc,rootDualBound,dualBound,heuristicPrimalBound,primalBound,vpcGenerationTime,heuristicTime,rootDualBoundTime,firstSolutionTime,bestSolutionTime,terminationTime,maxTime,vpcGenerator,terms,iterations,nodes,actualTerms
0,94.216250,95.675000,94.644072,102.740343,105.931227,115.000000,107.000000,2.026606,2.507391,3.675229,2.507267,378.564661,711.668371,1200.000000,New,4,401103,39789,4
1,94.216250,95.675000,94.644072,102.919419,105.974341,115.000000,107.000000,0.665037,1.122814,3.298262,1.122823,556.875680,556.942018,1200.000000,Old,4,285972,29009,4
2,94.216250,95.675000,94.644072,102.076842,104.967943,114.000000,108.000000,0.696966,1.216672,2.835414,1.216684,705.860515,1213.928719,1200.000000,Old,4,569063,71908,4
3,94.216250,95.675000,94.644073,101.320513,104.414141,112.000000,108.000000,0.669389,1.700890,3.331527,1.700904,700.346955,1209.705617,1200.000000,Old,4,618130,74298,4
4,95.603788,96.670313,96.091536,104.281579,106.921628,112.000000,108.000000,0.651071,1.875659,3.870464,1.875661,8.054877,364.474071,1200.000000,Old,4,226742,20028,4
5,94.216250,95.675000,94.644072,103.156337,105.930113,115.000000,107.000000,0.654112,1.157907,2.987203,1.157918,194.403424,395.419483,1200.000000,Old,4,228686,23631,4
6,93.250000,94.758750,93.771554,100.725980,104.438444,110.000000,107.000000,0.621588,1.142538,3.131608,1.142542,137.777170,1213.630541,1200.000000,Old,4,637542,74279,4
7,94.780000,96.238750,95.209075,102.635604,105.776130,117.000000,109.000000,0.713499,2.037189,3.632775,2.037200,553.801411,1214.434234,1200.000000,Old,4,582353,75636,4
