lpBound,disjunctiveDualBound,lpBoundPostVpc,rootDualBound,dualBound,heuristicPrimalBound,primalBound,vpcGenerationTime,heuristicTime,rootDualBoundTime,firstSolutionTime,bestSolutionTime,terminationTime,maxTime,vpcGenerator,terms,iterations,nodes
8877.000000,10186.285714,10168.357465,10353.827675,10680.122933,17928.000000,14787.000000,99.286865,101.213653,106.206320,101.213646,221.740988,300.366457,300.000000,New,64,115915,12437
0.000000,8910.571429,10168.357465,10214.499951,10992.107143,16369.000000,14410.000000,9.941514,11.485466,14.989975,11.485476,15.137737,300.573860,300.000000,Farkas,64,186334,18024
