instanceIndex,lpBound,disjunctiveDualBound,lpBoundPostVpc,rootDualBound,dualBound,heuristicPrimalBound,primalBound,vpcGenerationTime,heuristicTime,rootDualBoundTime,firstSolutionTime,bestSolutionTime,terminationTime,maxTime,vpcGenerator,terms,iterations,nodes,actualTerms
0,94.216250,96.892500,94.644072,102.880279,105.963732,115.000000,107.000000,6.227256,6.707949,8.137716,6.707952,21.251130,583.016316,1200.000000,New,16,309548,33006,16
1,93.753750,96.112500,94.181572,101.056530,103.961352,114.000000,105.000000,7.174230,7.661257,9.636505,7.661266,1194.075474,1194.180067,1200.000000,New,16,642360,81012,16
2,93.742500,95.910000,94.235950,102.491645,105.930630,111.000000,107.000000,6.134742,6.656655,8.658750,6.656669,552.734372,859.081899,1200.000000,New,16,460200,47309,16
3,94.091250,96.485000,94.518412,103.126986,106.160230,111.000000,107.000000,6.198299,6.890831,8.711053,6.890843,150.485422,718.424260,1200.000000,New,16,404523,41227,16
4,94.216250,96.781250,94.644073,103.403361,105.932395,114.000000,107.000000,6.486684,7.065234,8.005915,7.065245,253.818362,372.686136,1200.000000,New,16,201824,23989,16
5,93.841250,96.287917,94.824125,101.073433,104.942169,115.000000,106.000000,6.868664,7.370867,9.363571,7.370881,9.923099,714.815756,1200.000000,New,16,361966,39921,16
6,94.216250,96.580000,94.707163,101.341885,105.215811,110.000000,107.000000,6.040799,6.531333,8.104160,6.531344,208.381991,1200.937534,1200.000000,New,16,649858,79357,17
7,93.128750,95.480000,93.555913,101.076526,103.524725,111.000000,104.000000,6.734077,7.243844,9.412268,7.243858,235.494814,402.144743,1200.000000,New,16,241878,21007,17
